{"type":"FeatureCollection","crs":{"type":"name","properties":{"name":"EPSG:4326"}},"features":[{"type":"Feature","id":367345,"geometry":{"type":"Polygon","coordinates":[[[11.63709,55.43518],[11.60364,55.42795],[11.58468,55.422],[11.58117,55.42103],[11.58101,55.42124],[11.5839,55.42198],[11.59929,55.42696],[11.60473,55.42846],[11.62895,55.43365],[11.62988,55.43386],[11.63003,55.43403],[11.63414,55.43491],[11.63504,55.43494],[11.65001,55.43817],[11.65016,55.43796],[11.63977,55.43576],[11.63709,55.43518]]]},"properties":{"STRKAFS":16074,"NAVN":"Fjenneslev - Sorø","HOVER_NAME":"Fjenneslev - Sorø","TIB":"1","BANENR":"13","FRA_KM":72.792,"TIL_KM":77.555,"FORKORTELSE":"Fj-So","BANENR_NAVN":"(Ringsted) - (Korsør)","HVDSTRK_NAVN":"København H - Nyborg","DELSTRK_NAVN":"Ringsted - Nyborg","BTRTYPETEKST":"Fri Bane","BANEKLASSETEKST":"Hovedbane"}},{"type":"Feature","id":367346,"geometry":{"type":"Polygon","coordinates":[[[11.5687,55.4187],[11.56868,55.41857],[11.56749,55.41867],[11.56204,55.41802],[11.55822,55.41777],[11.55631,55.4177],[11.551,55.41797],[11.55104,55.41819],[11.55767,55.41806],[11.5612,55.41827],[11.56772,55.41902],[11.56994,55.41947],[11.57818,55.42065],[11.58101,55.42124],[11.58117,55.42103],[11.57636,55.42008],[11.57544,55.41986],[11.57548,55.41968],[11.57288,55.4193],[11.5687,55.4187]]]},"properties":{"STRKAFS":16079,"NAVN":"Sorø","HOVER_NAME":"Sorø","TIB":"1","BANENR":"13","FRA_KM":77.555,"TIL_KM":79.50500000000001,"FORKORTELSE":"So","BANENR_NAVN":"(Ringsted) - (Korsør)","HVDSTRK_NAVN":"København H - Nyborg","DELSTRK_NAVN":"Ringsted - Nyborg","BTRTYPETEKST":"Station","BANEKLASSETEKST":"Hovedbane"}},{"type":"Feature","id":367347,"geometry":{"type":"Polygon","coordinates":[[[11.55052,55.41825],[11.55104,55.41819],[11.551,55.41797],[11.54646,55.41828],[11.54137,55.41834],[11.5373,55.4181],[11.53139,55.41738],[11.52826,55.41675],[11.52399,55.41552],[11.51975,55.41409],[11.51253,55.41089],[11.50808,55.40942],[11.50416,55.40851],[11.49661,55.40739],[11.48134,55.40678],[11.47446,55.40666],[11.42082,55.40999],[11.41881,55.41038],[11.37913,55.41468],[11.37514,55.41471],[11.3725,55.41451],[11.36778,55.41357],[11.36435,55.41233],[11.36397,55.41269],[11.36713,55.41382],[11.37117,55.41476],[11.37491,55.41501],[11.38029,55.41494],[11.38364,55.41458],[11.38388,55.41437],[11.41061,55.41144],[11.41524,55.41107],[11.41848,55.41059],[11.42189,55.4104],[11.42417,55.40998],[11.47159,55.40709],[11.47894,55.40695],[11.48761,55.40721],[11.49448,55.40745],[11.49827,55.4078],[11.50168,55.40827],[11.50614,55.40919],[11.5122,55.41107],[11.5222,55.41539],[11.52536,55.41638],[11.53051,55.41745],[11.5362,55.41829],[11.53793,55.4184],[11.54457,55.41852],[11.54987,55.41828],[11.55052,55.41825]]]},"properties":{"STRKAFS":16080,"NAVN":"Sorø - Slagelse","HOVER_NAME":"Sorø - Slagelse","TIB":"1","BANENR":"13","FRA_KM":79.50500000000001,"TIL_KM":91.77,"FORKORTELSE":"So-Sg","BANENR_NAVN":"(Ringsted) - (Korsør)","HVDSTRK_NAVN":"København H - Nyborg","DELSTRK_NAVN":"Ringsted - Nyborg","BTRTYPETEKST":"Fri Bane","BANEKLASSETEKST":"Hovedbane"}},{"type":"Feature","id":367348,"geometry":{"type":"Polygon","coordinates":[[[11.35503,55.40825],[11.35074,55.40734],[11.35032,55.40702],[11.34569,55.40687],[11.34427,55.40688],[11.34353,55.40716],[11.34042,55.40704],[11.33774,55.40677],[11.33493,55.40592],[11.33477,55.40603],[11.3374,55.40702],[11.3291,55.40669],[11.32906,55.40694],[11.33482,55.40735],[11.33488,55.40745],[11.33405,55.40762],[11.33425,55.40787],[11.33558,55.40762],[11.33601,55.40771],[11.34023,55.40736],[11.34053,55.40748],[11.3406,55.40771],[11.34125,55.40776],[11.34543,55.40774],[11.34962,55.40794],[11.34962,55.40832],[11.35284,55.40843],[11.35303,55.40825],[11.35567,55.4089],[11.35827,55.40986],[11.36397,55.41269],[11.36435,55.41233],[11.35883,55.4095],[11.35531,55.40831],[11.35503,55.40825]]]},"properties":{"STRKAFS":16093,"NAVN":"Slagelse","HOVER_NAME":"Slagelse","TIB":"1,615","BANENR":"13","FRA_KM":91.77,"TIL_KM":94.16900000000001,"FORKORTELSE":"Sg","BANENR_NAVN":"(Ringsted) - (Korsør)","HVDSTRK_NAVN":"København H - Nyborg","DELSTRK_NAVN":"Ringsted - Nyborg","BTRTYPETEKST":"Station","BANEKLASSETEKST":"Hovedbane"}},{"type":"Feature","id":367349,"geometry":{"type":"Polygon","coordinates":[[[12.56834,55.66931],[12.56719,55.6691],[12.5685,55.66809],[12.56498,55.66636],[12.56393,55.66608],[12.55949,55.66398],[12.55722,55.66339],[12.55501,55.66303],[12.55156,55.66253],[12.54809,55.66223],[12.54417,55.6615],[12.54254,55.66079],[12.54148,55.65987],[12.54101,55.65919],[12.54056,55.65928],[12.54182,55.66083],[12.54328,55.66163],[12.54472,55.66203],[12.54838,55.6625],[12.54681,55.66237],[12.54678,55.66252],[12.54977,55.66292],[12.54966,55.66304],[12.54682,55.66261],[12.54465,55.66249],[12.54252,55.6626],[12.53951,55.66307],[12.54245,55.66269],[12.54451,55.66265],[12.54949,55.66352],[12.55836,55.66449],[12.55986,55.665],[12.56425,55.66719],[12.56505,55.66773],[12.56573,55.66847],[12.56615,55.66926],[12.56618,55.6705],[12.56576,55.67135],[12.56473,55.67239],[12.56617,55.67288],[12.56869,55.67075],[12.56834,55.66931]],[[12.55185,55.66309],[12.54831,55.6624],[12.55362,55.66322],[12.55737,55.6636],[12.55725,55.66376],[12.5523,55.6632],[12.55185,55.66309]]]},"properties":{"STRKAFS":11000,"NAVN":"København H","HOVER_NAME":"København H","TIB":"1,6,10,11","BANENR":"11a","FRA_KM":0,"TIL_KM":1.7630000000000001,"FORKORTELSE":"Kh","BANENR_NAVN":"København H - (Høje Taastrup)","HVDSTRK_NAVN":"København H - Nyborg","DELSTRK_NAVN":"København H","BTRTYPETEKST":"Station","BANEKLASSETEKST":"Hovedbane"}},{"type":"Feature","id":367350,"geometry":{"type":"Polygon","coordinates":[[[12.54451,55.66265],[12.54245,55.66269],[12.53949,55.66304],[12.54252,55.66261],[12.54465,55.66249],[12.54682,55.66261],[12.54966,55.66304],[12.54977,55.66292],[12.54621,55.66246],[12.54261,55.66234],[12.53899,55.66289],[12.53577,55.66315],[12.51572,55.66342],[12.50065,55.66391],[12.4778,55.66413],[12.47782,55.66437],[12.50577,55.66395],[12.51257,55.6637],[12.53108,55.66353],[12.53775,55.66329],[12.54361,55.66268],[12.54523,55.66277],[12.54831,55.66329],[12.54545,55.66275],[12.54451,55.66265]]]},"properties":{"STRKAFS":12002,"NAVN":"København H - Hvidovre Fjern","HOVER_NAME":"København H - Hvidovre Fjern","TIB":"1","BANENR":"11a","FRA_KM":1.7630000000000001,"TIL_KM":6.23,"FORKORTELSE":"Kh-Hif","BANENR_NAVN":"København H - (Høje Taastrup)","HVDSTRK_NAVN":"København H - Nyborg","DELSTRK_NAVN":"København H - Roskilde","BTRTYPETEKST":"Fri Bane","BANEKLASSETEKST":"Hovedbane"}},{"type":"Feature","id":367351,"geometry":{"type":"Polygon","coordinates":[[[12.515,55.66368],[12.51504,55.66344],[12.51009,55.66356],[12.51013,55.66378],[12.51499,55.6637],[12.515,55.66368]]]},"properties":{"STRKAFS":12003,"NAVN":"Valby","HOVER_NAME":"Valby","TIB":"1","BANENR":"11a","FRA_KM":3.8840000000000003,"TIL_KM":4.195,"FORKORTELSE":"Val","BANENR_NAVN":"København H - (Høje Taastrup)","HVDSTRK_NAVN":"København H - Nyborg","DELSTRK_NAVN":"København H - Roskilde","BTRTYPETEKST":"Trinbræt","BANEKLASSETEKST":"Hovedbane"}},{"type":"Feature","id":367352,"geometry":{"type":"Polygon","coordinates":[[[12.4778,55.66409],[12.47778,55.66384],[12.46546,55.66443],[12.4438,55.6646],[12.44379,55.66484],[12.47782,55.66437],[12.4778,55.66413],[12.4778,55.66409]]]},"properties":{"STRKAFS":12007,"NAVN":"Hvidovre Fjern","HOVER_NAME":"Hvidovre Fjern","TIB":"1,11","BANENR":"11a","FRA_KM":6.23,"TIL_KM":8.370000000000001,"FORKORTELSE":"Hif","BANENR_NAVN":"København H - (Høje Taastrup)","HVDSTRK_NAVN":"København H - Nyborg","DELSTRK_NAVN":"København H - Roskilde","BTRTYPETEKST":"Teknisk Station","BANEKLASSETEKST":"Hovedbane"}},{"type":"Feature","id":367353,"geometry":{"type":"Polygon","coordinates":[[[12.44379,55.66484],[12.4438,55.6646],[12.44038,55.66456],[12.43677,55.66486],[12.4224,55.66502],[12.42225,55.66491],[12.41994,55.66495],[12.41537,55.66468],[12.40871,55.66408],[12.41706,55.66493],[12.42175,55.66515],[12.4438,55.66488],[12.44379,55.66484]]]},"properties":{"STRKAFS":12010,"NAVN":"Hvidovre Fjern - Glostrup","HOVER_NAME":"Hvidovre Fjern - Glostrup","TIB":"1","BANENR":"11a","FRA_KM":8.370000000000001,"TIL_KM":10.594000000000001,"FORKORTELSE":"Hif-Gl","BANENR_NAVN":"København H - (Høje Taastrup)","HVDSTRK_NAVN":"København H - Nyborg","DELSTRK_NAVN":"København H - Roskilde","BTRTYPETEKST":"Fri Bane","BANEKLASSETEKST":"Hovedbane"}},{"type":"Feature","id":367354,"geometry":{"type":"Polygon","coordinates":[[[12.42038,55.66496],[12.4221,55.66434],[12.42254,55.66381],[12.42297,55.65937],[12.42275,55.65939],[12.42221,55.66125],[12.422,55.66371],[12.42184,55.66414],[12.42142,55.66449],[12.42016,55.66485],[12.41739,55.66472],[12.41801,55.66425],[12.41852,55.66291],[12.41908,55.65736],[12.41883,55.65735],[12.41806,55.66368],[12.41753,55.66424],[12.41707,55.66446],[12.41612,55.66461],[12.39729,55.66262],[12.3973,55.66246],[12.39699,55.66241],[12.39714,55.66203],[12.39415,55.66168],[12.3932,55.66141],[12.39144,55.66156],[12.38997,55.66145],[12.38989,55.66179],[12.37821,55.66034],[12.37754,55.66014],[12.37641,55.65933],[12.37477,55.65861],[12.37454,55.65878],[12.37586,55.65935],[12.37667,55.65992],[12.37351,55.65977],[12.37146,55.65926],[12.37084,55.65889],[12.3704,55.65813],[12.37064,55.65745],[12.3712,55.65692],[12.37179,55.65669],[12.3724,55.65652],[12.37348,55.65658],[12.37563,55.6574],[12.37582,55.65728],[12.37298,55.6562],[12.3749,55.65477],[12.37539,55.65413],[12.3775,55.65247],[12.37687,55.65228],[12.37537,55.65336],[12.37456,55.65468],[12.37245,55.65622],[12.37066,55.65712],[12.37035,55.65752],[12.37018,55.65822],[12.3706,55.65891],[12.37136,55.6594],[12.37313,55.65984],[12.3765,55.66011],[12.37651,55.66026],[12.37486,55.66044],[12.37402,55.66038],[12.35971,55.65876],[12.35666,55.65856],[12.36313,55.65924],[12.36376,55.65936],[12.36463,55.65985],[12.36477,55.66009],[12.36658,55.66024],[12.3667,55.66046],[12.36662,55.66126],[12.3662,55.66295],[12.36706,55.66303],[12.36772,55.66062],[12.36986,55.66077],[12.37003,55.66032],[12.37602,55.66078],[12.38103,55.66163],[12.38387,55.66145],[12.37508,55.66046],[12.37614,55.66034],[12.37854,55.66063],[12.37847,55.66074],[12.40176,55.66338],[12.41456,55.66462],[12.42038,55.66496],[12.42038,55.66496]]]},"properties":{"STRKAFS":12011,"NAVN":"Glostrup","HOVER_NAME":"Glostrup","TIB":"1","BANENR":"11a","FRA_KM":10.594000000000001,"TIL_KM":12.526,"FORKORTELSE":"Gl","BANENR_NAVN":"København H - (Høje Taastrup)","HVDSTRK_NAVN":"København H - Nyborg","DELSTRK_NAVN":"København H - Roskilde","BTRTYPETEKST":"Station","BANEKLASSETEKST":"Hovedbane"}},{"type":"Feature","id":367355,"geometry":{"type":"Polygon","coordinates":[[[12.30705,55.65255],[12.3037,55.65217],[12.30339,55.65238],[12.30252,55.65231],[12.28997,55.65107],[12.37847,55.66074],[12.37854,55.66063],[12.30782,55.65261],[12.30705,55.65255]]]},"properties":{"STRKAFS":12014,"NAVN":"Glostrup - Høje Taastrup","HOVER_NAME":"Glostrup - Høje Taastrup","TIB":"1","BANENR":"11a","FRA_KM":12.526,"TIL_KM":18.204,"FORKORTELSE":"Gl-Htå","BANENR_NAVN":"København H - (Høje Taastrup)","HVDSTRK_NAVN":"København H - Nyborg","DELSTRK_NAVN":"København H - Roskilde","BTRTYPETEKST":"Fri Bane","BANEKLASSETEKST":"Hovedbane"}},{"type":"Feature","id":367356,"geometry":{"type":"Polygon","coordinates":[[[12.29639,55.65101],[12.29103,55.65044],[12.29105,55.65075],[12.28433,55.65017],[12.28168,55.64977],[12.28119,55.64984],[12.27627,55.64929],[12.27175,55.64862],[12.25427,55.6468],[12.25283,55.64651],[12.25123,55.64559],[12.25086,55.64522],[12.25062,55.64464],[12.25062,55.64418],[12.25017,55.64419],[12.2495,55.64164],[12.249,55.63499],[12.24751,55.63464],[12.24672,55.63467],[12.24687,55.63745],[12.24739,55.64021],[12.24741,55.64485],[12.24787,55.64551],[12.24885,55.64615],[12.24667,55.64589],[12.24653,55.64629],[12.27032,55.64909],[12.27797,55.64973],[12.30339,55.65238],[12.30044,55.6519],[12.30033,55.65166],[12.2966,55.6513],[12.29639,55.65101]]]},"properties":{"STRKAFS":12019,"NAVN":"Høje Taastrup","HOVER_NAME":"Høje Taastrup","TIB":"1","BANENR":"11b","FRA_KM":18.204,"TIL_KM":20.987000000000002,"FORKORTELSE":"Htå","BANENR_NAVN":"Høje Taastrup - Roskilde","HVDSTRK_NAVN":"København H - Nyborg","DELSTRK_NAVN":"København H - Roskilde","BTRTYPETEKST":"Station","BANEKLASSETEKST":"Hovedbane"}},{"type":"Feature","id":367357,"geometry":{"type":"Polygon","coordinates":[[[12.18738,55.65022],[12.18881,55.65015],[12.19787,55.64899],[12.19866,55.64864],[12.20837,55.64711],[12.20855,55.64694],[12.21132,55.64646],[12.2184,55.64529],[12.22233,55.64483],[12.22583,55.64466],[12.23148,55.64487],[12.24653,55.64629],[12.24667,55.64589],[12.2328,55.64445],[12.22642,55.64428],[12.22299,55.64446],[12.21807,55.64496],[12.199,55.64805],[12.19813,55.64805],[12.19733,55.64784],[12.19694,55.64764],[12.19646,55.64705],[12.1964,55.64648],[12.19674,55.64611],[12.19837,55.64526],[12.20445,55.64413],[12.20438,55.64397],[12.19985,55.64474],[12.19777,55.64528],[12.19669,55.64584],[12.19618,55.64632],[12.19613,55.64701],[12.1967,55.64769],[12.19742,55.64801],[12.19734,55.64851],[12.18963,55.64971],[12.18551,55.65001],[12.18333,55.64997],[12.18324,55.65008],[12.17236,55.64969],[12.12063,55.64714],[12.1123,55.64621],[12.10994,55.64577],[12.10489,55.64437],[12.10448,55.64477],[12.11021,55.64624],[12.11393,55.64687],[12.11824,55.64733],[12.13554,55.64841],[12.14209,55.64849],[12.16793,55.64991],[12.18055,55.65042],[12.18606,55.6503],[12.18738,55.65022]]]},"properties":{"STRKAFS":12022,"NAVN":"Høje Taastrup - Roskilde","HOVER_NAME":"Høje Taastrup - Roskilde","TIB":"1","BANENR":"11b","FRA_KM":20.987000000000002,"TIL_KM":30.089000000000002,"FORKORTELSE":"Htå-Ro","BANENR_NAVN":"Høje Taastrup - Roskilde","HVDSTRK_NAVN":"København H - Nyborg","DELSTRK_NAVN":"København H - Roskilde","BTRTYPETEKST":"Fri Bane","BANEKLASSETEKST":"Hovedbane"}},{"type":"Feature","id":367358,"geometry":{"type":"Polygon","coordinates":[[[12.19654,55.64918],[12.19787,55.64899],[12.19866,55.64864],[12.19943,55.64852],[12.19925,55.64817],[12.19543,55.64884],[12.19561,55.6492],[12.19612,55.64924],[12.19654,55.64918]]]},"properties":{"STRKAFS":12025,"NAVN":"Hedehusene","HOVER_NAME":"Hedehusene","TIB":"1","BANENR":"11b","FRA_KM":24.032,"TIL_KM":24.29,"FORKORTELSE":"Hh","BANENR_NAVN":"Høje Taastrup - Roskilde","HVDSTRK_NAVN":"København H - Nyborg","DELSTRK_NAVN":"København H - Roskilde","BTRTYPETEKST":"Trinbræt","BANEKLASSETEKST":"Hovedbane"}},{"type":"Feature","id":367359,"geometry":{"type":"Polygon","coordinates":[[[12.13072,55.64762],[12.12954,55.64757],[12.12946,55.64797],[12.13343,55.64819],[12.13355,55.6477],[12.13214,55.64767],[12.13072,55.64762]]]},"properties":{"STRKAFS":12029,"NAVN":"Trekroner","HOVER_NAME":"Trekroner","TIB":"1","BANENR":"11b","FRA_KM":28.215,"TIL_KM":28.472,"FORKORTELSE":"Trk","BANENR_NAVN":"Høje Taastrup - Roskilde","HVDSTRK_NAVN":"København H - Nyborg","DELSTRK_NAVN":"København H - Roskilde","BTRTYPETEKST":"Trinbræt","BANEKLASSETEKST":"Hovedbane"}},{"type":"Feature","id":367360,"geometry":{"type":"Polygon","coordinates":[[[12.25076,55.63542],[12.249,55.63499],[12.2495,55.64164],[12.25017,55.64419],[12.25062,55.64418],[12.25119,55.64207],[12.2508,55.63586],[12.25076,55.63542]]]},"properties":{"STRKAFS":12519,"NAVN":"Høje Taastrup kombiterminal","HOVER_NAME":"Høje Taastrup kombiterminal","TIB":null,"BANENR":"11b","FRA_KM":20.92,"TIL_KM":22.005000000000003,"FORKORTELSE":"Htås","BANENR_NAVN":"Høje Taastrup - Roskilde","HVDSTRK_NAVN":"København H - Nyborg","DELSTRK_NAVN":"København H - Roskilde","BTRTYPETEKST":"Kombiterminal","BANEKLASSETEKST":"Hovedbane"}},{"type":"Feature","id":367361,"geometry":{"type":"Polygon","coordinates":[[[12.09285,55.63961],[12.09286,55.63911],[12.0904,55.63877],[12.08577,55.63716],[12.08241,55.63637],[12.08172,55.63598],[12.08192,55.63553],[12.08066,55.63497],[12.07976,55.63417],[12.07902,55.63431],[12.07665,55.6331],[12.07606,55.63338],[12.07307,55.63134],[12.07161,55.62973],[12.0708,55.62853],[12.06915,55.6292],[12.07138,55.63058],[12.07341,55.63211],[12.07749,55.63466],[12.0792,55.63553],[12.07898,55.63583],[12.07936,55.63624],[12.08018,55.63617],[12.08084,55.63635],[12.08344,55.63732],[12.08314,55.63759],[12.0851,55.63794],[12.08949,55.63952],[12.08998,55.63955],[12.09206,55.64024],[12.0933,55.64072],[12.09315,55.64086],[12.10114,55.64351],[12.10448,55.64477],[12.10489,55.64437],[12.10104,55.64318],[12.09312,55.64029],[12.09332,55.64009],[12.09285,55.63969],[12.09285,55.63961]]]},"properties":{"STRKAFS":13000,"NAVN":"Roskilde","HOVER_NAME":"Roskilde","TIB":"1,4,5","BANENR":"11b","FRA_KM":30.089000000000002,"TIL_KM":32.927,"FORKORTELSE":"Ro","BANENR_NAVN":"Høje Taastrup - Roskilde","HVDSTRK_NAVN":"København H - Nyborg","DELSTRK_NAVN":"Roskilde","BTRTYPETEKST":"Station","BANEKLASSETEKST":"Hovedbane"}},{"type":"Feature","id":367362,"geometry":{"type":"Polygon","coordinates":[[[12.03792,55.58348],[12.0374,55.58177],[12.0372,55.58179],[12.03689,55.58101],[12.03662,55.57942],[12.03615,55.57873],[12.03642,55.57867],[12.03594,55.57714],[12.03579,55.57533],[12.036,55.57532],[12.03601,55.57433],[12.03574,55.57434],[12.03582,55.57275],[12.03602,55.57272],[12.03598,55.56478],[12.0357,55.5648],[12.03539,55.56258],[12.03435,55.5594],[12.03274,55.55686],[12.03291,55.55677],[12.0325,55.55621],[12.03157,55.55641],[12.03186,55.55681],[12.03225,55.55682],[12.03389,55.55954],[12.03498,55.56273],[12.03531,55.56446],[12.03519,55.57118],[12.03532,55.57224],[12.03519,55.57314],[12.03536,55.57417],[12.03508,55.5746],[12.03515,55.57559],[12.03532,55.57591],[12.03532,55.57687],[12.03577,55.57868],[12.03577,55.57965],[12.0365,55.58185],[12.03641,55.5821],[12.03742,55.58439],[12.03734,55.58461],[12.03851,55.58784],[12.04006,55.59083],[12.04232,55.59734],[12.04567,55.60589],[12.0461,55.60746],[12.04802,55.61194],[12.04905,55.61371],[12.05027,55.61534],[12.05187,55.61707],[12.05348,55.61852],[12.05557,55.6201],[12.06925,55.62909],[12.06942,55.62907],[12.05725,55.62091],[12.0542,55.61861],[12.05093,55.61542],[12.04862,55.6121],[12.04836,55.61207],[12.04782,55.61107],[12.04685,55.6081],[12.04591,55.60605],[12.04449,55.60161],[12.04436,55.60074],[12.04098,55.59124],[12.04021,55.59027],[12.03936,55.5871],[12.03805,55.58434],[12.0379,55.58375],[12.03792,55.58348]]]},"properties":{"STRKAFS":14034,"NAVN":"Roskilde - Viby Sjælland","HOVER_NAME":"Roskilde - Viby Sjælland","TIB":"1","BANENR":"12","FRA_KM":32.927,"TIL_KM":41.592,"FORKORTELSE":"Ro-Vy","BANENR_NAVN":"(Roskilde) - Ringsted","HVDSTRK_NAVN":"København H - Nyborg","DELSTRK_NAVN":"Roskilde - Ringsted","BTRTYPETEKST":"Fri Bane","BANEKLASSETEKST":"Hovedbane"}},{"type":"Feature","id":367363,"geometry":{"type":"Polygon","coordinates":[[[12.02879,55.55249],[12.02838,55.55215],[12.02812,55.55222],[12.02491,55.5498],[12.02198,55.54806],[12.0222,55.54792],[12.02046,55.5468],[12.02011,55.54683],[12.01321,55.54249],[12.01282,55.54268],[12.01559,55.54459],[12.02527,55.55054],[12.02803,55.55246],[12.02956,55.55386],[12.0293,55.55395],[12.03157,55.55641],[12.0325,55.55621],[12.02975,55.5533],[12.02879,55.55249]]]},"properties":{"STRKAFS":14043,"NAVN":"Viby Sjælland","HOVER_NAME":"Viby Sjælland","TIB":"1","BANENR":"12","FRA_KM":41.592,"TIL_KM":43.547000000000004,"FORKORTELSE":"Vy","BANENR_NAVN":"(Roskilde) - Ringsted","HVDSTRK_NAVN":"København H - Nyborg","DELSTRK_NAVN":"Roskilde - Ringsted","BTRTYPETEKST":"Station","BANEKLASSETEKST":"Hovedbane"}},{"type":"Feature","id":367364,"geometry":{"type":"Polygon","coordinates":[[[12.00458,55.53685],[12.00427,55.53684],[12.00346,55.53633],[12.00361,55.53624],[11.99883,55.53319],[11.99374,55.53021],[11.98752,55.52623],[11.98774,55.52612],[11.98623,55.52515],[11.98606,55.52525],[11.98467,55.52442],[11.98064,55.52123],[11.9808,55.52106],[11.97852,55.51827],[11.97822,55.51825],[11.97693,55.51636],[11.97618,55.51481],[11.97524,55.5116],[11.97416,55.50465],[11.97443,55.50463],[11.97416,55.50302],[11.97412,55.50288],[11.97353,55.5029],[11.97481,55.51117],[11.97553,55.51425],[11.97655,55.51665],[11.97943,55.52059],[11.98037,55.52153],[11.98057,55.52156],[11.98292,55.52357],[11.98635,55.52588],[11.98965,55.52785],[12.0014,55.53554],[12.00378,55.5369],[12.01282,55.54268],[12.01321,55.54249],[12.008,55.53924],[12.00816,55.5391],[12.00629,55.53795],[12.00458,55.53685]]]},"properties":{"STRKAFS":14044,"NAVN":"Viby Sjælland - Borup","HOVER_NAME":"Viby Sjælland - Borup","TIB":"1","BANENR":"12","FRA_KM":43.547000000000004,"TIL_KM":48.802,"FORKORTELSE":"Vy-Bo","BANENR_NAVN":"(Roskilde) - Ringsted","HVDSTRK_NAVN":"København H - Nyborg","DELSTRK_NAVN":"Roskilde - Ringsted","BTRTYPETEKST":"Fri Bane","BANEKLASSETEKST":"Hovedbane"}},{"type":"Feature","id":367365,"geometry":{"type":"Polygon","coordinates":[[[11.97363,55.50289],[11.97412,55.50288],[11.97383,55.50105],[11.97275,55.49621],[11.97252,55.49436],[11.97232,55.49424],[11.97164,55.49184],[11.97153,55.49143],[11.97172,55.49137],[11.97157,55.49084],[11.96949,55.48739],[11.96903,55.48749],[11.97003,55.48898],[11.971,55.49145],[11.97092,55.49156],[11.97116,55.49256],[11.9723,55.49606],[11.97323,55.50182],[11.97353,55.5029],[11.97363,55.50289]]]},"properties":{"STRKAFS":14049,"NAVN":"Borup","HOVER_NAME":"Borup","TIB":"1","BANENR":"12","FRA_KM":48.802,"TIL_KM":50.550000000000004,"FORKORTELSE":"Bo","BANENR_NAVN":"(Roskilde) - Ringsted","HVDSTRK_NAVN":"København H - Nyborg","DELSTRK_NAVN":"Roskilde - Ringsted","BTRTYPETEKST":"Station","BANEKLASSETEKST":"Hovedbane"}},{"type":"Feature","id":367366,"geometry":{"type":"Polygon","coordinates":[[[11.91507,55.45594],[11.91292,55.45502],[11.91277,55.45513],[11.90922,55.45387],[11.909,55.45403],[11.91705,55.45728],[11.92112,55.45958],[11.92195,55.45987],[11.92581,55.4619],[11.96109,55.48067],[11.96285,55.48188],[11.96695,55.48519],[11.96903,55.48749],[11.96949,55.48739],[11.96766,55.48529],[11.96494,55.48277],[11.96176,55.48073],[11.92326,55.46016],[11.91678,55.4569],[11.91696,55.45679],[11.91507,55.45594]]]},"properties":{"STRKAFS":14052,"NAVN":"Borup - Kværkeby","HOVER_NAME":"Borup - Kværkeby","TIB":"1","BANENR":"12","FRA_KM":50.550000000000004,"TIL_KM":55.913000000000004,"FORKORTELSE":"Bo-Ky","BANENR_NAVN":"(Roskilde) - Ringsted","HVDSTRK_NAVN":"København H - Nyborg","DELSTRK_NAVN":"Roskilde - Ringsted","BTRTYPETEKST":"Fri Bane","BANEKLASSETEKST":"Hovedbane"}},{"type":"Feature","id":367367,"geometry":{"type":"Polygon","coordinates":[[[11.89504,55.45035],[11.88137,55.44836],[11.88129,55.44856],[11.89335,55.45029],[11.89919,55.45138],[11.903,55.4523],[11.909,55.45403],[11.90922,55.45387],[11.90244,55.45191],[11.89568,55.45046],[11.89504,55.45035]]]},"properties":{"STRKAFS":14057,"NAVN":"Kværkeby","HOVER_NAME":"Kværkeby","TIB":"1","BANENR":"12","FRA_KM":55.913000000000004,"TIL_KM":57.781000000000006,"FORKORTELSE":"Ky","BANENR_NAVN":"(Roskilde) - Ringsted","HVDSTRK_NAVN":"København H - Nyborg","DELSTRK_NAVN":"Roskilde - Ringsted","BTRTYPETEKST":"Teknisk Station","BANEKLASSETEKST":"Hovedbane"}},{"type":"Feature","id":367368,"geometry":{"type":"Polygon","coordinates":[[[11.85897,55.44507],[11.8267,55.44031],[11.82458,55.44001],[11.82451,55.44018],[11.84958,55.44384],[11.85129,55.44412],[11.85165,55.44433],[11.85652,55.44505],[11.85686,55.44492],[11.87738,55.44798],[11.88131,55.44853],[11.88137,55.44836],[11.8601,55.44523],[11.85897,55.44507]]]},"properties":{"STRKAFS":14058,"NAVN":"Kværkeby - Ringsted","HOVER_NAME":"Kværkeby - Ringsted","TIB":"1","BANENR":"12","FRA_KM":57.781000000000006,"TIL_KM":61.494,"FORKORTELSE":"Ky-Rg","BANENR_NAVN":"(Roskilde) - Ringsted","HVDSTRK_NAVN":"København H - Nyborg","DELSTRK_NAVN":"Roskilde - Ringsted","BTRTYPETEKST":"Fri Bane","BANEKLASSETEKST":"Hovedbane"}},{"type":"Feature","id":367369,"geometry":{"type":"Polygon","coordinates":[[[11.82566,55.43999],[11.82037,55.43943],[11.80853,55.43891],[11.81641,55.43813],[11.81855,55.43807],[11.82204,55.43842],[11.82367,55.43962],[11.82279,55.43875],[11.82212,55.43832],[11.82089,55.43799],[11.81711,55.43803],[11.81713,55.43775],[11.81364,55.43808],[11.81175,55.43848],[11.80882,55.4387],[11.79183,55.43794],[11.79183,55.43783],[11.79334,55.43761],[11.7955,55.43677],[11.79561,55.43685],[11.79931,55.43497],[11.79911,55.4348],[11.79475,55.4369],[11.79297,55.43746],[11.79197,55.43757],[11.78952,55.43733],[11.78957,55.43677],[11.78672,55.43672],[11.7843,55.43637],[11.78304,55.43687],[11.7795,55.43723],[11.77364,55.43687],[11.77131,55.43644],[11.76749,55.43518],[11.76402,55.43301],[11.76156,55.43059],[11.75922,55.42642],[11.7588,55.4265],[11.76186,55.43169],[11.76365,55.4334],[11.76495,55.43428],[11.76856,55.43594],[11.77239,55.43708],[11.77228,55.43727],[11.76562,55.43693],[11.76418,55.4369],[11.76415,55.43706],[11.77832,55.43802],[11.78133,55.43799],[11.7859,55.43843],[11.79249,55.43852],[11.80991,55.43929],[11.80988,55.43941],[11.81238,55.43953],[11.81941,55.43969],[11.82451,55.44018],[11.82458,55.44001],[11.82612,55.44023],[11.82619,55.44007],[11.82566,55.43999],[11.82566,55.43999]]]},"properties":{"STRKAFS":15000,"NAVN":"Ringsted","HOVER_NAME":"Ringsted","TIB":"1,2,6","BANENR":"12","FRA_KM":61.494,"TIL_KM":65.33200000000001,"FORKORTELSE":"Rg","BANENR_NAVN":"(Roskilde) - Ringsted","HVDSTRK_NAVN":"København H - Nyborg","DELSTRK_NAVN":"Ringsted","BTRTYPETEKST":"Station","BANEKLASSETEKST":"Hovedbane"}},{"type":"Feature","id":367370,"geometry":{"type":"Polygon","coordinates":[[[11.68912,55.44391],[11.69284,55.44339],[11.71232,55.43914],[11.71748,55.43842],[11.74613,55.43656],[11.75196,55.43651],[11.76027,55.43699],[11.76415,55.43706],[11.76418,55.4369],[11.75248,55.43633],[11.7481,55.4363],[11.71921,55.43807],[11.71171,55.43906],[11.6921,55.44329],[11.68815,55.44379],[11.68275,55.44399],[11.68274,55.44417],[11.6882,55.44401],[11.68912,55.44391]]]},"properties":{"STRKAFS":16066,"NAVN":"Ringsted - Fjenneslev","HOVER_NAME":"Ringsted - Fjenneslev","TIB":"1","BANENR":"13","FRA_KM":65.33200000000001,"TIL_KM":70.608,"FORKORTELSE":"Rg-Fj","BANENR_NAVN":"(Ringsted) - (Korsør)","HVDSTRK_NAVN":"København H - Nyborg","DELSTRK_NAVN":"Ringsted - Nyborg","BTRTYPETEKST":"Fri Bane","BANEKLASSETEKST":"Hovedbane"}},{"type":"Feature","id":367371,"geometry":{"type":"Polygon","coordinates":[[[11.66748,55.44168],[11.65016,55.43796],[11.65001,55.43817],[11.67499,55.44344],[11.67922,55.444],[11.68274,55.44417],[11.68275,55.44399],[11.67924,55.4438],[11.67504,55.44326],[11.66833,55.44185],[11.66748,55.44168]]]},"properties":{"STRKAFS":16071,"NAVN":"Fjenneslev","HOVER_NAME":"Fjenneslev","TIB":"1","BANENR":"13","FRA_KM":70.608,"TIL_KM":72.792,"FORKORTELSE":"Fj","BANENR_NAVN":"(Ringsted) - (Korsør)","HVDSTRK_NAVN":"København H - Nyborg","DELSTRK_NAVN":"Ringsted - Nyborg","BTRTYPETEKST":"Teknisk Station","BANEKLASSETEKST":"Hovedbane"}},{"type":"Feature","id":367372,"geometry":{"type":"Polygon","coordinates":[[[11.82434,55.19662],[11.83506,55.19303],[11.83451,55.19223],[11.83918,55.19147],[11.83706,55.18984],[11.83247,55.19081],[11.83135,55.18956],[11.82542,55.19219],[11.82153,55.19382],[11.82136,55.19369],[11.81633,55.1959],[11.81654,55.19606],[11.82021,55.19447],[11.8216,55.19601],[11.82356,55.19575],[11.82434,55.19662]]]},"properties":{"STRKAFS":24097,"NAVN":"Mogenstrup","HOVER_NAME":"Mogenstrup","TIB":"1002","BANENR":"21","FRA_KM":96,"TIL_KM":96.4,"FORKORTELSE":"Mog","BANENR_NAVN":"(Ringsted) - Nykøbing Falster","HVDSTRK_NAVN":"Vigerslev - Rødby Færge","DELSTRK_NAVN":"Næstved - Orehoved","BTRTYPETEKST":"Teknisk Station","BANEKLASSETEKST":"Regionalbane"}},{"type":"Feature","id":367373,"geometry":{"type":"Polygon","coordinates":[[[11.82781,55.1911],[11.83291,55.18885],[11.83713,55.18655],[11.83854,55.18525],[11.83829,55.18515],[11.8396,55.18402],[11.84048,55.18295],[11.84066,55.18297],[11.84158,55.18159],[11.84133,55.18152],[11.842,55.1804],[11.84232,55.18043],[11.84364,55.1784],[11.84432,55.1773],[11.84403,55.17723],[11.84424,55.17688],[11.85021,55.16768],[11.85047,55.16773],[11.85138,55.16631],[11.8511,55.16627],[11.85378,55.16209],[11.8542,55.16205],[11.85679,55.15765],[11.85753,55.15532],[11.85787,55.15343],[11.8576,55.15334],[11.85751,55.15043],[11.85785,55.15034],[11.85658,55.14498],[11.85632,55.145],[11.85622,55.14483],[11.85646,55.14426],[11.85573,55.14271],[11.8556,55.1415],[11.85524,55.14039],[11.85554,55.14036],[11.85475,55.13695],[11.85447,55.13697],[11.85391,55.13487],[11.85428,55.13481],[11.85383,55.13361],[11.8537,55.13203],[11.85428,55.12934],[11.85529,55.12706],[11.85886,55.1226],[11.85967,55.1218],[11.85995,55.12182],[11.86122,55.12035],[11.86064,55.12018],[11.85472,55.12687],[11.85369,55.12835],[11.85307,55.13045],[11.85297,55.132],[11.85327,55.13374],[11.85532,55.14226],[11.85568,55.14452],[11.85607,55.14548],[11.8572,55.1505],[11.85728,55.15198],[11.85711,55.1541],[11.8564,55.15688],[11.85529,55.15905],[11.85451,55.16002],[11.84866,55.16955],[11.8428,55.17834],[11.84039,55.18232],[11.83881,55.18426],[11.83615,55.18658],[11.83284,55.18861],[11.82136,55.19369],[11.82153,55.19382],[11.82685,55.19151],[11.82781,55.1911]]]},"properties":{"STRKAFS":24098,"NAVN":"Mogenstrup - Lundby","HOVER_NAME":"Mogenstrup - Lundby","TIB":"1002","BANENR":"21","FRA_KM":96.4,"TIL_KM":105.4,"FORKORTELSE":"Mog-Lu","BANENR_NAVN":"(Ringsted) - Nykøbing Falster","HVDSTRK_NAVN":"Vigerslev - Rødby Færge","DELSTRK_NAVN":"Næstved - Orehoved","BTRTYPETEKST":"Fri Bane","BANEKLASSETEKST":"Regionalbane"}},{"type":"Feature","id":367374,"geometry":{"type":"Polygon","coordinates":[[[11.86485,55.11586],[11.86548,55.11511],[11.86572,55.11519],[11.86637,55.11452],[11.86967,55.11072],[11.87174,55.10797],[11.87222,55.1078],[11.87249,55.10747],[11.8718,55.1073],[11.87056,55.1089],[11.86983,55.10953],[11.86925,55.10952],[11.86708,55.11214],[11.867,55.11287],[11.86064,55.12018],[11.86122,55.12035],[11.86099,55.12019],[11.86469,55.11615],[11.86485,55.11586]]]},"properties":{"STRKAFS":24109,"NAVN":"Lundby","HOVER_NAME":"Lundby","TIB":"1002","BANENR":"21","FRA_KM":105.4,"TIL_KM":107,"FORKORTELSE":"Lu","BANENR_NAVN":"(Ringsted) - Nykøbing Falster","HVDSTRK_NAVN":"Vigerslev - Rødby Færge","DELSTRK_NAVN":"Næstved - Orehoved","BTRTYPETEKST":"Station","BANEKLASSETEKST":"Regionalbane"}},{"type":"Feature","id":367375,"geometry":{"type":"Polygon","coordinates":[[[11.87617,55.09211],[11.87603,55.09101],[11.8758,55.09108],[11.87549,55.0886],[11.87563,55.08795],[11.87537,55.0872],[11.8748,55.08159],[11.87505,55.08155],[11.87493,55.07989],[11.87463,55.07984],[11.87451,55.07826],[11.87451,55.07801],[11.87474,55.07802],[11.87471,55.07747],[11.87461,55.0769],[11.87435,55.07691],[11.87412,55.07431],[11.87439,55.07424],[11.87435,55.07373],[11.87424,55.07265],[11.87394,55.07257],[11.87366,55.06961],[11.87373,55.06903],[11.87274,55.06002],[11.87261,55.0575],[11.87266,55.05692],[11.87291,55.05691],[11.87325,55.05426],[11.87296,55.05424],[11.87314,55.05374],[11.87352,55.05345],[11.87336,55.05311],[11.87351,55.05246],[11.87496,55.04917],[11.87534,55.04854],[11.87566,55.04858],[11.87787,55.04552],[11.87771,55.0453],[11.87975,55.04319],[11.88032,55.04268],[11.88057,55.04276],[11.88245,55.04111],[11.88309,55.04053],[11.88299,55.0403],[11.88346,55.03983],[11.88552,55.038],[11.88585,55.03804],[11.88723,55.03677],[11.88717,55.03654],[11.88823,55.03561],[11.88838,55.03565],[11.89028,55.03395],[11.89014,55.03391],[11.89045,55.03362],[11.89607,55.02866],[11.89575,55.02854],[11.87843,55.04402],[11.87611,55.04683],[11.8752,55.04821],[11.87433,55.04963],[11.87295,55.05297],[11.87263,55.05342],[11.87275,55.05356],[11.87216,55.05803],[11.87242,55.06133],[11.87214,55.06149],[11.8727,55.06594],[11.87263,55.06627],[11.87278,55.06656],[11.87299,55.06656],[11.87307,55.06745],[11.87272,55.06746],[11.87293,55.06907],[11.87327,55.06912],[11.87334,55.06958],[11.87414,55.079],[11.87435,55.07975],[11.87451,55.08334],[11.87494,55.08624],[11.87487,55.08705],[11.87501,55.08704],[11.87526,55.08867],[11.87589,55.09664],[11.87556,55.09958],[11.87449,55.10295],[11.87331,55.10513],[11.8718,55.1073],[11.87249,55.10747],[11.87412,55.10503],[11.87499,55.10326],[11.87503,55.10303],[11.87488,55.103],[11.87581,55.10016],[11.8761,55.09814],[11.87622,55.09448],[11.87587,55.0922],[11.87617,55.09211]]]},"properties":{"STRKAFS":24110,"NAVN":"Lundby - Vordingborg","HOVER_NAME":"Lundby - Vordingborg","TIB":"1002","BANENR":"21","FRA_KM":107,"TIL_KM":116.2,"FORKORTELSE":"Lu-Vo","BANENR_NAVN":"(Ringsted) - Nykøbing Falster","HVDSTRK_NAVN":"Vigerslev - Rødby Færge","DELSTRK_NAVN":"Næstved - Orehoved","BTRTYPETEKST":"Fri Bane","BANEKLASSETEKST":"Regionalbane"}},{"type":"Feature","id":367376,"geometry":{"type":"Polygon","coordinates":[[[11.90333,55.0205],[11.90286,55.02044],[11.90311,55.01924],[11.90255,55.01687],[11.90051,55.01328],[11.90023,55.01252],[11.89923,55.01113],[11.89956,55.01109],[11.89829,55.00868],[11.89763,55.00639],[11.89721,55.00589],[11.89691,55.00587],[11.89552,55.00335],[11.89563,55.00333],[11.89525,55.00261],[11.89543,55.00258],[11.89305,54.99858],[11.89297,54.99811],[11.89342,54.99729],[11.89495,54.99631],[11.8966,54.99573],[11.89863,54.9956],[11.89862,54.99548],[11.89474,54.99565],[11.89606,54.99505],[11.89594,54.99494],[11.89303,54.99627],[11.89317,54.99639],[11.89472,54.99578],[11.89606,54.99574],[11.89317,54.99677],[11.89328,54.99686],[11.89409,54.99654],[11.89342,54.99694],[11.89291,54.99766],[11.89277,54.99861],[11.8944,55.00155],[11.89417,55.00159],[11.89616,55.00549],[11.89646,55.00692],[11.89711,55.00879],[11.90198,55.01694],[11.90252,55.01864],[11.90261,55.02049],[11.90109,55.0236],[11.89948,55.02523],[11.89575,55.02854],[11.89607,55.02866],[11.89818,55.02675],[11.89867,55.02668],[11.9014,55.02419],[11.90261,55.02279],[11.90232,55.02273],[11.90307,55.0214],[11.90333,55.0205]]]},"properties":{"STRKAFS":24121,"NAVN":"Vordingborg","HOVER_NAME":"Vordingborg","TIB":"1002","BANENR":"21","FRA_KM":116.2,"TIL_KM":119.4,"FORKORTELSE":"Vo","BANENR_NAVN":"(Ringsted) - Nykøbing Falster","HVDSTRK_NAVN":"Vigerslev - Rødby Færge","DELSTRK_NAVN":"Næstved - Orehoved","BTRTYPETEKST":"Station","BANEKLASSETEKST":"Regionalbane"}},{"type":"Feature","id":367377,"geometry":{"type":"Polygon","coordinates":[[[11.88678,54.98674],[11.88645,54.9866],[11.88562,54.98737],[11.88465,54.989],[11.88436,54.99081],[11.88479,54.99227],[11.88565,54.9934],[11.89024,54.9977],[11.89146,54.99876],[11.89207,54.99905],[11.89346,55.00049],[11.89417,55.00159],[11.8944,55.00155],[11.89375,55.00037],[11.89249,54.99894],[11.88963,54.99616],[11.88633,54.99336],[11.88552,54.99222],[11.88515,54.99116],[11.88509,54.98972],[11.8854,54.98889],[11.88595,54.98804],[11.88712,54.98689],[11.88678,54.98674]]]},"properties":{"STRKAFS":24122,"NAVN":"Vordingborg - Masnedø","HOVER_NAME":"Vordingborg - Masnedø","TIB":"1002","BANENR":"21","FRA_KM":119.4,"TIL_KM":121.2,"FORKORTELSE":"Vo-Mn","BANENR_NAVN":"(Ringsted) - Nykøbing Falster","HVDSTRK_NAVN":"Vigerslev - Rødby Færge","DELSTRK_NAVN":"Næstved - Orehoved","BTRTYPETEKST":"Fri Bane","BANEKLASSETEKST":"Regionalbane"}},{"type":"Feature","id":367378,"geometry":{"type":"Polygon","coordinates":[[[11.8972,54.97847],[11.89703,54.9777],[11.89641,54.9775],[11.89585,54.97635],[11.89562,54.9764],[11.89617,54.97752],[11.89589,54.97765],[11.89591,54.97818],[11.89631,54.97816],[11.89636,54.97849],[11.89617,54.97963],[11.89552,54.98079],[11.8947,54.98164],[11.89284,54.98294],[11.88758,54.98577],[11.88645,54.9866],[11.88712,54.98689],[11.88821,54.98621],[11.89342,54.98362],[11.89517,54.98249],[11.8966,54.98092],[11.89704,54.97993],[11.89724,54.97878],[11.8972,54.97847]]]},"properties":{"STRKAFS":24123,"NAVN":"Masnedø","HOVER_NAME":"Masnedø","TIB":"1002","BANENR":"21","FRA_KM":121.2,"TIL_KM":122.60000000000001,"FORKORTELSE":"Mn","BANENR_NAVN":"(Ringsted) - Nykøbing Falster","HVDSTRK_NAVN":"Vigerslev - Rødby Færge","DELSTRK_NAVN":"Næstved - Orehoved","BTRTYPETEKST":"Teknisk Station","BANEKLASSETEKST":"Regionalbane"}},{"type":"Feature","id":367379,"geometry":{"type":"Polygon","coordinates":[[[11.86561,54.94492],[11.86531,54.94489],[11.86457,54.9471],[11.86507,54.94739],[11.86514,54.94799],[11.86565,54.94921],[11.86647,54.9504],[11.86997,54.95333],[11.89215,54.97306],[11.89482,54.97547],[11.89562,54.9764],[11.89585,54.97635],[11.89479,54.9752],[11.8708,54.95384],[11.87106,54.95354],[11.86869,54.9514],[11.86679,54.94931],[11.86597,54.94712],[11.86593,54.94619],[11.86613,54.94499],[11.86571,54.94494],[11.86561,54.94492]]]},"properties":{"STRKAFS":24124,"NAVN":"Masnedø - Orehoved","HOVER_NAME":"Masnedø - Orehoved","TIB":"1002","BANENR":"21","FRA_KM":122.60000000000001,"TIL_KM":126.2,"FORKORTELSE":"Mn-Oh","BANENR_NAVN":"(Ringsted) - Nykøbing Falster","HVDSTRK_NAVN":"Vigerslev - Rødby Færge","DELSTRK_NAVN":"Næstved - Orehoved","BTRTYPETEKST":"Fri Bane","BANEKLASSETEKST":"Regionalbane"}},{"type":"Feature","id":367380,"geometry":{"type":"Polygon","coordinates":[[[11.86986,54.93571],[11.87065,54.934],[11.87082,54.93401],[11.87098,54.93356],[11.87127,54.93344],[11.87287,54.93022],[11.87328,54.92934],[11.87295,54.92929],[11.87349,54.92819],[11.87357,54.92806],[11.87388,54.92811],[11.87411,54.92765],[11.87339,54.92753],[11.87043,54.93324],[11.86942,54.93554],[11.86917,54.93551],[11.86867,54.93676],[11.86806,54.93769],[11.8673,54.94042],[11.86531,54.94489],[11.86613,54.94499],[11.86699,54.94217],[11.868,54.9403],[11.86994,54.93575],[11.86986,54.93571]]]},"properties":{"STRKAFS":26003,"NAVN":"Orehoved","HOVER_NAME":"Orehoved","TIB":"1002","BANENR":"21","FRA_KM":126.2,"TIL_KM":128.2,"FORKORTELSE":"Oh","BANENR_NAVN":"(Ringsted) - Nykøbing Falster","HVDSTRK_NAVN":"Vigerslev - Rødby Færge","DELSTRK_NAVN":"Orehoved - Nykøbing Falster","BTRTYPETEKST":"Teknisk Station","BANEKLASSETEKST":"Regionalbane"}},{"type":"Feature","id":367381,"geometry":{"type":"Polygon","coordinates":[[[11.87411,54.92765],[11.87421,54.92742],[11.87388,54.92747],[11.87508,54.92532],[11.87699,54.92317],[11.88255,54.91778],[11.88418,54.91554],[11.88451,54.91561],[11.88524,54.91435],[11.88493,54.91428],[11.88536,54.91343],[11.88572,54.91336],[11.88611,54.91215],[11.88633,54.91027],[11.88641,54.90628],[11.88626,54.90223],[11.88598,54.90236],[11.88592,54.89109],[11.88629,54.89107],[11.88629,54.88946],[11.88622,54.88646],[11.88591,54.88609],[11.88587,54.88302],[11.88604,54.88298],[11.88569,54.87645],[11.88569,54.87607],[11.88585,54.87604],[11.88571,54.87393],[11.88579,54.86804],[11.88518,54.86813],[11.88551,54.87187],[11.88535,54.87594],[11.88553,54.8831],[11.88553,54.89248],[11.88516,54.89306],[11.88537,54.89347],[11.88523,54.89368],[11.88523,54.8944],[11.88484,54.89444],[11.88537,54.89535],[11.88555,54.89535],[11.88559,54.89569],[11.88546,54.89663],[11.88563,54.90835],[11.88546,54.91141],[11.88468,54.91394],[11.88359,54.91583],[11.88147,54.91831],[11.87871,54.92093],[11.8747,54.92509],[11.8747,54.92532],[11.87339,54.92753],[11.87362,54.92757],[11.87411,54.92765]]]},"properties":{"STRKAFS":26004,"NAVN":"Orehoved - Eskilstrup","HOVER_NAME":"Orehoved - Eskilstrup","TIB":"1002","BANENR":"21","FRA_KM":128.2,"TIL_KM":135,"FORKORTELSE":"Oh-Ek","BANENR_NAVN":"(Ringsted) - Nykøbing Falster","HVDSTRK_NAVN":"Vigerslev - Rødby Færge","DELSTRK_NAVN":"Orehoved - Nykøbing Falster","BTRTYPETEKST":"Fri Bane","BANEKLASSETEKST":"Regionalbane"}},{"type":"Feature","id":367382,"geometry":{"type":"Polygon","coordinates":[[[11.32713,55.40653],[11.32561,55.40614],[11.3242,55.40609],[11.32101,55.40523],[11.30891,55.40062],[11.30513,55.39885],[11.3016,55.39671],[11.30175,55.39662],[11.29786,55.39359],[11.29751,55.3936],[11.29466,55.39126],[11.29009,55.38846],[11.28055,55.38424],[11.27973,55.38377],[11.27949,55.38334],[11.27842,55.3832],[11.27813,55.38294],[11.27574,55.38219],[11.27149,55.38055],[11.26352,55.37715],[11.26289,55.37697],[11.26267,55.37713],[11.27148,55.38077],[11.27846,55.38396],[11.28055,55.38465],[11.28741,55.3875],[11.29011,55.38881],[11.29385,55.3911],[11.30082,55.39656],[11.3055,55.39942],[11.30528,55.39957],[11.30586,55.39984],[11.30625,55.39984],[11.3134,55.4028],[11.32161,55.40593],[11.32378,55.40642],[11.32387,55.40627],[11.32562,55.40667],[11.32906,55.40694],[11.3291,55.40669],[11.3278,55.40659],[11.32713,55.40653]]]},"properties":{"STRKAFS":16096,"NAVN":"Slagelse - Forlev","HOVER_NAME":"Slagelse - Forlev","TIB":"1","BANENR":"13","FRA_KM":94.16900000000001,"TIL_KM":99.604,"FORKORTELSE":"Sg-Fo","BANENR_NAVN":"(Ringsted) - (Korsør)","HVDSTRK_NAVN":"København H - Nyborg","DELSTRK_NAVN":"Ringsted - Nyborg","BTRTYPETEKST":"Fri Bane","BANEKLASSETEKST":"Hovedbane"}},{"type":"Feature","id":367383,"geometry":{"type":"Polygon","coordinates":[[[11.25912,55.37533],[11.23747,55.36621],[11.23487,55.36528],[11.23464,55.3655],[11.23694,55.36634],[11.26267,55.37713],[11.26289,55.37697],[11.25967,55.37554],[11.25912,55.37533]]]},"properties":{"STRKAFS":16101,"NAVN":"Forlev","HOVER_NAME":"Forlev","TIB":"1","BANENR":"13","FRA_KM":99.604,"TIL_KM":101.80300000000001,"FORKORTELSE":"Fo","BANENR_NAVN":"(Ringsted) - (Korsør)","HVDSTRK_NAVN":"København H - Nyborg","DELSTRK_NAVN":"Ringsted - Nyborg","BTRTYPETEKST":"Teknisk Station","BANEKLASSETEKST":"Hovedbane"}},{"type":"Feature","id":367384,"geometry":{"type":"Polygon","coordinates":[[[11.22136,55.36273],[11.22003,55.36257],[11.17017,55.36258],[11.17003,55.36236],[11.16911,55.36238],[11.16911,55.36257],[11.16813,55.36257],[11.16812,55.36244],[11.16505,55.3625],[11.15998,55.36202],[11.15129,55.36023],[11.15114,55.36048],[11.15979,55.36219],[11.16321,55.36262],[11.166,55.36277],[11.22027,55.3629],[11.22656,55.36354],[11.23071,55.36436],[11.23464,55.3655],[11.23487,55.36528],[11.22932,55.36384],[11.22552,55.36316],[11.22253,55.36283],[11.22136,55.36273]]]},"properties":{"STRKAFS":16102,"NAVN":"Forlev - Korsør","HOVER_NAME":"Forlev - Korsør","TIB":"1","BANENR":"13","FRA_KM":101.80300000000001,"TIL_KM":107.183,"FORKORTELSE":"Fo-Kø","BANENR_NAVN":"(Ringsted) - (Korsør)","HVDSTRK_NAVN":"København H - Nyborg","DELSTRK_NAVN":"Ringsted - Nyborg","BTRTYPETEKST":"Fri Bane","BANEKLASSETEKST":"Hovedbane"}},{"type":"Feature","id":367385,"geometry":{"type":"Polygon","coordinates":[[[11.14302,55.358],[11.14412,55.35748],[11.14487,55.35674],[11.14514,55.35618],[11.14509,55.35522],[11.14366,55.35322],[11.1433,55.35315],[11.14308,55.35288],[11.14232,55.35133],[11.13963,55.35047],[11.13832,55.35166],[11.14027,55.35231],[11.14141,55.35117],[11.14201,55.35143],[11.14294,55.35323],[11.14459,55.35534],[11.14472,55.35599],[11.14459,55.35641],[11.14389,55.35722],[11.14244,55.35781],[11.14072,55.35792],[11.13741,55.35735],[11.1357,55.35684],[11.13198,55.35632],[11.1293,55.3557],[11.12488,55.35496],[11.12171,55.35215],[11.12083,55.35165],[11.11816,55.35138],[11.1181,55.35167],[11.12042,55.35198],[11.12216,55.35301],[11.12388,55.35476],[11.11147,55.35186],[11.11125,55.35226],[11.11775,55.35358],[11.12773,55.35613],[11.15114,55.36048],[11.15129,55.36023],[11.14141,55.35828],[11.14261,55.35808],[11.14302,55.358]]]},"properties":{"STRKAFS":16111,"NAVN":"Korsør","HOVER_NAME":"Korsør","TIB":"1","BANENR":"14","FRA_KM":107.183,"TIL_KM":109.882,"FORKORTELSE":"Kø","BANENR_NAVN":"Korsør - Nyborg","HVDSTRK_NAVN":"København H - Nyborg","DELSTRK_NAVN":"Ringsted - Nyborg","BTRTYPETEKST":"Station","BANEKLASSETEKST":"Hovedbane"}},{"type":"Feature","id":367386,"geometry":{"type":"Polygon","coordinates":[[[11.11315,55.35221],[11.1078,55.35125],[11.10233,55.35049],[11.10102,55.35038],[11.10072,55.35057],[11.0955,55.35021],[11.09093,55.35013],[11.08497,55.35034],[11.0484,55.35342],[11.04246,55.35357],[11.03695,55.35347],[11.02771,55.35269],[11.01834,55.35099],[11.01428,55.34994],[11.01074,55.34883],[10.98077,55.3381],[10.97086,55.33479],[10.96396,55.33229],[10.9331,55.32043],[10.91353,55.31376],[10.89154,55.30759],[10.87382,55.30365],[10.86417,55.3017],[10.85082,55.29938],[10.84674,55.29893],[10.8434,55.29886],[10.83833,55.29934],[10.83416,55.30025],[10.81537,55.30666],[10.83416,55.30026],[10.83833,55.29935],[10.8434,55.29886],[10.84883,55.29912],[10.85833,55.30065],[10.86676,55.30218],[10.8853,55.30614],[10.8959,55.30873],[10.91238,55.31342],[10.919,55.31556],[10.9331,55.32043],[10.95824,55.33018],[10.97086,55.3348],[10.9706,55.33502],[10.98105,55.33896],[10.98702,55.34094],[10.99808,55.34509],[11.01124,55.34965],[11.01812,55.3515],[11.0262,55.35297],[11.03184,55.35366],[11.03629,55.35397],[11.03957,55.35411],[11.04699,55.35405],[11.08596,55.35077],[11.09438,55.35058],[11.09965,55.35071],[11.10063,55.35081],[11.10082,55.35106],[11.10794,55.35176],[11.11125,55.35226],[11.11147,55.35186],[11.12388,55.35476],[11.11426,55.35243],[11.11315,55.35221]]]},"properties":{"STRKAFS":16114,"NAVN":"Korsør - Sprogø","HOVER_NAME":"Korsør - Sprogø","TIB":"1","BANENR":"14","FRA_KM":109.882,"TIL_KM":119.40100000000001,"FORKORTELSE":"Kø-Spr","BANENR_NAVN":"Korsør - Nyborg","HVDSTRK_NAVN":"København H - Nyborg","DELSTRK_NAVN":"Ringsted - Nyborg","BTRTYPETEKST":"Fri Bane","BANEKLASSETEKST":"Hovedbane"}},{"type":"Feature","id":367387,"geometry":{"type":"Polygon","coordinates":[[[10.94465,55.32488],[10.9423,55.32394],[10.94212,55.32409],[10.94507,55.32526],[10.94503,55.32548],[10.95534,55.32947],[10.96933,55.33458],[10.9706,55.33502],[10.97086,55.3348],[10.95824,55.33018],[10.94605,55.32543],[10.94465,55.32488]]]},"properties":{"STRKAFS":16121,"NAVN":"Sprogø","HOVER_NAME":"Sprogø","TIB":"1","BANENR":"14","FRA_KM":119.40100000000001,"TIL_KM":121.57900000000001,"FORKORTELSE":"Spr","BANENR_NAVN":"Korsør - Nyborg","HVDSTRK_NAVN":"København H - Nyborg","DELSTRK_NAVN":"Ringsted - Nyborg","BTRTYPETEKST":"Teknisk Station","BANEKLASSETEKST":"Hovedbane"}},{"type":"Feature","id":367388,"geometry":{"type":"Polygon","coordinates":[[[10.85451,55.30003],[10.85082,55.29938],[10.84674,55.29894],[10.8434,55.29886],[10.84016,55.29911],[10.83782,55.29942],[10.83416,55.30026],[10.82401,55.30368],[10.82419,55.30385],[10.83352,55.30065],[10.83935,55.29947],[10.84424,55.29919],[10.84672,55.29927],[10.85396,55.30016],[10.87338,55.30388],[10.8908,55.30792],[10.90344,55.31126],[10.92094,55.31655],[10.92957,55.31946],[10.94212,55.32409],[10.9423,55.32394],[10.92916,55.31902],[10.91491,55.31421],[10.8959,55.30873],[10.88995,55.30721],[10.87382,55.30365],[10.86676,55.30218],[10.85668,55.3004],[10.85451,55.30003]]]},"properties":{"STRKAFS":16124,"NAVN":"Sprogø - Nyborg","HOVER_NAME":"Sprogø - Nyborg","TIB":"1","BANENR":"14","FRA_KM":121.57900000000001,"TIL_KM":129.84300000000002,"FORKORTELSE":"Spr-Ng","BANENR_NAVN":"Korsør - Nyborg","HVDSTRK_NAVN":"København H - Nyborg","DELSTRK_NAVN":"Ringsted - Nyborg","BTRTYPETEKST":"Fri Bane","BANEKLASSETEKST":"Hovedbane"}},{"type":"Feature","id":367389,"geometry":{"type":"Polygon","coordinates":[[[10.80449,55.31354],[10.81232,55.30837],[10.81618,55.30664],[10.82419,55.30385],[10.82401,55.30368],[10.81537,55.30666],[10.81574,55.3063],[10.81597,55.30572],[10.81576,55.30495],[10.81417,55.30299],[10.81372,55.30313],[10.81561,55.30534],[10.81567,55.30595],[10.81501,55.3067],[10.8143,55.30695],[10.80282,55.30828],[10.80139,55.30879],[10.80056,55.30933],[10.80077,55.3094],[10.80148,55.30893],[10.8036,55.30834],[10.81434,55.3071],[10.81112,55.30874],[10.80957,55.30931],[10.80191,55.3106],[10.80084,55.31051],[10.79978,55.31017],[10.79829,55.30894],[10.79715,55.30848],[10.7962,55.30829],[10.79474,55.30849],[10.79289,55.3098],[10.78966,55.31017],[10.78813,55.31007],[10.78677,55.30957],[10.77968,55.30519],[10.77888,55.30417],[10.77892,55.30358],[10.77929,55.30298],[10.78022,55.30221],[10.78108,55.30191],[10.78365,55.30154],[10.78816,55.3016],[10.78887,55.30155],[10.78885,55.30144],[10.78394,55.3014],[10.78161,55.30167],[10.77959,55.30236],[10.77884,55.30306],[10.77865,55.30398],[10.77912,55.30492],[10.7829,55.30744],[10.78642,55.30955],[10.78772,55.3101],[10.78975,55.31032],[10.79239,55.31006],[10.79354,55.30971],[10.79511,55.30854],[10.79594,55.30844],[10.79755,55.30877],[10.79977,55.31033],[10.80115,55.31074],[10.80267,55.31071],[10.80834,55.30968],[10.80527,55.31112],[10.80532,55.31134],[10.80418,55.31202],[10.80433,55.31213],[10.80667,55.31119],[10.80687,55.31126],[10.80343,55.31345],[10.80328,55.31337],[10.80258,55.31372],[10.79948,55.31604],[10.79774,55.31712],[10.79477,55.3185],[10.79126,55.3197],[10.78656,55.32158],[10.7869,55.32184],[10.79026,55.32043],[10.7974,55.31785],[10.80369,55.31402],[10.80449,55.31354]]]},"properties":{"STRKAFS":16127,"NAVN":"Nyborg","HOVER_NAME":"Nyborg","TIB":"1","BANENR":"14","FRA_KM":129.84300000000002,"TIL_KM":132.96800000000002,"FORKORTELSE":"Ng","BANENR_NAVN":"Korsør - Nyborg","HVDSTRK_NAVN":"København H - Nyborg","DELSTRK_NAVN":"Ringsted - Nyborg","BTRTYPETEKST":"Station","BANEKLASSETEKST":"Hovedbane"}},{"type":"Feature","id":367390,"geometry":{"type":"Polygon","coordinates":[[[11.43973,55.40904],[11.46479,55.40753],[11.46478,55.40742],[11.46684,55.4072],[11.44482,55.40852],[11.43916,55.40897],[11.43926,55.40908],[11.43973,55.40904]]]},"properties":{"STRKAFS":16785,"NAVN":"Frederikslund","HOVER_NAME":"Frederikslund","TIB":"1","BANENR":"14","FRA_KM":85.144,"TIL_KM":86.905,"FORKORTELSE":"Fr","BANENR_NAVN":"Korsør - Nyborg","HVDSTRK_NAVN":"København H - Nyborg","DELSTRK_NAVN":"Ringsted - Nyborg","BTRTYPETEKST":"VM-station","BANEKLASSETEKST":"Hovedbane"}},{"type":"Feature","id":367391,"geometry":{"type":"Polygon","coordinates":[[[12.45206,55.64812],[12.45194,55.64842],[12.47172,55.65178],[12.48082,55.6528],[12.48334,55.65321],[12.48522,55.6537],[12.48717,55.65442],[12.49089,55.65655],[12.49129,55.65634],[12.48749,55.65418],[12.48547,55.65343],[12.48352,55.65292],[12.48083,55.65249],[12.47253,55.65158],[12.45206,55.64812],[12.45206,55.64812]]]},"properties":{"STRKAFS":20006,"NAVN":"Vigerslev - Avedøre Havnevej","HOVER_NAME":"Vigerslev - Avedøre Havnevej","TIB":"6,1006","BANENR":"20","FRA_KM":6.33,"TIL_KM":9,"FORKORTELSE":"Ig-Avh","BANENR_NAVN":"(Vigerslev) - (Ringsted)","HVDSTRK_NAVN":"Vigerslev - Rødby Færge","DELSTRK_NAVN":"Vigerslev - Køge Nord","BTRTYPETEKST":"Fri Bane","BANEKLASSETEKST":"Hovedbane"}},{"type":"Feature","id":367392,"geometry":{"type":"Polygon","coordinates":[[[12.44587,55.64735],[12.44573,55.64764],[12.45194,55.64842],[12.45205,55.64812],[12.44593,55.64735],[12.44587,55.64735]]]},"properties":{"STRKAFS":20009,"NAVN":"Avedøre Havnevej","HOVER_NAME":"Avedøre Havnevej","TIB":"1006","BANENR":"20","FRA_KM":9,"TIL_KM":9.4,"FORKORTELSE":"Avh","BANENR_NAVN":"(Vigerslev) - (Ringsted)","HVDSTRK_NAVN":"Vigerslev - Rødby Færge","DELSTRK_NAVN":"Vigerslev - Køge Nord","BTRTYPETEKST":"Teknisk Station","BANEKLASSETEKST":"Hovedbane"}},{"type":"Feature","id":367393,"geometry":{"type":"Polygon","coordinates":[[[12.41898,55.63921],[12.41397,55.63903],[12.40592,55.63948],[12.40062,55.63992],[12.38873,55.64134],[12.38289,55.64172],[12.37701,55.64184],[12.3642,55.64159],[12.35946,55.64134],[12.35346,55.64063],[12.34767,55.63947],[12.34373,55.63836],[12.33942,55.63678],[12.33593,55.63517],[12.33215,55.63305],[12.32859,55.6307],[12.32539,55.62819],[12.32304,55.62603],[12.31696,55.61982],[12.31348,55.61696],[12.31073,55.61516],[12.30758,55.61342],[12.29844,55.60881],[12.29808,55.60904],[12.30857,55.61437],[12.31305,55.61715],[12.31654,55.62001],[12.32445,55.62794],[12.32763,55.6305],[12.33118,55.6329],[12.33501,55.63511],[12.33855,55.6368],[12.3428,55.63841],[12.34671,55.63956],[12.3524,55.64077],[12.35883,55.6416],[12.36393,55.64189],[12.37702,55.64215],[12.38293,55.64202],[12.38881,55.64165],[12.40072,55.64022],[12.40549,55.63981],[12.41354,55.63935],[12.41845,55.63948],[12.42237,55.63998],[12.42651,55.64093],[12.43029,55.64228],[12.43529,55.64472],[12.43849,55.64599],[12.44356,55.64729],[12.44573,55.64764],[12.44586,55.64734],[12.44169,55.64656],[12.4383,55.64556],[12.43564,55.64448],[12.43062,55.64203],[12.42716,55.64078],[12.4234,55.63985],[12.41898,55.63921],[12.41898,55.63921]]]},"properties":{"STRKAFS":20010,"NAVN":"Avedøre Havnevej - Kildebrønde","HOVER_NAME":"Avedøre Havnevej - Kildebrønde","TIB":"1006","BANENR":"20","FRA_KM":9.4,"TIL_KM":20.6,"FORKORTELSE":"Avh-Kib","BANENR_NAVN":"(Vigerslev) - (Ringsted)","HVDSTRK_NAVN":"Vigerslev - Rødby Færge","DELSTRK_NAVN":"Vigerslev - Køge Nord","BTRTYPETEKST":"Fri Bane","BANEKLASSETEKST":"Hovedbane"}},{"type":"Feature","id":367394,"geometry":{"type":"Polygon","coordinates":[[[12.277,55.59557],[12.2753,55.5942],[12.27485,55.59438],[12.28214,55.60021],[12.28545,55.60248],[12.28844,55.60417],[12.29808,55.60904],[12.29844,55.60881],[12.28881,55.60394],[12.28584,55.60227],[12.28277,55.60018],[12.2774,55.59589],[12.277,55.59557]]]},"properties":{"STRKAFS":20021,"NAVN":"Kildebrønde","HOVER_NAME":"Kildebrønde","TIB":"1006","BANENR":"20","FRA_KM":20.6,"TIL_KM":22.8,"FORKORTELSE":"Kib","BANENR_NAVN":"(Vigerslev) - (Ringsted)","HVDSTRK_NAVN":"Vigerslev - Rødby Færge","DELSTRK_NAVN":"Vigerslev - Køge Nord","BTRTYPETEKST":"Teknisk Station","BANEKLASSETEKST":"Hovedbane"}},{"type":"Feature","id":367395,"geometry":{"type":"Polygon","coordinates":[[[12.19193,55.52942],[12.19142,55.52952],[12.19334,55.53199],[12.19544,55.53416],[12.19789,55.53622],[12.20218,55.53907],[12.20874,55.5425],[12.21155,55.54416],[12.21432,55.54612],[12.22002,55.55064],[12.22235,55.55285],[12.22395,55.5547],[12.22728,55.55955],[12.22869,55.56134],[12.23056,55.56328],[12.23303,55.5654],[12.24079,55.57102],[12.25204,55.57807],[12.26022,55.58431],[12.2698,55.59044],[12.27485,55.59438],[12.2753,55.5942],[12.27022,55.59024],[12.26065,55.58412],[12.25246,55.57788],[12.2412,55.57082],[12.23346,55.56521],[12.23102,55.56312],[12.22918,55.5612],[12.22779,55.55944],[12.22445,55.55458],[12.22239,55.55225],[12.22048,55.55047],[12.21475,55.54593],[12.21196,55.54396],[12.20911,55.54228],[12.20251,55.53882],[12.19896,55.53651],[12.19516,55.53329],[12.19352,55.5315],[12.19196,55.52946],[12.19193,55.52942]]]},"properties":{"STRKAFS":20024,"NAVN":"Kildebrønde - Jersie Fjern","HOVER_NAME":"Kildebrønde - Jersie Fjern","TIB":"1006","BANENR":"20","FRA_KM":22.8,"TIL_KM":31.8,"FORKORTELSE":"Kib-Jsf","BANENR_NAVN":"(Vigerslev) - (Ringsted)","HVDSTRK_NAVN":"Vigerslev - Rødby Færge","DELSTRK_NAVN":"Vigerslev - Køge Nord","BTRTYPETEKST":"Fri Bane","BANEKLASSETEKST":"Hovedbane"}},{"type":"Feature","id":367396,"geometry":{"type":"Polygon","coordinates":[[[12.18039,55.51316],[12.1801,55.51274],[12.17959,55.51286],[12.19142,55.52952],[12.19192,55.52941],[12.18045,55.51324],[12.18039,55.51316]]]},"properties":{"STRKAFS":20033,"NAVN":"Jersie Fjern","HOVER_NAME":"Jersie Fjern","TIB":"1006","BANENR":"20","FRA_KM":31.8,"TIL_KM":33.8,"FORKORTELSE":"Jsf","BANENR_NAVN":"(Vigerslev) - (Ringsted)","HVDSTRK_NAVN":"Vigerslev - Rødby Færge","DELSTRK_NAVN":"Vigerslev - Køge Nord","BTRTYPETEKST":"Teknisk Station","BANEKLASSETEKST":"Hovedbane"}},{"type":"Feature","id":367397,"geometry":{"type":"Polygon","coordinates":[[[12.17901,55.51114],[12.1784,55.51119],[12.17959,55.51286],[12.1801,55.51274],[12.17907,55.51123],[12.17901,55.51114]]]},"properties":{"STRKAFS":20034,"NAVN":"Jersie Fjern - Køge Nord","HOVER_NAME":"Jersie Fjern - Køge Nord","TIB":"1006","BANENR":"20","FRA_KM":33.8,"TIL_KM":34,"FORKORTELSE":"Jsf-Kjn","BANENR_NAVN":"(Vigerslev) - (Ringsted)","HVDSTRK_NAVN":"Vigerslev - Rødby Færge","DELSTRK_NAVN":"Vigerslev - Køge Nord","BTRTYPETEKST":"Fri Bane","BANEKLASSETEKST":"Hovedbane"}},{"type":"Feature","id":367398,"geometry":{"type":"Polygon","coordinates":[[[12.17207,55.49709],[12.17043,55.49369],[12.17022,55.49285],[12.17044,55.49167],[12.17178,55.48866],[12.1715,55.48863],[12.17091,55.48992],[12.17028,55.49078],[12.16951,55.49255],[12.16937,55.49356],[12.16954,55.49458],[12.17076,55.4968],[12.1759,55.50746],[12.1784,55.51119],[12.17896,55.51106],[12.17589,55.50613],[12.1721,55.49715],[12.17207,55.49709]],[[12.1698,55.49396],[12.1699,55.49343],[12.17102,55.49559],[12.17059,55.49565],[12.1702,55.49485],[12.1698,55.49396]]]},"properties":{"STRKAFS":21000,"NAVN":"Køge Nord","HOVER_NAME":"Køge Nord","TIB":"1004,1006","BANENR":"20","FRA_KM":34,"TIL_KM":35.800000000000004,"FORKORTELSE":"Kjn","BANENR_NAVN":"(Vigerslev) - (Ringsted)","HVDSTRK_NAVN":"Vigerslev - Rødby Færge","DELSTRK_NAVN":"Køge Nord - Ringsted","BTRTYPETEKST":"Station","BANEKLASSETEKST":"Hovedbane"}},{"type":"Feature","id":367399,"geometry":{"type":"Polygon","coordinates":[[[12.13667,55.48044],[12.13603,55.48043],[12.13602,55.48074],[12.14289,55.48097],[12.14899,55.48181],[12.1542,55.48314],[12.15848,55.48475],[12.16226,55.48672],[12.16557,55.48911],[12.16733,55.49078],[12.16856,55.49226],[12.1698,55.49396],[12.17059,55.49565],[12.17102,55.49559],[12.16945,55.49261],[12.16813,55.49098],[12.16658,55.48942],[12.163,55.48672],[12.15875,55.48448],[12.15387,55.48268],[12.14853,55.4814],[12.14287,55.48066],[12.1368,55.48044],[12.13667,55.48044]]]},"properties":{"STRKAFS":21036,"NAVN":"Køge Nord - Lellinge","HOVER_NAME":"Køge Nord - Lellinge","TIB":"1006","BANENR":"20","FRA_KM":35.800000000000004,"TIL_KM":38.800000000000004,"FORKORTELSE":"Kjn-Lel","BANENR_NAVN":"(Vigerslev) - (Ringsted)","HVDSTRK_NAVN":"Vigerslev - Rødby Færge","DELSTRK_NAVN":"Køge Nord - Ringsted","BTRTYPETEKST":"Fri Bane","BANEKLASSETEKST":"Hovedbane"}},{"type":"Feature","id":367400,"geometry":{"type":"Polygon","coordinates":[[[12.11081,55.48012],[12.11071,55.48043],[12.11667,55.48056],[12.13602,55.48074],[12.13603,55.48043],[12.11089,55.48012],[12.11081,55.48012]]]},"properties":{"STRKAFS":21039,"NAVN":"Lellinge","HOVER_NAME":"Lellinge","TIB":"1006","BANENR":"20","FRA_KM":38.800000000000004,"TIL_KM":40.4,"FORKORTELSE":"Lel","BANENR_NAVN":"(Vigerslev) - (Ringsted)","HVDSTRK_NAVN":"Vigerslev - Rødby Færge","DELSTRK_NAVN":"Køge Nord - Ringsted","BTRTYPETEKST":"Teknisk Station","BANEKLASSETEKST":"Hovedbane"}},{"type":"Feature","id":367401,"geometry":{"type":"Polygon","coordinates":[[[12.04358,55.4654],[12.04347,55.4657],[12.05014,55.46661],[12.05792,55.46806],[12.07164,55.4713],[12.07688,55.47287],[12.08709,55.47662],[12.09364,55.47839],[12.09744,55.47914],[12.10212,55.47983],[12.10609,55.48021],[12.11071,55.48043],[12.11073,55.48012],[12.10616,55.4799],[12.10223,55.47953],[12.0976,55.47885],[12.09384,55.4781],[12.08736,55.47636],[12.07716,55.4726],[12.07133,55.47088],[12.05656,55.46745],[12.05029,55.46632],[12.04358,55.4654],[12.04358,55.4654]]]},"properties":{"STRKAFS":21042,"NAVN":"Lellinge - Bjæverskov","HOVER_NAME":"Lellinge - Bjæverskov","TIB":"1006","BANENR":"20","FRA_KM":40.4,"TIL_KM":45,"FORKORTELSE":"Lel-Bjs","BANENR_NAVN":"(Vigerslev) - (Ringsted)","HVDSTRK_NAVN":"Vigerslev - Rødby Færge","DELSTRK_NAVN":"Køge Nord - Ringsted","BTRTYPETEKST":"Fri Bane","BANEKLASSETEKST":"Hovedbane"}},{"type":"Feature","id":367402,"geometry":{"type":"Polygon","coordinates":[[[12.01004,55.46063],[12.00982,55.46092],[12.02518,55.46368],[12.04347,55.4657],[12.04358,55.4654],[12.02531,55.46338],[12.01004,55.46063],[12.01004,55.46063]]]},"properties":{"STRKAFS":21047,"NAVN":"Bjæverskov","HOVER_NAME":"Bjæverskov","TIB":"1006","BANENR":"20","FRA_KM":45,"TIL_KM":47.2,"FORKORTELSE":"Bjs","BANENR_NAVN":"(Vigerslev) - (Ringsted)","HVDSTRK_NAVN":"Vigerslev - Rødby Færge","DELSTRK_NAVN":"Køge Nord - Ringsted","BTRTYPETEKST":"Teknisk Station","BANEKLASSETEKST":"Hovedbane"}},{"type":"Feature","id":367403,"geometry":{"type":"Polygon","coordinates":[[[11.97367,55.45767],[11.96533,55.45756],[11.94026,55.45859],[11.93446,55.45845],[11.92873,55.45796],[11.9239,55.45728],[11.91843,55.45618],[11.90393,55.4521],[11.89527,55.45014],[11.85695,55.4446],[11.85683,55.44447],[11.85353,55.44401],[11.85342,55.44425],[11.89669,55.45064],[11.90456,55.45245],[11.9136,55.45523],[11.91822,55.45646],[11.92375,55.45757],[11.92944,55.45836],[11.93525,55.4588],[11.9411,55.45889],[11.96448,55.4579],[11.97065,55.45786],[11.98177,55.45849],[11.99292,55.45888],[12.00359,55.45993],[12.00982,55.46092],[12.00999,55.46063],[12.00395,55.45965],[11.99405,55.45865],[11.98181,55.45819],[11.97367,55.45767],[11.97367,55.45767]]]},"properties":{"STRKAFS":21048,"NAVN":"Bjæverskov - Adamshøj","HOVER_NAME":"Bjæverskov - Adamshøj","TIB":"1006","BANENR":"20","FRA_KM":47.2,"TIL_KM":57.4,"FORKORTELSE":"Bjs-Ada","BANENR_NAVN":"(Vigerslev) - (Ringsted)","HVDSTRK_NAVN":"Vigerslev - Rødby Færge","DELSTRK_NAVN":"Køge Nord - Ringsted","BTRTYPETEKST":"Fri Bane","BANEKLASSETEKST":"Hovedbane"}},{"type":"Feature","id":367404,"geometry":{"type":"Polygon","coordinates":[[[11.85353,55.44401],[11.84738,55.44319],[11.8473,55.44335],[11.85346,55.44418],[11.85353,55.44401]]]},"properties":{"STRKAFS":21059,"NAVN":"Adamshøj","HOVER_NAME":"Adamshøj","TIB":"1006","BANENR":"20","FRA_KM":57.4,"TIL_KM":57.800000000000004,"FORKORTELSE":"Ada","BANENR_NAVN":"(Vigerslev) - (Ringsted)","HVDSTRK_NAVN":"Vigerslev - Rødby Færge","DELSTRK_NAVN":"Køge Nord - Ringsted","BTRTYPETEKST":"Teknisk Station","BANEKLASSETEKST":"Hovedbane"}},{"type":"Feature","id":367405,"geometry":{"type":"Polygon","coordinates":[[[11.82623,55.44008],[11.82612,55.44023],[11.8473,55.44335],[11.84738,55.44319],[11.82623,55.44008],[11.82623,55.44008]]]},"properties":{"STRKAFS":21060,"NAVN":"Adamshøj - Ringsted","HOVER_NAME":"Adamshøj - Ringsted","TIB":"6,1006","BANENR":"20","FRA_KM":57.800000000000004,"TIL_KM":61.394000000000005,"FORKORTELSE":"Ada-Rg","BANENR_NAVN":"(Vigerslev) - (Ringsted)","HVDSTRK_NAVN":"Vigerslev - Rødby Færge","DELSTRK_NAVN":"Køge Nord - Ringsted","BTRTYPETEKST":"Fri Bane","BANEKLASSETEKST":"Hovedbane"}},{"type":"Feature","id":367406,"geometry":{"type":"Polygon","coordinates":[[[11.74883,55.4109],[11.74564,55.40632],[11.74463,55.40434],[11.74245,55.4008],[11.74236,55.39999],[11.74186,55.39866],[11.74059,55.39743],[11.73978,55.39582],[11.73984,55.39539],[11.73921,55.39408],[11.73841,55.39309],[11.73662,55.39184],[11.734,55.38956],[11.73166,55.38795],[11.70317,55.37143],[11.70004,55.36934],[11.69743,55.36688],[11.69634,55.36546],[11.69553,55.36409],[11.69471,55.362],[11.69487,55.36109],[11.69438,55.35949],[11.69457,55.35945],[11.69439,55.35825],[11.69474,55.35647],[11.69719,55.35283],[11.69714,55.3521],[11.69875,55.34979],[11.69927,55.34939],[11.69935,55.34909],[11.70007,55.34835],[11.70026,55.34771],[11.70086,55.34696],[11.70345,55.34452],[11.7053,55.34327],[11.70742,55.34213],[11.73029,55.33166],[11.73467,55.32939],[11.73641,55.3282],[11.73921,55.3258],[11.74073,55.32423],[11.74209,55.32251],[11.74225,55.32255],[11.7427,55.32178],[11.74404,55.31931],[11.74388,55.31927],[11.74427,55.31834],[11.74524,55.31679],[11.74537,55.31608],[11.74539,55.31457],[11.7451,55.31363],[11.74512,55.31265],[11.74488,55.31259],[11.74458,55.30649],[11.74465,55.30539],[11.74423,55.29926],[11.7445,55.29848],[11.74419,55.29843],[11.7434,55.28243],[11.74341,55.28091],[11.74363,55.27951],[11.74414,55.27788],[11.74504,55.27602],[11.75239,55.26329],[11.75308,55.26135],[11.75384,55.25743],[11.75479,55.25531],[11.75704,55.25199],[11.75918,55.24832],[11.76027,55.24504],[11.76025,55.2445],[11.76059,55.24347],[11.76078,55.24219],[11.7609,55.24218],[11.76115,55.24145],[11.76085,55.24143],[11.75993,55.24453],[11.75833,55.2486],[11.75433,55.25486],[11.75351,55.2564],[11.75298,55.25801],[11.75236,55.2614],[11.75167,55.26329],[11.74437,55.2759],[11.74347,55.27778],[11.74296,55.27934],[11.74271,55.28091],[11.74267,55.28303],[11.74309,55.29037],[11.74292,55.29072],[11.74312,55.29092],[11.74427,55.31481],[11.74414,55.31623],[11.74377,55.31774],[11.74225,55.32109],[11.74063,55.32344],[11.73855,55.32566],[11.73604,55.32774],[11.73313,55.32964],[11.72954,55.3315],[11.70483,55.34276],[11.70213,55.34435],[11.70107,55.34517],[11.70051,55.34572],[11.69955,55.34713],[11.69839,55.34925],[11.69562,55.35311],[11.69508,55.35365],[11.69495,55.35424],[11.69419,55.35576],[11.69366,55.35858],[11.69365,55.35996],[11.69386,55.36143],[11.69428,55.36288],[11.69492,55.36431],[11.69681,55.36705],[11.69936,55.36948],[11.70163,55.37108],[11.7078,55.37475],[11.73105,55.38816],[11.73382,55.39009],[11.73629,55.39232],[11.738,55.39435],[11.73771,55.39442],[11.73941,55.3966],[11.74017,55.39819],[11.74026,55.39911],[11.74059,55.39926],[11.74062,55.3998],[11.74183,55.401],[11.74557,55.4074],[11.74574,55.4077],[11.74551,55.40782],[11.74726,55.4103],[11.74773,55.41086],[11.74797,55.41082],[11.75048,55.41419],[11.75428,55.41884],[11.75816,55.42559],[11.7588,55.4265],[11.75922,55.42642],[11.7554,55.41915],[11.7489,55.41099],[11.74883,55.4109]]]},"properties":{"STRKAFS":22066,"NAVN":"Ringsted - Næstved","HOVER_NAME":"Ringsted - Næstved","TIB":"2","BANENR":"21","FRA_KM":66.325,"TIL_KM":89.495,"FORKORTELSE":"Rg-Næ","BANENR_NAVN":"(Ringsted) - Nykøbing Falster","HVDSTRK_NAVN":"Vigerslev - Rødby Færge","DELSTRK_NAVN":"Ringsted - Næstved","BTRTYPETEKST":"Fri Bane","BANEKLASSETEKST":"Regionalbane"}},{"type":"Feature","id":367407,"geometry":{"type":"Polygon","coordinates":[[[11.69814,55.35007],[11.69784,55.35],[11.69606,55.35247],[11.69718,55.35272],[11.69714,55.3521],[11.69838,55.35045],[11.69795,55.35037],[11.69817,55.35007],[11.69814,55.35007]]]},"properties":{"STRKAFS":22075,"NAVN":"Glumsø","HOVER_NAME":"Glumsø","TIB":"2","BANENR":"21","FRA_KM":75.83500000000001,"TIL_KM":76.132,"FORKORTELSE":"Gz","BANENR_NAVN":"(Ringsted) - Nykøbing Falster","HVDSTRK_NAVN":"Vigerslev - Rødby Færge","DELSTRK_NAVN":"Ringsted - Næstved","BTRTYPETEKST":"Trinbræt","BANEKLASSETEKST":"Regionalbane"}},{"type":"Feature","id":367408,"geometry":{"type":"Polygon","coordinates":[[[11.76159,55.23956],[11.76182,55.23953],[11.76191,55.24026],[11.76217,55.24025],[11.76206,55.23882],[11.76257,55.23755],[11.76443,55.23488],[11.76477,55.23468],[11.76526,55.23481],[11.76653,55.23355],[11.76882,55.23236],[11.77056,55.23055],[11.77105,55.22997],[11.77004,55.22987],[11.77019,55.22965],[11.76981,55.22961],[11.77055,55.22876],[11.77164,55.22816],[11.77131,55.22795],[11.77171,55.22763],[11.77386,55.22645],[11.77397,55.22619],[11.7743,55.22602],[11.78274,55.22295],[11.78523,55.22184],[11.78691,55.22083],[11.78809,55.21998],[11.79023,55.21787],[11.79126,55.21621],[11.79158,55.2152],[11.7911,55.21516],[11.79073,55.21632],[11.78983,55.21787],[11.78933,55.21845],[11.78759,55.21997],[11.78723,55.21993],[11.7868,55.22022],[11.7861,55.22102],[11.78241,55.22269],[11.77503,55.22528],[11.77226,55.22666],[11.77039,55.2279],[11.76984,55.22793],[11.76942,55.22848],[11.76979,55.2286],[11.7692,55.22908],[11.76866,55.22893],[11.76849,55.2292],[11.76882,55.22956],[11.76775,55.23034],[11.76489,55.2333],[11.76347,55.23376],[11.76095,55.23395],[11.75882,55.23437],[11.75778,55.23423],[11.75711,55.23387],[11.75641,55.2329],[11.75409,55.23134],[11.75388,55.23086],[11.75427,55.23016],[11.75667,55.22821],[11.7568,55.22797],[11.75666,55.22745],[11.7553,55.22582],[11.75507,55.22587],[11.75657,55.22767],[11.75637,55.22818],[11.75587,55.2286],[11.75583,55.22803],[11.75561,55.22768],[11.75373,55.22531],[11.75355,55.22536],[11.75561,55.22816],[11.75558,55.22878],[11.75494,55.22937],[11.75477,55.2288],[11.75239,55.22575],[11.75174,55.22543],[11.74952,55.22504],[11.74904,55.22475],[11.74722,55.22282],[11.74669,55.22192],[11.74704,55.2214],[11.74752,55.22109],[11.7492,55.22059],[11.75024,55.22057],[11.75187,55.22123],[11.75411,55.22358],[11.75436,55.22351],[11.75182,55.22094],[11.75084,55.22054],[11.74922,55.2204],[11.74678,55.22124],[11.7464,55.22173],[11.7464,55.22215],[11.7487,55.22465],[11.7496,55.22519],[11.75172,55.22556],[11.75277,55.22643],[11.75477,55.22917],[11.75464,55.2296],[11.75378,55.23048],[11.7537,55.23085],[11.75387,55.23133],[11.75623,55.23296],[11.75702,55.23397],[11.75763,55.23431],[11.7588,55.23446],[11.76134,55.23399],[11.76365,55.23384],[11.76491,55.23348],[11.76412,55.23447],[11.76396,55.23441],[11.76294,55.23558],[11.7627,55.23565],[11.76222,55.2364],[11.76149,55.23826],[11.76117,55.23948],[11.76138,55.2395],[11.76085,55.24143],[11.76115,55.24145],[11.76156,55.23977],[11.76159,55.23956]]]},"properties":{"STRKAFS":23000,"NAVN":"Næstved","HOVER_NAME":"Næstved","TIB":"2,4","BANENR":"21","FRA_KM":89.495,"TIL_KM":93.132,"FORKORTELSE":"Næ","BANENR_NAVN":"(Ringsted) - Nykøbing Falster","HVDSTRK_NAVN":"Vigerslev - Rødby Færge","DELSTRK_NAVN":"Næstved","BTRTYPETEKST":"Station","BANEKLASSETEKST":"Regionalbane"}},{"type":"Feature","id":367409,"geometry":{"type":"Polygon","coordinates":[[[11.79674,55.20544],[11.79755,55.20483],[11.79779,55.20489],[11.80255,55.20228],[11.80247,55.2022],[11.81654,55.19606],[11.81633,55.1959],[11.80123,55.20238],[11.79655,55.20504],[11.79422,55.20721],[11.79241,55.20988],[11.79154,55.21239],[11.7911,55.21516],[11.79158,55.2152],[11.79217,55.2116],[11.79317,55.20923],[11.79449,55.20752],[11.79588,55.20615],[11.79674,55.20544]]]},"properties":{"STRKAFS":24096,"NAVN":"Næstved - Mogenstrup","HOVER_NAME":"Næstved - Mogenstrup","TIB":"2,1002","BANENR":"21","FRA_KM":93.132,"TIL_KM":96,"FORKORTELSE":"Næ-Mog","BANENR_NAVN":"(Ringsted) - Nykøbing Falster","HVDSTRK_NAVN":"Vigerslev - Rødby Færge","DELSTRK_NAVN":"Næstved - Orehoved","BTRTYPETEKST":"Fri Bane","BANEKLASSETEKST":"Regionalbane"}},{"type":"Feature","id":367410,"geometry":{"type":"Polygon","coordinates":[[[11.38025,54.66525],[11.37311,54.6623],[11.37948,54.66522],[11.37457,54.66312],[11.37282,54.66252],[11.37266,54.6627],[11.37514,54.6636],[11.38602,54.66821],[11.38808,54.66897],[11.38832,54.66875],[11.38066,54.66543],[11.38025,54.66525]]]},"properties":{"STRKAFS":28033,"NAVN":"Rødby Øst","HOVER_NAME":"Rødby Øst","TIB":"1002","BANENR":"22","FRA_KM":180.6,"TIL_KM":181.816,"FORKORTELSE":"Rfø","BANENR_NAVN":"(Nykøbing Falster) - Rødby Færge","HVDSTRK_NAVN":"Vigerslev - Rødby Færge","DELSTRK_NAVN":"Nykøbing Falster - Rødby Færge","BTRTYPETEKST":"Teknisk Station","BANEKLASSETEKST":"Lokalbane I"}},{"type":"Feature","id":367411,"geometry":{"type":"MultiPolygon","coordinates":[[[[11.36375,54.65883],[11.36363,54.65882],[11.36971,54.66149],[11.37282,54.66252],[11.36948,54.66133],[11.36423,54.65903],[11.36375,54.65883]]],[[[11.36641,54.65937],[11.36415,54.65842],[11.37311,54.6623],[11.36814,54.66013],[11.36641,54.65937]]]]},"properties":{"STRKAFS":28034,"NAVN":"Rødby Øst - Rødby Færge","HOVER_NAME":"Rødby Øst - Rødby Færge","TIB":"1002","BANENR":"22","FRA_KM":181.816,"TIL_KM":182.538,"FORKORTELSE":"Rfø-Rf","BANENR_NAVN":"(Nykøbing Falster) - Rødby Færge","HVDSTRK_NAVN":"Vigerslev - Rødby Færge","DELSTRK_NAVN":"Nykøbing Falster - Rødby Færge","BTRTYPETEKST":"Fri Bane","BANEKLASSETEKST":"Lokalbane I"}},{"type":"Feature","id":367412,"geometry":{"type":"Polygon","coordinates":[[[11.41467,54.67634],[11.41294,54.6759],[11.41279,54.6761],[11.4405,54.6833],[11.45339,54.68644],[11.45873,54.68736],[11.46518,54.68824],[11.47982,54.68962],[11.4799,54.6893],[11.4644,54.68787],[11.4559,54.6866],[11.44653,54.68449],[11.41614,54.67671],[11.41467,54.67634]]]},"properties":{"STRKAFS":28175,"NAVN":"Holeby","HOVER_NAME":"Holeby","TIB":null,"BANENR":"22","FRA_KM":173.8,"TIL_KM":178.4,"FORKORTELSE":"Hby","BANENR_NAVN":"(Nykøbing Falster) - Rødby Færge","HVDSTRK_NAVN":"Vigerslev - Rødby Færge","DELSTRK_NAVN":"Nykøbing Falster - Rødby Færge","BTRTYPETEKST":"Station","BANEKLASSETEKST":"Lokalbane I"}},{"type":"Feature","id":367413,"geometry":{"type":"Polygon","coordinates":[[[11.40738,54.67424],[11.40511,54.6733],[11.40454,54.67403],[11.41279,54.6761],[11.41294,54.6759],[11.40919,54.67486],[11.40738,54.67424]]]},"properties":{"STRKAFS":28180,"NAVN":"Holeby - Rødby Portal","HOVER_NAME":"Holeby - Rødby Portal","TIB":null,"BANENR":"22","FRA_KM":178.4,"TIL_KM":178.9,"FORKORTELSE":"Hby-Rdp","BANENR_NAVN":"(Nykøbing Falster) - Rødby Færge","HVDSTRK_NAVN":"Vigerslev - Rødby Færge","DELSTRK_NAVN":"Nykøbing Falster - Rødby Færge","BTRTYPETEKST":"Fri Bane","BANEKLASSETEKST":"Lokalbane I"}},{"type":"Feature","id":367414,"geometry":{"type":"Polygon","coordinates":[[[11.36552,54.65903],[11.36415,54.65842],[11.37576,54.66349],[11.3759,54.66341],[11.36488,54.65841],[11.36332,54.65736],[11.36185,54.65589],[11.36107,54.65539],[11.35408,54.65245],[11.35213,54.65376],[11.35148,54.65355],[11.3526,54.65414],[11.35171,54.65412],[11.35173,54.65423],[11.35311,54.65443],[11.35429,54.65494],[11.35504,54.65554],[11.35522,54.65542],[11.35629,54.65594],[11.35568,54.65641],[11.35621,54.65669],[11.35759,54.65723],[11.35872,54.65737],[11.35895,54.65773],[11.36413,54.65914],[11.36467,54.6595],[11.36436,54.65959],[11.3645,54.65976],[11.36437,54.65981],[11.36459,54.66001],[11.3651,54.65987],[11.36559,54.66001],[11.36902,54.66148],[11.37089,54.66252],[11.37142,54.66258],[11.36956,54.66162],[11.37266,54.6627],[11.37278,54.66256],[11.36971,54.66149],[11.36367,54.65879],[11.36948,54.66133],[11.37457,54.66312],[11.37948,54.66522],[11.36717,54.65975],[11.36552,54.65903]]]},"properties":{"STRKAFS":29000,"NAVN":"Rødby Færge","HOVER_NAME":"Rødby Færge","TIB":"1002","BANENR":"22","FRA_KM":182.538,"TIL_KM":183.514,"FORKORTELSE":"Rf","BANENR_NAVN":"(Nykøbing Falster) - Rødby Færge","HVDSTRK_NAVN":"Vigerslev - Rødby Færge","DELSTRK_NAVN":"Rødby Færge","BTRTYPETEKST":"Station","BANEKLASSETEKST":"Lokalbane I"}},{"type":"Feature","id":367415,"geometry":{"type":"Polygon","coordinates":[[[11.88775,54.75201],[11.8989,54.74666],[11.90069,54.74547],[11.90236,54.74398],[11.90354,54.74252],[11.90706,54.73684],[11.91451,54.72453],[11.91542,54.72255],[11.91501,54.72252],[11.91438,54.72391],[11.90621,54.73758],[11.90579,54.73795],[11.90584,54.73817],[11.90316,54.74266],[11.90145,54.7446],[11.89963,54.746],[11.89775,54.74707],[11.88149,54.75472],[11.87531,54.7578],[11.87548,54.75793],[11.88731,54.75221],[11.88775,54.75201]]]},"properties":{"STRKAFS":32024,"NAVN":"Nykøbing Falster - Væggerløse","HOVER_NAME":"Nykøbing Falster - Væggerløse","TIB":null,"BANENR":"30","FRA_KM":147.975,"TIL_KM":152.826,"FORKORTELSE":"Nf-Vø","BANENR_NAVN":"(Nykøbing Falster) - Gedser","HVDSTRK_NAVN":"Nykøbing Falster - Gedser","DELSTRK_NAVN":"Nykøbing Falster - Gedser","BTRTYPETEKST":"Fri Bane","BANEKLASSETEKST":"Lokalbane II"}},{"type":"Feature","id":367416,"geometry":{"type":"Polygon","coordinates":[[[11.9145,54.71601],[11.91415,54.71552],[11.91384,54.71571],[11.91332,54.71501],[11.91096,54.71294],[11.9106,54.71308],[11.91263,54.71479],[11.91359,54.71584],[11.91435,54.717],[11.91508,54.71877],[11.91524,54.72112],[11.91501,54.72252],[11.91542,54.72255],[11.91576,54.72045],[11.9154,54.7175],[11.9145,54.71601]]]},"properties":{"STRKAFS":32029,"NAVN":"Væggerløse","HOVER_NAME":"Væggerløse","TIB":null,"BANENR":"30","FRA_KM":152.826,"TIL_KM":153.959,"FORKORTELSE":"Vø","BANENR_NAVN":"(Nykøbing Falster) - Gedser","HVDSTRK_NAVN":"Nykøbing Falster - Gedser","DELSTRK_NAVN":"Nykøbing Falster - Gedser","BTRTYPETEKST":"Teknisk Station","BANEKLASSETEKST":"Lokalbane II"}},{"type":"Feature","id":367417,"geometry":{"type":"Polygon","coordinates":[[[11.90713,54.70831],[11.90624,54.70642],[11.90566,54.70656],[11.9053,54.70578],[11.90277,54.69477],[11.90272,54.6945],[11.90306,54.69446],[11.90279,54.69326],[11.90236,54.69269],[11.90189,54.69086],[11.90205,54.69083],[11.90174,54.68999],[11.902,54.68997],[11.90182,54.68911],[11.90154,54.68914],[11.90115,54.68753],[11.90149,54.68744],[11.90126,54.68629],[11.90087,54.68633],[11.89982,54.68168],[11.90013,54.68154],[11.89951,54.67824],[11.89902,54.67818],[11.89834,54.67468],[11.89499,54.66025],[11.89506,54.65845],[11.89548,54.65706],[11.90056,54.64744],[11.90029,54.64739],[11.8954,54.65664],[11.89483,54.65843],[11.89475,54.66015],[11.89791,54.67463],[11.90139,54.68959],[11.90163,54.69122],[11.90198,54.69216],[11.90356,54.69919],[11.90389,54.70077],[11.90386,54.7014],[11.90508,54.70578],[11.90512,54.70662],[11.90579,54.70833],[11.90683,54.7098],[11.90945,54.71223],[11.9106,54.71308],[11.91096,54.71294],[11.90809,54.71068],[11.90696,54.70937],[11.90713,54.70831]]]},"properties":{"STRKAFS":32030,"NAVN":"Væggerløse - Fiskebæk","HOVER_NAME":"Væggerløse - Fiskebæk","TIB":null,"BANENR":"30","FRA_KM":153.959,"TIL_KM":161.436,"FORKORTELSE":"Vø-Fi","BANENR_NAVN":"(Nykøbing Falster) - Gedser","HVDSTRK_NAVN":"Nykøbing Falster - Gedser","DELSTRK_NAVN":"Nykøbing Falster - Gedser","BTRTYPETEKST":"Fri Bane","BANEKLASSETEKST":"Lokalbane II"}},{"type":"Feature","id":367418,"geometry":{"type":"Polygon","coordinates":[[[11.90416,54.6408],[11.90568,54.63792],[11.90533,54.63787],[11.90414,54.64026],[11.90383,54.64071],[11.90352,54.64068],[11.90219,54.64321],[11.90241,54.64351],[11.90029,54.64739],[11.90056,54.64744],[11.90166,54.64531],[11.90234,54.64428],[11.90253,54.64426],[11.904,54.64116],[11.90416,54.6408]]]},"properties":{"STRKAFS":32037,"NAVN":"Fiskebæk","HOVER_NAME":"Fiskebæk","TIB":null,"BANENR":"30","FRA_KM":161.436,"TIL_KM":162.542,"FORKORTELSE":"Fi","BANENR_NAVN":"(Nykøbing Falster) - Gedser","HVDSTRK_NAVN":"Nykøbing Falster - Gedser","DELSTRK_NAVN":"Nykøbing Falster - Gedser","BTRTYPETEKST":"Teknisk Station","BANEKLASSETEKST":"Lokalbane II"}},{"type":"Feature","id":367419,"geometry":{"type":"Polygon","coordinates":[[[11.91221,54.62551],[11.91253,54.62546],[11.91326,54.62407],[11.913,54.62402],[11.91496,54.62033],[11.91528,54.62027],[11.91579,54.6194],[11.91639,54.61824],[11.91611,54.61819],[11.91965,54.61149],[11.92003,54.61153],[11.92103,54.60962],[11.9207,54.60955],[11.9269,54.59785],[11.92709,54.5979],[11.92744,54.59699],[11.92765,54.59579],[11.92747,54.59579],[11.92755,54.59434],[11.92601,54.58273],[11.92562,54.58274],[11.92726,54.59479],[11.92707,54.59647],[11.92663,54.59787],[11.90533,54.63787],[11.90568,54.63792],[11.91183,54.62627],[11.91221,54.62551]]]},"properties":{"STRKAFS":32038,"NAVN":"Fiskebæk - Gedser","HOVER_NAME":"Fiskebæk - Gedser","TIB":null,"BANENR":"30","FRA_KM":162.542,"TIL_KM":168.883,"FORKORTELSE":"Fi-Ge","BANENR_NAVN":"(Nykøbing Falster) - Gedser","HVDSTRK_NAVN":"Nykøbing Falster - Gedser","DELSTRK_NAVN":"Nykøbing Falster - Gedser","BTRTYPETEKST":"Fri Bane","BANEKLASSETEKST":"Lokalbane II"}},{"type":"Feature","id":367420,"geometry":{"type":"Polygon","coordinates":[[[11.92562,54.58274],[11.92601,54.58273],[11.92557,54.58003],[11.92555,54.57826],[11.92597,54.57606],[11.92633,54.57574],[11.92594,54.57531],[11.92514,54.57538],[11.92509,54.57487],[11.92465,54.57479],[11.92468,54.5751],[11.92436,54.57511],[11.92432,54.57479],[11.92414,54.57482],[11.92415,54.57506],[11.92401,54.57507],[11.92447,54.57694],[11.92483,54.57985],[11.92496,54.57985],[11.9249,54.5795],[11.9251,54.57948],[11.92525,54.57975],[11.92558,54.58215],[11.92562,54.58274]]]},"properties":{"STRKAFS":33000,"NAVN":"Gedser","HOVER_NAME":"Gedser","TIB":null,"BANENR":"30","FRA_KM":168.883,"TIL_KM":169.96300000000002,"FORKORTELSE":"Ge","BANENR_NAVN":"(Nykøbing Falster) - Gedser","HVDSTRK_NAVN":"Nykøbing Falster - Gedser","DELSTRK_NAVN":"Gedser","BTRTYPETEKST":"Station","BANEKLASSETEKST":"Lokalbane II"}},{"type":"Feature","id":367421,"geometry":{"type":"Polygon","coordinates":[[[12.07665,55.6331],[12.0763,55.63286],[12.07595,55.63301],[12.07417,55.63185],[12.07241,55.63018],[12.07229,55.63022],[12.07176,55.62958],[12.07203,55.62952],[12.07157,55.62892],[12.0704,55.62423],[12.07089,55.62187],[12.07415,55.61614],[12.07382,55.61604],[12.08084,55.60431],[12.08096,55.60414],[12.0813,55.60416],[12.08392,55.59984],[12.08362,55.59974],[12.08565,55.59627],[12.0865,55.59493],[12.08688,55.59494],[12.08792,55.59316],[12.08773,55.59281],[12.09111,55.58724],[12.09153,55.58707],[12.09214,55.58607],[12.09248,55.58545],[12.09224,55.5854],[12.09452,55.58153],[12.09481,55.58159],[12.09542,55.58058],[12.09599,55.58068],[12.09768,55.5778],[12.09825,55.57724],[12.09868,55.57703],[12.09983,55.57688],[12.10206,55.57722],[12.10213,55.57712],[12.10052,55.57684],[12.10346,55.57645],[12.10203,55.57642],[12.10074,55.57671],[12.09887,55.57686],[12.09819,55.57707],[12.09754,55.57755],[12.09754,55.57662],[12.0972,55.57656],[12.07048,55.62122],[12.07,55.6223],[12.06968,55.62383],[12.06977,55.62586],[12.07028,55.62769],[12.07161,55.62973],[12.07307,55.63134],[12.07606,55.63338],[12.0762,55.63331],[12.07665,55.6331]]]},"properties":{"STRKAFS":42034,"NAVN":"Roskilde - Gadstrup","HOVER_NAME":"Roskilde - Gadstrup","TIB":"4,1004","BANENR":"40","FRA_KM":32.291000000000004,"TIL_KM":39,"FORKORTELSE":"Ro-Gt","BANENR_NAVN":"(Roskilde) - Næstved","HVDSTRK_NAVN":"Roskilde - Næstved","DELSTRK_NAVN":"Roskilde - Næstved","BTRTYPETEKST":"Fri Bane","BANEKLASSETEKST":"Lokalbane I"}},{"type":"Feature","id":367422,"geometry":{"type":"Polygon","coordinates":[[[12.1024,55.56809],[12.10113,55.56994],[12.10078,55.57003],[12.09949,55.5721],[12.0996,55.57226],[12.09914,55.57305],[12.09928,55.57317],[12.0972,55.57656],[12.09754,55.57662],[12.10046,55.57196],[12.10258,55.56812],[12.10245,55.5681],[12.1024,55.56809]]]},"properties":{"STRKAFS":42039,"NAVN":"Gadstrup","HOVER_NAME":"Gadstrup","TIB":"1004","BANENR":"40","FRA_KM":39,"TIL_KM":40,"FORKORTELSE":"Gt","BANENR_NAVN":"(Roskilde) - Næstved","HVDSTRK_NAVN":"Roskilde - Næstved","DELSTRK_NAVN":"Roskilde - Næstved","BTRTYPETEKST":"Station","BANEKLASSETEKST":"Lokalbane I"}},{"type":"Feature","id":367423,"geometry":{"type":"Polygon","coordinates":[[[11.94201,55.32178],[11.93991,55.32057],[11.93941,55.32061],[11.9263,55.31313],[11.92138,55.31002],[11.92037,55.30927],[11.9203,55.30918],[11.92057,55.3091],[11.9186,55.30732],[11.91829,55.30743],[11.91552,55.30438],[11.9157,55.30433],[11.91319,55.30072],[11.9129,55.30075],[11.89834,55.27916],[11.89626,55.2769],[11.89376,55.27497],[11.89136,55.27355],[11.88921,55.27257],[11.88943,55.2724],[11.88792,55.27176],[11.88772,55.2719],[11.88621,55.27139],[11.88638,55.27122],[11.88552,55.27095],[11.8822,55.27001],[11.88203,55.2702],[11.87986,55.26962],[11.86116,55.26448],[11.86114,55.26426],[11.85825,55.26348],[11.858,55.26377],[11.88426,55.27095],[11.88913,55.27269],[11.8928,55.27461],[11.89444,55.27575],[11.89651,55.27748],[11.89813,55.27927],[11.90502,55.28945],[11.90505,55.2897],[11.9052,55.28969],[11.91265,55.30078],[11.91259,55.30144],[11.91289,55.30184],[11.91314,55.30178],[11.91359,55.30242],[11.9133,55.30249],[11.91361,55.30294],[11.91379,55.3029],[11.91424,55.30352],[11.91451,55.30345],[11.9152,55.30437],[11.91504,55.30441],[11.91545,55.30496],[11.91815,55.30772],[11.92274,55.31124],[11.9246,55.31244],[11.94152,55.32203],[11.94714,55.3245],[11.95511,55.32741],[11.95523,55.3273],[11.94692,55.32426],[11.94684,55.32404],[11.94189,55.32192],[11.94214,55.32187],[11.94201,55.32178]]]},"properties":{"STRKAFS":42076,"NAVN":"Haslev - Holme-Olstrup","HOVER_NAME":"Haslev - Holme-Olstrup","TIB":"1004","BANENR":"40","FRA_KM":74.8,"TIL_KM":84.60000000000001,"FORKORTELSE":"Hz-Ol","BANENR_NAVN":"(Roskilde) - Næstved","HVDSTRK_NAVN":"Roskilde - Næstved","DELSTRK_NAVN":"Roskilde - Næstved","BTRTYPETEKST":"Fri Bane","BANEKLASSETEKST":"Lokalbane I"}},{"type":"Feature","id":367424,"geometry":{"type":"Polygon","coordinates":[[[11.85214,55.26176],[11.8501,55.26132],[11.84844,55.26068],[11.8483,55.26078],[11.84435,55.25936],[11.84421,55.25948],[11.84598,55.2602],[11.84794,55.26128],[11.84965,55.26148],[11.858,55.26377],[11.85825,55.26348],[11.85344,55.26214],[11.85214,55.26176]]]},"properties":{"STRKAFS":42085,"NAVN":"Holme-Olstrup","HOVER_NAME":"Holme-Olstrup","TIB":"1004","BANENR":"40","FRA_KM":84.60000000000001,"TIL_KM":85.60000000000001,"FORKORTELSE":"Ol","BANENR_NAVN":"(Roskilde) - Næstved","HVDSTRK_NAVN":"Roskilde - Næstved","DELSTRK_NAVN":"Roskilde - Næstved","BTRTYPETEKST":"Station","BANEKLASSETEKST":"Lokalbane I"}},{"type":"Feature","id":367425,"geometry":{"type":"Polygon","coordinates":[[[11.82943,55.25331],[11.82719,55.25244],[11.82685,55.25252],[11.82287,55.251],[11.82077,55.2504],[11.81856,55.24988],[11.81412,55.24925],[11.80788,55.24886],[11.80381,55.2489],[11.79382,55.24848],[11.7908,55.24818],[11.78674,55.24812],[11.77621,55.24755],[11.77192,55.24714],[11.76843,55.24615],[11.76643,55.24525],[11.76515,55.24437],[11.76331,55.24266],[11.76339,55.24258],[11.76219,55.24066],[11.76217,55.24025],[11.76191,55.24026],[11.76182,55.23953],[11.7616,55.23953],[11.76188,55.24136],[11.76253,55.24252],[11.76371,55.24375],[11.76542,55.24497],[11.76692,55.24576],[11.76802,55.2463],[11.77024,55.24703],[11.77374,55.24759],[11.77371,55.24772],[11.77507,55.24782],[11.8019,55.24903],[11.81056,55.24914],[11.81658,55.2498],[11.821,55.25076],[11.82311,55.2514],[11.83413,55.25554],[11.84245,55.25886],[11.84421,55.25948],[11.84435,55.25936],[11.83164,55.25441],[11.83158,55.25415],[11.82943,55.25331]]]},"properties":{"STRKAFS":42086,"NAVN":"Holme-Olstrup - Næstved","HOVER_NAME":"Holme-Olstrup - Næstved","TIB":"4,1004","BANENR":"40","FRA_KM":85.60000000000001,"TIL_KM":91.674,"FORKORTELSE":"Ol-Næ","BANENR_NAVN":"(Roskilde) - Næstved","HVDSTRK_NAVN":"Roskilde - Næstved","DELSTRK_NAVN":"Roskilde - Næstved","BTRTYPETEKST":"Fri Bane","BANEKLASSETEKST":"Lokalbane I"}},{"type":"Feature","id":367426,"geometry":{"type":"Polygon","coordinates":[[[11.78576,55.24805],[11.78561,55.24821],[11.78797,55.24835],[11.78798,55.24813],[11.7861,55.24809],[11.78576,55.24805]]]},"properties":{"STRKAFS":42089,"NAVN":"Næstved Nord","HOVER_NAME":"Næstved Nord","TIB":"4","BANENR":"40","FRA_KM":89.503,"TIL_KM":89.652,"FORKORTELSE":"Næn","BANENR_NAVN":"(Roskilde) - Næstved","HVDSTRK_NAVN":"Roskilde - Næstved","DELSTRK_NAVN":"Roskilde - Næstved","BTRTYPETEKST":"Trinbræt","BANEKLASSETEKST":"Lokalbane I"}},{"type":"Feature","id":367427,"geometry":{"type":"Polygon","coordinates":[[[12.10509,55.56393],[12.10538,55.56343],[12.10566,55.56347],[12.10871,55.55841],[12.10843,55.55837],[12.11181,55.55271],[12.1128,55.55117],[12.1131,55.55105],[12.11353,55.55018],[12.11332,55.55017],[12.11478,55.54773],[12.11456,55.54768],[12.11265,55.55074],[12.10231,55.56807],[12.10258,55.56812],[12.10501,55.56419],[12.10509,55.56393]]]},"properties":{"STRKAFS":42042,"NAVN":"Gadstrup - Havdrup","HOVER_NAME":"Gadstrup - Havdrup","TIB":"1004","BANENR":"40","FRA_KM":40,"TIL_KM":42.4,"FORKORTELSE":"Gt-Hd","BANENR_NAVN":"(Roskilde) - Næstved","HVDSTRK_NAVN":"Roskilde - Næstved","DELSTRK_NAVN":"Roskilde - Næstved","BTRTYPETEKST":"Fri Bane","BANEKLASSETEKST":"Lokalbane I"}},{"type":"Feature","id":367428,"geometry":{"type":"Polygon","coordinates":[[[12.11973,55.5392],[12.1168,55.5437],[12.11677,55.54397],[12.11456,55.54768],[12.11478,55.54773],[12.11607,55.5458],[12.11887,55.54118],[12.11989,55.53923],[12.11979,55.53921],[12.11973,55.5392]]]},"properties":{"STRKAFS":42043,"NAVN":"Havdrup","HOVER_NAME":"Havdrup","TIB":"1004","BANENR":"40","FRA_KM":42.4,"TIL_KM":43.4,"FORKORTELSE":"Hd","BANENR_NAVN":"(Roskilde) - Næstved","HVDSTRK_NAVN":"Roskilde - Næstved","DELSTRK_NAVN":"Roskilde - Næstved","BTRTYPETEKST":"Station","BANEKLASSETEKST":"Lokalbane I"}},{"type":"Feature","id":367429,"geometry":{"type":"Polygon","coordinates":[[[12.12045,55.5383],[12.12082,55.53764],[12.12112,55.53771],[12.12152,55.53704],[12.12273,55.53499],[12.12244,55.53494],[12.12567,55.5296],[12.12596,55.52964],[12.12937,55.52392],[12.12962,55.52387],[12.13139,55.52043],[12.13148,55.51998],[12.13397,55.51695],[12.13705,55.51418],[12.13669,55.51403],[12.13455,55.51593],[12.13276,55.51789],[12.13129,55.51985],[12.12797,55.52513],[12.11964,55.53918],[12.11989,55.53923],[12.12013,55.53885],[12.12045,55.5383]]]},"properties":{"STRKAFS":42044,"NAVN":"Havdrup - Lille Skensved","HOVER_NAME":"Havdrup - Lille Skensved","TIB":"1004","BANENR":"40","FRA_KM":43.4,"TIL_KM":46.4,"FORKORTELSE":"Hd-Lw","BANENR_NAVN":"(Roskilde) - Næstved","HVDSTRK_NAVN":"Roskilde - Næstved","DELSTRK_NAVN":"Roskilde - Næstved","BTRTYPETEKST":"Fri Bane","BANEKLASSETEKST":"Lokalbane I"}},{"type":"Feature","id":367430,"geometry":{"type":"Polygon","coordinates":[[[12.14148,55.51091],[12.14186,55.51066],[12.14216,55.51079],[12.14517,55.50865],[12.14504,55.50844],[12.14627,55.50752],[12.14794,55.50637],[12.14818,55.50643],[12.15107,55.50445],[12.15048,55.50418],[12.15401,55.50121],[12.15379,55.50107],[12.15412,55.50076],[12.15643,55.49904],[12.15621,55.49894],[12.15595,55.49909],[12.15388,55.50062],[12.15113,55.50307],[12.14839,55.50581],[12.14044,55.5112],[12.13669,55.51403],[12.13705,55.51418],[12.14041,55.51166],[12.14148,55.51091]]]},"properties":{"STRKAFS":42047,"NAVN":"Lille Skensved","HOVER_NAME":"Lille Skensved","TIB":"1004","BANENR":"40","FRA_KM":46.4,"TIL_KM":47.800000000000004,"FORKORTELSE":"Lw","BANENR_NAVN":"(Roskilde) - Næstved","HVDSTRK_NAVN":"Roskilde - Næstved","DELSTRK_NAVN":"Roskilde - Næstved","BTRTYPETEKST":"Station","BANEKLASSETEKST":"Lokalbane I"}},{"type":"Feature","id":367431,"geometry":{"type":"Polygon","coordinates":[[[12.15111,55.50442],[12.15402,55.50238],[12.1538,55.50228],[12.15688,55.50012],[12.16431,55.49497],[12.16454,55.49505],[12.1695,55.49162],[12.16936,55.49152],[12.17062,55.49038],[12.1715,55.48863],[12.17179,55.48865],[12.17198,55.48783],[12.17197,55.48497],[12.17209,55.48387],[12.17236,55.48332],[12.17405,55.48141],[12.17719,55.47933],[12.1808,55.4773],[12.18214,55.4761],[12.1832,55.47394],[12.18373,55.47223],[12.18352,55.47221],[12.18216,55.47565],[12.18117,55.47673],[12.17988,55.47769],[12.17538,55.48017],[12.17337,55.48179],[12.1724,55.48287],[12.17171,55.48438],[12.17089,55.48849],[12.17079,55.48986],[12.17045,55.49029],[12.1693,55.49124],[12.1584,55.49887],[12.15068,55.50422],[12.15048,55.50418],[12.15107,55.50445],[12.15111,55.50442]]]},"properties":{"STRKAFS":42048,"NAVN":"Lille Skensved - Køge","HOVER_NAME":"Lille Skensved - Køge","TIB":"1004","BANENR":"40","FRA_KM":47.800000000000004,"TIL_KM":52,"FORKORTELSE":"Lw-Kj","BANENR_NAVN":"(Roskilde) - Næstved","HVDSTRK_NAVN":"Roskilde - Næstved","DELSTRK_NAVN":"Roskilde - Næstved","BTRTYPETEKST":"Fri Bane","BANEKLASSETEKST":"Lokalbane I"}},{"type":"Feature","id":367432,"geometry":{"type":"Polygon","coordinates":[[[12.17574,55.47998],[12.17423,55.48103],[12.17455,55.48115],[12.17598,55.48012],[12.17574,55.47998]]]},"properties":{"STRKAFS":42051,"NAVN":"Ølby","HOVER_NAME":"Ølby","TIB":"1004","BANENR":"40","FRA_KM":50.836000000000006,"TIL_KM":50.985,"FORKORTELSE":"Ølb","BANENR_NAVN":"(Roskilde) - Næstved","HVDSTRK_NAVN":"Roskilde - Næstved","DELSTRK_NAVN":"Roskilde - Næstved","BTRTYPETEKST":"Trinbræt","BANEKLASSETEKST":"Lokalbane I"}},{"type":"Feature","id":367433,"geometry":{"type":"Polygon","coordinates":[[[12.1874,55.46411],[12.18808,55.46366],[12.18897,55.46379],[12.18909,55.46345],[12.18878,55.46287],[12.18869,55.4619],[12.18936,55.46231],[12.18963,55.46278],[12.18958,55.46368],[12.18913,55.46425],[12.18905,55.46479],[12.18809,55.46502],[12.18828,55.468],[12.18967,55.46801],[12.18946,55.46537],[12.19011,55.46577],[12.19116,55.46596],[12.19493,55.46589],[12.19495,55.46574],[12.19058,55.46573],[12.18982,55.46541],[12.18947,55.46507],[12.1893,55.46469],[12.18937,55.46433],[12.18985,55.46366],[12.18996,55.46307],[12.18986,55.46263],[12.18932,55.46206],[12.18843,55.46152],[12.18811,55.46049],[12.18785,55.4587],[12.18732,55.45862],[12.18703,55.45722],[12.18716,55.45676],[12.1878,55.45615],[12.18837,55.45591],[12.19026,55.45588],[12.19457,55.45535],[12.19832,55.45447],[12.19749,55.45457],[12.19741,55.45443],[12.19529,55.45474],[12.19342,55.45537],[12.1902,55.45576],[12.18843,55.45579],[12.19011,55.45495],[12.19342,55.45443],[12.19338,55.4543],[12.18834,55.45496],[12.18675,55.45474],[12.18665,55.45483],[12.18758,55.45508],[12.18958,55.45496],[12.18743,55.45599],[12.18681,55.45692],[12.18616,55.45539],[12.18628,55.45497],[12.18675,55.45451],[12.18727,55.45436],[12.19396,55.45381],[12.19421,55.45366],[12.19389,55.45343],[12.19437,55.45289],[12.19445,55.45179],[12.19422,55.45179],[12.19389,55.45314],[12.19296,55.45373],[12.19011,55.45397],[12.18834,55.45395],[12.19023,55.45316],[12.19054,55.45288],[12.19105,55.45186],[12.19084,55.45183],[12.19013,55.45296],[12.18856,55.45372],[12.18675,55.45431],[12.18618,55.45475],[12.18591,55.45523],[12.1853,55.45361],[12.1845,55.45054],[12.18474,55.44834],[12.18443,55.44831],[12.18422,55.44961],[12.18446,55.45098],[12.18428,55.451],[12.18537,55.45507],[12.18594,55.45656],[12.18609,55.45753],[12.18647,55.4575],[12.18701,55.45964],[12.18719,55.46152],[12.1869,55.46304],[12.18352,55.47221],[12.18373,55.47223],[12.18478,55.46925],[12.18556,55.46771],[12.18618,55.46576],[12.18683,55.46462],[12.1874,55.46411]]]},"properties":{"STRKAFS":42053,"NAVN":"Køge","HOVER_NAME":"Køge","TIB":"618,1004","BANENR":"40","FRA_KM":52,"TIL_KM":54.4,"FORKORTELSE":"Kj","BANENR_NAVN":"(Roskilde) - Næstved","HVDSTRK_NAVN":"Roskilde - Næstved","DELSTRK_NAVN":"Roskilde - Næstved","BTRTYPETEKST":"Station","BANEKLASSETEKST":"Lokalbane I"}},{"type":"Feature","id":367434,"geometry":{"type":"Polygon","coordinates":[[[12.18099,55.44501],[12.18054,55.44464],[12.18077,55.44453],[12.17995,55.44382],[12.17907,55.44316],[12.17877,55.44317],[12.17805,55.44264],[12.17815,55.44247],[12.17581,55.44103],[12.17504,55.44087],[12.16741,55.43681],[12.16767,55.43663],[12.16578,55.43562],[12.16549,55.43577],[12.14817,55.42647],[12.14482,55.42437],[12.14255,55.42272],[12.14069,55.4211],[12.14044,55.42119],[12.14417,55.42425],[12.14732,55.42625],[12.15401,55.42981],[12.1539,55.43001],[12.15607,55.4309],[12.16204,55.43423],[12.17417,55.44059],[12.17755,55.44255],[12.17865,55.44332],[12.17884,55.4435],[12.17869,55.44368],[12.17978,55.44456],[12.18015,55.44485],[12.18037,55.44482],[12.18199,55.44656],[12.18326,55.44838],[12.18389,55.44967],[12.18428,55.451],[12.18446,55.45098],[12.18426,55.45001],[12.18323,55.44782],[12.18209,55.44619],[12.18131,55.44536],[12.18099,55.44501]]]},"properties":{"STRKAFS":42056,"NAVN":"Køge - Herfølge","HOVER_NAME":"Køge - Herfølge","TIB":"1004","BANENR":"40","FRA_KM":54.4,"TIL_KM":58.800000000000004,"FORKORTELSE":"Kj-Hf","BANENR_NAVN":"(Roskilde) - Næstved","HVDSTRK_NAVN":"Roskilde - Næstved","DELSTRK_NAVN":"Roskilde - Næstved","BTRTYPETEKST":"Fri Bane","BANEKLASSETEKST":"Lokalbane I"}},{"type":"Feature","id":367435,"geometry":{"type":"Polygon","coordinates":[[[12.13266,55.41359],[12.13251,55.41343],[12.13228,55.41351],[12.13503,55.41609],[12.13689,55.41808],[12.13712,55.4181],[12.14044,55.42119],[12.14069,55.4211],[12.1381,55.41858],[12.13755,55.41787],[12.13312,55.41404],[12.13266,55.41359]]]},"properties":{"STRKAFS":42059,"NAVN":"Herfølge","HOVER_NAME":"Herfølge","TIB":"1004","BANENR":"40","FRA_KM":58.800000000000004,"TIL_KM":59.800000000000004,"FORKORTELSE":"Hf","BANENR_NAVN":"(Roskilde) - Næstved","HVDSTRK_NAVN":"Roskilde - Næstved","DELSTRK_NAVN":"Roskilde - Næstved","BTRTYPETEKST":"Station","BANEKLASSETEKST":"Lokalbane I"}},{"type":"Feature","id":367436,"geometry":{"type":"Polygon","coordinates":[[[12.11164,55.39356],[12.11077,55.39277],[12.11051,55.39283],[12.10743,55.39038],[12.1028,55.38761],[12.09809,55.38513],[12.09787,55.3848],[12.09505,55.38325],[12.09424,55.38311],[12.08263,55.37677],[12.08236,55.37693],[12.1046,55.38887],[12.10848,55.39154],[12.11032,55.39295],[12.11257,55.39502],[12.13199,55.41328],[12.13228,55.41351],[12.13251,55.41343],[12.11402,55.39609],[12.1142,55.39592],[12.11302,55.39484],[12.11164,55.39356]]]},"properties":{"STRKAFS":42060,"NAVN":"Herfølge - Tureby","HOVER_NAME":"Herfølge - Tureby","TIB":"1004","BANENR":"40","FRA_KM":59.800000000000004,"TIL_KM":65,"FORKORTELSE":"Hf-Th","BANENR_NAVN":"(Roskilde) - Næstved","HVDSTRK_NAVN":"Roskilde - Næstved","DELSTRK_NAVN":"Roskilde - Næstved","BTRTYPETEKST":"Fri Bane","BANEKLASSETEKST":"Lokalbane I"}},{"type":"Feature","id":367437,"geometry":{"type":"Polygon","coordinates":[[[12.07934,55.37479],[12.07689,55.37371],[12.07115,55.37061],[12.07095,55.37073],[12.07785,55.37454],[12.07812,55.37486],[12.07937,55.37535],[12.08236,55.37693],[12.08263,55.37677],[12.07917,55.37494],[12.07934,55.37479]]]},"properties":{"STRKAFS":42065,"NAVN":"Tureby","HOVER_NAME":"Tureby","TIB":"1004","BANENR":"40","FRA_KM":65,"TIL_KM":66,"FORKORTELSE":"Th","BANENR_NAVN":"(Roskilde) - Næstved","HVDSTRK_NAVN":"Roskilde - Næstved","DELSTRK_NAVN":"Roskilde - Næstved","BTRTYPETEKST":"Station","BANEKLASSETEKST":"Lokalbane I"}},{"type":"Feature","id":367438,"geometry":{"type":"Polygon","coordinates":[[[12.0409,55.35827],[12.03813,55.35724],[12.03769,55.3573],[11.99201,55.34069],[11.99171,55.34055],[11.99175,55.34041],[11.98214,55.33708],[11.98175,55.33674],[11.97968,55.33618],[11.96859,55.33214],[11.96838,55.33233],[12.03441,55.35627],[12.03799,55.3576],[12.03827,55.35798],[12.03917,55.35829],[12.03938,55.35811],[12.04017,55.35838],[12.04515,55.36032],[12.06306,55.36669],[12.06592,55.36799],[12.07029,55.3704],[12.07095,55.37073],[12.07115,55.37061],[12.06583,55.36775],[12.06322,55.36659],[12.04573,55.36009],[12.04096,55.35849],[12.0409,55.35827]]]},"properties":{"STRKAFS":42068,"NAVN":"Tureby - Haslev","HOVER_NAME":"Tureby - Haslev","TIB":"1004","BANENR":"40","FRA_KM":66,"TIL_KM":73.8,"FORKORTELSE":"Th-Hz","BANENR_NAVN":"(Roskilde) - Næstved","HVDSTRK_NAVN":"Roskilde - Næstved","DELSTRK_NAVN":"Roskilde - Næstved","BTRTYPETEKST":"Fri Bane","BANEKLASSETEKST":"Lokalbane I"}},{"type":"Feature","id":367439,"geometry":{"type":"Polygon","coordinates":[[[11.96664,55.33144],[11.96086,55.32923],[11.96021,55.32913],[11.95523,55.3273],[11.95511,55.32741],[11.96076,55.32974],[11.96838,55.33233],[11.96859,55.33214],[11.96755,55.33176],[11.96664,55.33144]]]},"properties":{"STRKAFS":42075,"NAVN":"Haslev","HOVER_NAME":"Haslev","TIB":"1004","BANENR":"40","FRA_KM":73.8,"TIL_KM":74.8,"FORKORTELSE":"Hz","BANENR_NAVN":"(Roskilde) - Næstved","HVDSTRK_NAVN":"Roskilde - Næstved","DELSTRK_NAVN":"Roskilde - Næstved","BTRTYPETEKST":"Station","BANEKLASSETEKST":"Lokalbane I"}},{"type":"Feature","id":367440,"geometry":{"type":"Polygon","coordinates":[[[11.8857,54.89428],[11.88484,54.89444],[11.88537,54.89535],[11.88555,54.89535],[11.88553,54.89844],[11.88597,54.89843],[11.88602,54.89486],[11.88593,54.89427],[11.88577,54.89428],[11.8857,54.89428]]]},"properties":{"STRKAFS":26007,"NAVN":"Nørre Alslev","HOVER_NAME":"Nørre Alslev","TIB":"1002","BANENR":"21","FRA_KM":131.61700000000002,"TIL_KM":132.08,"FORKORTELSE":"Nv","BANENR_NAVN":"(Ringsted) - Nykøbing Falster","HVDSTRK_NAVN":"Vigerslev - Rødby Færge","DELSTRK_NAVN":"Orehoved - Nykøbing Falster","BTRTYPETEKST":"Trinbræt","BANEKLASSETEKST":"Regionalbane"}},{"type":"Feature","id":367441,"geometry":{"type":"Polygon","coordinates":[[[11.88288,54.84127],[11.88272,54.84126],[11.88223,54.84584],[11.88227,54.84801],[11.88286,54.85044],[11.88416,54.85265],[11.88484,54.85454],[11.88468,54.85456],[11.88495,54.8563],[11.8851,54.8563],[11.88524,54.85788],[11.88521,54.86238],[11.88537,54.86238],[11.88543,54.86308],[11.88543,54.86562],[11.88519,54.86804],[11.88579,54.86804],[11.8857,54.86126],[11.88578,54.85983],[11.88595,54.85963],[11.88598,54.85753],[11.88568,54.85753],[11.88561,54.85637],[11.88576,54.85635],[11.88579,54.85598],[11.88525,54.85438],[11.88539,54.8543],[11.88348,54.8501],[11.88284,54.84822],[11.88271,54.84582],[11.88315,54.84128],[11.88293,54.84127],[11.88288,54.84127]]]},"properties":{"STRKAFS":26011,"NAVN":"Eskilstrup","HOVER_NAME":"Eskilstrup","TIB":"1002","BANENR":"21","FRA_KM":135,"TIL_KM":138,"FORKORTELSE":"Ek","BANENR_NAVN":"(Ringsted) - Nykøbing Falster","HVDSTRK_NAVN":"Vigerslev - Rødby Færge","DELSTRK_NAVN":"Orehoved - Nykøbing Falster","BTRTYPETEKST":"Station","BANEKLASSETEKST":"Regionalbane"}},{"type":"Feature","id":367442,"geometry":{"type":"Polygon","coordinates":[[[11.88877,54.8033],[11.88854,54.80211],[11.8888,54.80206],[11.88846,54.80155],[11.88576,54.78323],[11.88558,54.78225],[11.88521,54.78227],[11.88683,54.79291],[11.88649,54.79302],[11.88696,54.79377],[11.8884,54.8032],[11.8883,54.8032],[11.88845,54.80388],[11.88846,54.80569],[11.88819,54.80719],[11.88623,54.81224],[11.88589,54.81403],[11.88531,54.81924],[11.88509,54.81924],[11.88514,54.82012],[11.88462,54.82514],[11.88409,54.82859],[11.88272,54.84126],[11.88315,54.84128],[11.8853,54.82208],[11.88551,54.82187],[11.88564,54.82064],[11.8855,54.82063],[11.88579,54.81965],[11.88595,54.81675],[11.88635,54.81359],[11.88679,54.81169],[11.88854,54.80741],[11.88884,54.80506],[11.88878,54.8036],[11.88877,54.8033]]]},"properties":{"STRKAFS":26014,"NAVN":"Eskilstrup - Nykøbing Falster","HOVER_NAME":"Eskilstrup - Nykøbing Falster","TIB":"1002","BANENR":"21","FRA_KM":138,"TIL_KM":144.6,"FORKORTELSE":"Ek-Nf","BANENR_NAVN":"(Ringsted) - Nykøbing Falster","HVDSTRK_NAVN":"Vigerslev - Rødby Færge","DELSTRK_NAVN":"Orehoved - Nykøbing Falster","BTRTYPETEKST":"Fri Bane","BANEKLASSETEKST":"Regionalbane"}},{"type":"Feature","id":367443,"geometry":{"type":"Polygon","coordinates":[[[11.88479,54.77555],[11.88442,54.77504],[11.8837,54.7728],[11.88276,54.77139],[11.88107,54.76982],[11.88078,54.76934],[11.8807,54.76872],[11.87977,54.76809],[11.87852,54.76688],[11.87838,54.76672],[11.87873,54.76662],[11.8783,54.76614],[11.87806,54.76621],[11.87775,54.76604],[11.87546,54.76397],[11.87521,54.76403],[11.87403,54.76301],[11.87403,54.76258],[11.87431,54.76228],[11.87482,54.76207],[11.87622,54.76191],[11.87619,54.76176],[11.87437,54.76204],[11.87377,54.76245],[11.87355,54.76168],[11.87311,54.76172],[11.87308,54.76074],[11.87331,54.75998],[11.87354,54.75965],[11.87356,54.7601],[11.87374,54.76009],[11.87376,54.75939],[11.87396,54.75907],[11.87548,54.75793],[11.87539,54.75785],[11.87426,54.75844],[11.8731,54.75972],[11.87275,54.76068],[11.8728,54.76144],[11.87308,54.76229],[11.87135,54.76079],[11.87098,54.76096],[11.87225,54.76205],[11.87093,54.76189],[11.86948,54.76204],[11.86754,54.76294],[11.86771,54.76304],[11.86895,54.76234],[11.86996,54.76208],[11.87131,54.76206],[11.87257,54.76238],[11.87681,54.76631],[11.87734,54.76684],[11.87717,54.76693],[11.87942,54.76901],[11.88005,54.76973],[11.87991,54.76979],[11.88012,54.77009],[11.87882,54.77076],[11.8807,54.77214],[11.88297,54.77434],[11.8834,54.77558],[11.88395,54.77553],[11.8843,54.77717],[11.88413,54.77823],[11.88448,54.77825],[11.88484,54.77965],[11.88521,54.78227],[11.88558,54.78225],[11.8851,54.77917],[11.88509,54.77847],[11.88536,54.77845],[11.88514,54.77705],[11.88522,54.77669],[11.88498,54.77587],[11.88479,54.77555]]]},"properties":{"STRKAFS":27000,"NAVN":"Nykøbing Falster","HOVER_NAME":"Nykøbing Falster","TIB":"1002","BANENR":"21","FRA_KM":144.6,"TIL_KM":147.20000000000002,"FORKORTELSE":"Nf","BANENR_NAVN":"(Ringsted) - Nykøbing Falster","HVDSTRK_NAVN":"Vigerslev - Rødby Færge","DELSTRK_NAVN":"Nykøbing Falster","BTRTYPETEKST":"Station","BANEKLASSETEKST":"Regionalbane"}},{"type":"Feature","id":367444,"geometry":{"type":"Polygon","coordinates":[[[11.86914,54.75953],[11.86806,54.75904],[11.86792,54.75914],[11.86432,54.75816],[11.86452,54.75791],[11.8608,54.75696],[11.86056,54.75726],[11.86084,54.75734],[11.86069,54.75752],[11.8633,54.75803],[11.86787,54.75932],[11.86952,54.76001],[11.87098,54.76096],[11.87135,54.76079],[11.86964,54.75976],[11.86914,54.75953]]]},"properties":{"STRKAFS":28002,"NAVN":"Nykøbing Falster - Nykøbing Falster Vest","HOVER_NAME":"Nykøbing Falster - Nykøbing Falster Vest","TIB":"1002","BANENR":"22","FRA_KM":147.20000000000002,"TIL_KM":148,"FORKORTELSE":"Nf-Nfv","BANENR_NAVN":"(Nykøbing Falster) - Rødby Færge","HVDSTRK_NAVN":"Vigerslev - Rødby Færge","DELSTRK_NAVN":"Nykøbing Falster - Rødby Færge","BTRTYPETEKST":"Fri Bane","BANEKLASSETEKST":"Lokalbane I"}},{"type":"Feature","id":367445,"geometry":{"type":"Polygon","coordinates":[[[11.85785,54.75622],[11.85106,54.75474],[11.84389,54.75372],[11.83406,54.75296],[11.82758,54.75268],[11.82753,54.753],[11.83812,54.75344],[11.84336,54.75391],[11.84931,54.75481],[11.85499,54.75602],[11.85354,54.75591],[11.85068,54.75602],[11.84846,54.7563],[11.84865,54.75668],[11.85198,54.75629],[11.85492,54.75635],[11.85776,54.75671],[11.86003,54.75721],[11.85989,54.7574],[11.86069,54.75752],[11.86084,54.75734],[11.86056,54.75726],[11.8608,54.75696],[11.85863,54.75641],[11.85785,54.75622]]]},"properties":{"STRKAFS":28003,"NAVN":"Nykøbing Falster Vest","HOVER_NAME":"Nykøbing Falster Vest","TIB":"632,1002","BANENR":"22","FRA_KM":148,"TIL_KM":150.20000000000002,"FORKORTELSE":"Nfv","BANENR_NAVN":"(Nykøbing Falster) - Rødby Færge","HVDSTRK_NAVN":"Vigerslev - Rødby Færge","DELSTRK_NAVN":"Nykøbing Falster - Rødby Færge","BTRTYPETEKST":"Teknisk Station","BANEKLASSETEKST":"Lokalbane I"}},{"type":"Feature","id":367446,"geometry":{"type":"Polygon","coordinates":[[[11.81785,54.75196],[11.80845,54.75093],[11.7963,54.74895],[11.78884,54.7472],[11.78201,54.74589],[11.7348,54.7359],[11.69259,54.72812],[11.68812,54.72715],[11.67096,54.72408],[11.6708,54.72439],[11.7376,54.73675],[11.7827,54.74636],[11.78824,54.74768],[11.7986,54.74963],[11.81363,54.75193],[11.81473,54.7519],[11.82573,54.75292],[11.82753,54.753],[11.82758,54.75268],[11.81992,54.75214],[11.81785,54.75196]]]},"properties":{"STRKAFS":28004,"NAVN":"Nykøbing Falster Vest - Lolland Midt","HOVER_NAME":"Nykøbing Falster Vest - Lolland Midt","TIB":"1002","BANENR":"22","FRA_KM":150.20000000000002,"TIL_KM":160.8,"FORKORTELSE":"Nfv-Llm","BANENR_NAVN":"(Nykøbing Falster) - Rødby Færge","HVDSTRK_NAVN":"Vigerslev - Rødby Færge","DELSTRK_NAVN":"Nykøbing Falster - Rødby Færge","BTRTYPETEKST":"Fri Bane","BANEKLASSETEKST":"Lokalbane I"}},{"type":"Feature","id":367447,"geometry":{"type":"Polygon","coordinates":[[[11.66011,54.72213],[11.6484,54.71954],[11.64387,54.7182],[11.64128,54.71763],[11.63532,54.71577],[11.6342,54.71534],[11.63398,54.71511],[11.63335,54.71506],[11.6296,54.71391],[11.62218,54.7114],[11.62158,54.71134],[11.61632,54.70982],[11.60622,54.70742],[11.59972,54.70614],[11.59107,54.7047],[11.59097,54.7049],[11.60428,54.70735],[11.61977,54.71115],[11.62158,54.71167],[11.62175,54.71186],[11.62906,54.71397],[11.63334,54.7156],[11.64653,54.71946],[11.65774,54.72196],[11.65767,54.72206],[11.65837,54.72218],[11.65841,54.72207],[11.6708,54.72439],[11.67096,54.72408],[11.66016,54.72218],[11.66011,54.72213]]]},"properties":{"STRKAFS":28019,"NAVN":"Lolland Midt","HOVER_NAME":"Lolland Midt","TIB":null,"BANENR":"22","FRA_KM":160.8,"TIL_KM":166.4,"FORKORTELSE":"Llm","BANENR_NAVN":"(Nykøbing Falster) - Rødby Færge","HVDSTRK_NAVN":"Vigerslev - Rødby Færge","DELSTRK_NAVN":"Nykøbing Falster - Rødby Færge","BTRTYPETEKST":"Teknisk Station","BANEKLASSETEKST":"Lokalbane I"}},{"type":"Feature","id":367448,"geometry":{"type":"Polygon","coordinates":[[[11.4817,54.68946],[11.4799,54.6893],[11.47982,54.68962],[11.51194,54.69247],[11.52016,54.69327],[11.52178,54.69355],[11.52449,54.69364],[11.53515,54.69456],[11.54982,54.69635],[11.56313,54.69871],[11.58531,54.70382],[11.59097,54.7049],[11.59107,54.7047],[11.58203,54.70283],[11.56678,54.69917],[11.55994,54.69776],[11.55007,54.69604],[11.53721,54.69449],[11.48365,54.68963],[11.4817,54.68946]]]},"properties":{"STRKAFS":28020,"NAVN":"Lolland Midt - Holeby","HOVER_NAME":"Lolland Midt - Holeby","TIB":null,"BANENR":"22","FRA_KM":166.4,"TIL_KM":173.8,"FORKORTELSE":"Llm-Hby","BANENR_NAVN":"(Nykøbing Falster) - Rødby Færge","HVDSTRK_NAVN":"Vigerslev - Rødby Færge","DELSTRK_NAVN":"Nykøbing Falster - Rødby Færge","BTRTYPETEKST":"Fri Bane","BANEKLASSETEKST":"Lokalbane I"}},{"type":"Feature","id":367449,"geometry":{"type":"Polygon","coordinates":[[[11.39148,54.66988],[11.38832,54.66875],[11.38808,54.66897],[11.39815,54.67226],[11.40454,54.67403],[11.40475,54.67376],[11.39523,54.67107],[11.39148,54.66988]]]},"properties":{"STRKAFS":28028,"NAVN":"Holeby - Rødby Øst","HOVER_NAME":"Holeby - Rødby Øst","TIB":null,"BANENR":"22","FRA_KM":179.4,"TIL_KM":180.6,"FORKORTELSE":"Hby-Rfø","BANENR_NAVN":"(Nykøbing Falster) - Rødby Færge","HVDSTRK_NAVN":"Vigerslev - Rødby Færge","DELSTRK_NAVN":"Nykøbing Falster - Rødby Færge","BTRTYPETEKST":"Fri Bane","BANEKLASSETEKST":"Lokalbane I"}},{"type":"Feature","id":367450,"geometry":{"type":"Polygon","coordinates":[[[12.59202,55.70278],[12.59211,55.70186],[12.59238,55.70257],[12.59233,55.7035],[12.59131,55.70707],[12.59157,55.70764],[12.59223,55.70812],[12.59233,55.70806],[12.59154,55.70733],[12.59151,55.70681],[12.5922,55.70539],[12.59254,55.70392],[12.59252,55.70251],[12.59219,55.70135],[12.59244,55.69944],[12.59231,55.69944],[12.59176,55.70354],[12.59081,55.70665],[12.59013,55.70778],[12.58859,55.70902],[12.58777,55.71056],[12.58799,55.71061],[12.5885,55.71001],[12.58925,55.70854],[12.59056,55.70756],[12.59098,55.70695],[12.59193,55.70343],[12.59202,55.70278]]]},"properties":{"STRKAFS":77000,"NAVN":"Østerport","HOVER_NAME":"Østerport","TIB":"7","BANENR":"70","FRA_KM":14.063,"TIL_KM":15.317,"FORKORTELSE":"Kk","BANENR_NAVN":"Lersøen - Østerport","HVDSTRK_NAVN":"Lersøen - Østerport","DELSTRK_NAVN":"Østerport","BTRTYPETEKST":"Teknisk Station","BANEKLASSETEKST":"Godsbane"}},{"type":"Feature","id":367451,"geometry":{"type":"Polygon","coordinates":[[[12.31408,55.93552],[12.31407,55.93494],[12.31384,55.93496],[12.31383,55.93602],[12.31329,55.93792],[12.31335,55.939],[12.31395,55.94022],[12.31515,55.94121],[12.31815,55.94252],[12.32047,55.94308],[12.36094,55.95094],[12.37201,55.95389],[12.3822,55.9576],[12.38393,55.95852],[12.38591,55.96009],[12.39432,55.9688],[12.3965,55.97124],[12.39998,55.97467],[12.40018,55.9746],[12.38608,55.95996],[12.38463,55.95874],[12.38234,55.95749],[12.37292,55.95403],[12.36029,55.95057],[12.32433,55.94365],[12.31745,55.94214],[12.31615,55.94153],[12.31525,55.9409],[12.31382,55.93915],[12.31356,55.93855],[12.31351,55.93783],[12.31405,55.93572],[12.31408,55.93552]]]},"properties":{"STRKAFS":92038,"NAVN":"Hillerød - Fredensborg","HOVER_NAME":"Hillerød - Fredensborg","TIB":"9","BANENR":null,"FRA_KM":37.366,"TIL_KM":44.889,"FORKORTELSE":"Hi-Fd","BANENR_NAVN":null,"HVDSTRK_NAVN":"Hillerød - Snekkersten","DELSTRK_NAVN":"Hillerød - Snekkersten","BTRTYPETEKST":"Fri Bane","BANEKLASSETEKST":"Privatbane"}},{"type":"Feature","id":367452,"geometry":{"type":"Polygon","coordinates":[[[12.3692,55.95299],[12.36894,55.95291],[12.36882,55.95305],[12.37001,55.9534],[12.37014,55.95324],[12.3692,55.95299]]]},"properties":{"STRKAFS":92041,"NAVN":"Grønholt","HOVER_NAME":"Grønholt","TIB":"9","BANENR":null,"FRA_KM":41.69,"TIL_KM":41.75,"FORKORTELSE":"Grt","BANENR_NAVN":null,"HVDSTRK_NAVN":"Hillerød - Snekkersten","DELSTRK_NAVN":"Hillerød - Snekkersten","BTRTYPETEKST":"Trinbræt","BANEKLASSETEKST":"Privatbane"}},{"type":"Feature","id":367453,"geometry":{"type":"Polygon","coordinates":[[[12.39178,55.9659],[12.39148,55.96593],[12.39217,55.96663],[12.39247,55.96654],[12.39179,55.96591],[12.39178,55.9659]]]},"properties":{"STRKAFS":92043,"NAVN":"Kratbjerg","HOVER_NAME":"Kratbjerg","TIB":"9","BANENR":null,"FRA_KM":43.78,"TIL_KM":43.87,"FORKORTELSE":"Krb","BANENR_NAVN":null,"HVDSTRK_NAVN":"Hillerød - Snekkersten","DELSTRK_NAVN":"Hillerød - Snekkersten","BTRTYPETEKST":"Trinbræt","BANEKLASSETEKST":"Privatbane"}},{"type":"Feature","id":367454,"geometry":{"type":"Polygon","coordinates":[[[12.40933,55.97722],[12.40802,55.97694],[12.40785,55.97714],[12.40377,55.97637],[12.4022,55.97583],[12.40018,55.9746],[12.39998,55.97467],[12.40163,55.97575],[12.40364,55.9765],[12.40626,55.97701],[12.40668,55.97726],[12.40827,55.97762],[12.41058,55.97787],[12.4177,55.97929],[12.41779,55.97914],[12.41366,55.97833],[12.41057,55.97746],[12.40933,55.97722]]]},"properties":{"STRKAFS":92045,"NAVN":"Fredensborg","HOVER_NAME":"Fredensborg","TIB":"9","BANENR":null,"FRA_KM":44.889,"TIL_KM":46.123000000000005,"FORKORTELSE":"Fd","BANENR_NAVN":null,"HVDSTRK_NAVN":"Hillerød - Snekkersten","DELSTRK_NAVN":"Hillerød - Snekkersten","BTRTYPETEKST":"Station","BANEKLASSETEKST":"Privatbane"}},{"type":"Feature","id":367455,"geometry":{"type":"Polygon","coordinates":[[[12.56604,56.00913],[12.5747,56.00878],[12.57468,56.00845],[12.5678,56.00891],[12.56442,56.00889],[12.55909,56.00826],[12.55289,56.00703],[12.52018,55.9991],[12.51494,55.99755],[12.51176,55.99625],[12.50993,55.99526],[12.50685,55.99321],[12.50439,55.99151],[12.50305,55.99037],[12.50144,55.98954],[12.49909,55.98801],[12.49554,55.98652],[12.49297,55.98592],[12.46447,55.98302],[12.45345,55.9813],[12.44804,55.9811],[12.43492,55.98145],[12.4316,55.98139],[12.42736,55.98098],[12.41779,55.97914],[12.4177,55.97929],[12.42504,55.98074],[12.43232,55.98166],[12.44673,55.98126],[12.4517,55.98133],[12.46587,55.98334],[12.49064,55.98577],[12.49355,55.98623],[12.49541,55.98669],[12.49856,55.98793],[12.50038,55.98901],[12.5007,55.98928],[12.50044,55.98939],[12.5026,55.99071],[12.50249,55.99076],[12.50636,55.99334],[12.50674,55.99331],[12.50895,55.99484],[12.51179,55.99646],[12.51553,55.99796],[12.51818,55.99877],[12.52318,56.00001],[12.5555,56.00779],[12.56053,56.00868],[12.56561,56.0091],[12.56604,56.00913]]]},"properties":{"STRKAFS":92048,"NAVN":"Fredensborg - Snekkersten","HOVER_NAME":"Fredensborg - Snekkersten","TIB":"9","BANENR":null,"FRA_KM":46.123000000000005,"TIL_KM":56.804,"FORKORTELSE":"Fd-Sq","BANENR_NAVN":null,"HVDSTRK_NAVN":"Hillerød - Snekkersten","DELSTRK_NAVN":"Hillerød - Snekkersten","BTRTYPETEKST":"Fri Bane","BANEKLASSETEKST":"Privatbane"}},{"type":"Feature","id":367456,"geometry":{"type":"Polygon","coordinates":[[[12.45166,55.98118],[12.45043,55.98114],[12.45041,55.98127],[12.45173,55.98134],[12.45176,55.98119],[12.45166,55.98118]]]},"properties":{"STRKAFS":92049,"NAVN":"Langerød","HOVER_NAME":"Langerød","TIB":"9","BANENR":null,"FRA_KM":48.2,"TIL_KM":48.29,"FORKORTELSE":"Lrt","BANENR_NAVN":null,"HVDSTRK_NAVN":"Hillerød - Snekkersten","DELSTRK_NAVN":"Hillerød - Snekkersten","BTRTYPETEKST":"Trinbræt","BANEKLASSETEKST":"Privatbane"}},{"type":"Feature","id":367457,"geometry":{"type":"Polygon","coordinates":[[[12.50305,55.99037],[12.50289,55.99029],[12.50235,55.99054],[12.50326,55.99129],[12.50379,55.99104],[12.50332,55.99056],[12.50305,55.99037]]]},"properties":{"STRKAFS":92051,"NAVN":"Kvistgård","HOVER_NAME":"Kvistgård","TIB":"9","BANENR":null,"FRA_KM":51.71,"TIL_KM":51.81,"FORKORTELSE":"Kå","BANENR_NAVN":null,"HVDSTRK_NAVN":"Hillerød - Snekkersten","DELSTRK_NAVN":"Hillerød - Snekkersten","BTRTYPETEKST":"Trinbræt","BANEKLASSETEKST":"Privatbane"}},{"type":"Feature","id":367458,"geometry":{"type":"Polygon","coordinates":[[[12.53107,56.00168],[12.53083,56.00182],[12.53434,56.00268],[12.53446,56.00253],[12.53138,56.00176],[12.53107,56.00168]]]},"properties":{"STRKAFS":92055,"NAVN":"Mørdrup","HOVER_NAME":"Mørdrup","TIB":"9","BANENR":null,"FRA_KM":53.92,"TIL_KM":54.14,"FORKORTELSE":"Møt","BANENR_NAVN":null,"HVDSTRK_NAVN":"Hillerød - Snekkersten","DELSTRK_NAVN":"Hillerød - Snekkersten","BTRTYPETEKST":"Trinbræt","BANEKLASSETEKST":"Privatbane"}},{"type":"Feature","id":367459,"geometry":{"type":"Polygon","coordinates":[[[12.56477,55.6724],[12.56357,55.6735],[12.56303,55.67431],[12.56256,55.67553],[12.56258,55.67642],[12.56298,55.67722],[12.56367,55.67799],[12.56691,55.6798],[12.56721,55.67962],[12.56526,55.67862],[12.56421,55.67788],[12.5633,55.67633],[12.5633,55.67574],[12.56411,55.67459],[12.56617,55.67288],[12.56494,55.67246],[12.56477,55.6724]]]},"properties":{"STRKAFS":101000,"NAVN":"København H","HOVER_NAME":"København H","TIB":"10","BANENR":"10","FRA_KM":0,"TIL_KM":0.93,"FORKORTELSE":"Kh","BANENR_NAVN":"København H - Helsingør","HVDSTRK_NAVN":"København H - Helsingør","DELSTRK_NAVN":"København H","BTRTYPETEKST":"Station","BANEKLASSETEKST":"Hovedbane"}},{"type":"Feature","id":367460,"geometry":{"type":"Polygon","coordinates":[[[12.56736,55.67988],[12.56721,55.67962],[12.56691,55.6798],[12.57027,55.68233],[12.57629,55.68636],[12.57899,55.68792],[12.57913,55.68785],[12.5763,55.68619],[12.57255,55.68353],[12.57061,55.68237],[12.56767,55.68011],[12.56736,55.67988]]]},"properties":{"STRKAFS":102002,"NAVN":"København H - Østerport","HOVER_NAME":"København H - Østerport","TIB":"10","BANENR":"10","FRA_KM":0.93,"TIL_KM":2.113,"FORKORTELSE":"Kh-Kk","BANENR_NAVN":"København H - Helsingør","HVDSTRK_NAVN":"København H - Helsingør","DELSTRK_NAVN":"København H - Hellerup","BTRTYPETEKST":"Fri Bane","BANEKLASSETEKST":"Regionalbane"}},{"type":"Feature","id":367461,"geometry":{"type":"Polygon","coordinates":[[[12.04587,55.60673],[12.04578,55.60632],[12.04752,55.6075],[12.0497,55.60966],[12.05045,55.61087],[12.05174,55.6142],[12.05246,55.6156],[12.05336,55.61704],[12.05524,55.6194],[12.05942,55.6224],[12.06942,55.62907],[12.0708,55.62853],[12.07028,55.62769],[12.06993,55.62662],[12.06639,55.62673],[12.05695,55.61998],[12.05494,55.618],[12.05357,55.61618],[12.05277,55.61473],[12.05108,55.61078],[12.04923,55.60832],[12.04742,55.60675],[12.04537,55.60542],[12.04188,55.60383],[12.04118,55.60381],[12.03817,55.60302],[12.03729,55.60265],[12.03512,55.60238],[12.03192,55.60226],[12.02318,55.60302],[12.02276,55.60322],[12.01878,55.60356],[12.0187,55.60335],[12.01688,55.60351],[12.01693,55.60371],[12.00592,55.60471],[12.00584,55.60451],[11.98944,55.60617],[11.98947,55.60636],[11.99155,55.60622],[11.99289,55.6065],[12.0056,55.60528],[12.00562,55.60515],[12.01012,55.60476],[12.01013,55.60455],[12.01213,55.60432],[12.0145,55.60412],[12.01466,55.60429],[12.01904,55.60389],[12.01901,55.6037],[12.02248,55.60344],[12.02261,55.60365],[12.03225,55.60289],[12.03499,55.60299],[12.03727,55.60332],[12.03765,55.60317],[12.03855,55.60338],[12.04063,55.60404],[12.04264,55.60493],[12.04405,55.60581],[12.04517,55.60684],[12.04642,55.60847],[12.04763,55.61167],[12.04733,55.61173],[12.04803,55.61295],[12.05046,55.61619],[12.053,55.61859],[12.05396,55.61938],[12.05431,55.61937],[12.05642,55.62098],[12.05988,55.62305],[12.06915,55.6292],[12.06931,55.62913],[12.05557,55.6201],[12.05229,55.61747],[12.05,55.61501],[12.0485,55.61283],[12.0461,55.60746],[12.04587,55.60673]]]},"properties":{"STRKAFS":52034,"NAVN":"Roskilde - Lejre","HOVER_NAME":"Roskilde - Lejre","TIB":"5","BANENR":"79","FRA_KM":32.927,"TIL_KM":39.606,"FORKORTELSE":"Ro-Lj","BANENR_NAVN":"(Roskilde) - Holbæk","HVDSTRK_NAVN":"Roskilde - Kalundborg","DELSTRK_NAVN":"Roskilde - Kalundborg","BTRTYPETEKST":"Fri Bane","BANEKLASSETEKST":"Regionalbane"}},{"type":"Feature","id":367462,"geometry":{"type":"Polygon","coordinates":[[[11.98945,55.60625],[11.98853,55.60621],[11.98849,55.60599],[11.98433,55.60595],[11.98435,55.60618],[11.97843,55.60542],[11.96696,55.60367],[11.96701,55.60349],[11.96327,55.60287],[11.96317,55.60307],[11.95947,55.60227],[11.95714,55.60141],[11.95681,55.60168],[11.96127,55.60328],[11.96556,55.60371],[11.98129,55.60629],[11.98356,55.60628],[11.98553,55.60637],[11.98575,55.60658],[11.98825,55.6066],[11.98827,55.60641],[11.98946,55.60629],[11.98945,55.60625]]]},"properties":{"STRKAFS":52041,"NAVN":"Lejre","HOVER_NAME":"Lejre","TIB":"5","BANENR":"79","FRA_KM":39.606,"TIL_KM":41.738,"FORKORTELSE":"Lj","BANENR_NAVN":"(Roskilde) - Holbæk","HVDSTRK_NAVN":"Roskilde - Kalundborg","DELSTRK_NAVN":"Roskilde - Kalundborg","BTRTYPETEKST":"Station","BANEKLASSETEKST":"Regionalbane"}},{"type":"Feature","id":367463,"geometry":{"type":"Polygon","coordinates":[[[11.91546,55.59],[11.91163,55.58963],[11.90665,55.58941],[11.90666,55.58923],[11.90347,55.58907],[11.90342,55.58924],[11.9032,55.58923],[11.90294,55.58908],[11.90091,55.58891],[11.9004,55.58903],[11.89406,55.58869],[11.89109,55.58869],[11.88652,55.58915],[11.88004,55.59075],[11.8753,55.59211],[11.87549,55.59233],[11.88484,55.58977],[11.88956,55.58901],[11.89452,55.58889],[11.89947,55.58918],[11.90129,55.58942],[11.9036,55.58937],[11.90377,55.58958],[11.90655,55.58972],[11.90661,55.58954],[11.91389,55.59002],[11.92006,55.5911],[11.9294,55.5939],[11.93889,55.59603],[11.94088,55.59667],[11.94674,55.59789],[11.95184,55.59956],[11.95681,55.60168],[11.95714,55.60141],[11.95406,55.60008],[11.94892,55.59814],[11.9407,55.59617],[11.93979,55.5961],[11.93081,55.59406],[11.92626,55.59285],[11.92195,55.59143],[11.91639,55.59015],[11.91546,55.59]]]},"properties":{"STRKAFS":52042,"NAVN":"Lejre - Hvalsø","HOVER_NAME":"Lejre - Hvalsø","TIB":"5","BANENR":"79","FRA_KM":41.738,"TIL_KM":47.268,"FORKORTELSE":"Lj-Hv","BANENR_NAVN":"(Roskilde) - Holbæk","HVDSTRK_NAVN":"Roskilde - Kalundborg","DELSTRK_NAVN":"Roskilde - Kalundborg","BTRTYPETEKST":"Fri Bane","BANEKLASSETEKST":"Regionalbane"}},{"type":"Feature","id":367464,"geometry":{"type":"Polygon","coordinates":[[[11.85528,55.59576],[11.86026,55.5955],[11.86595,55.59472],[11.86831,55.59423],[11.86842,55.59437],[11.87345,55.59303],[11.87336,55.59287],[11.87549,55.59233],[11.8753,55.59211],[11.86808,55.59407],[11.86443,55.5948],[11.86211,55.59496],[11.85966,55.59477],[11.85839,55.59484],[11.85298,55.59554],[11.84989,55.59536],[11.84743,55.59497],[11.84445,55.59414],[11.8427,55.59342],[11.83735,55.59209],[11.83339,55.59189],[11.82987,55.59193],[11.82812,55.59206],[11.82466,55.59265],[11.82481,55.59291],[11.82764,55.59233],[11.83119,55.59204],[11.83605,55.59221],[11.84171,55.59342],[11.84783,55.59551],[11.85238,55.59587],[11.85473,55.59581],[11.85528,55.59576]]]},"properties":{"STRKAFS":52049,"NAVN":"Hvalsø","HOVER_NAME":"Hvalsø","TIB":"5","BANENR":"79","FRA_KM":47.268,"TIL_KM":50.625,"FORKORTELSE":"Hv","BANENR_NAVN":"(Roskilde) - Holbæk","HVDSTRK_NAVN":"Roskilde - Kalundborg","DELSTRK_NAVN":"Roskilde - Kalundborg","BTRTYPETEKST":"Station","BANEKLASSETEKST":"Regionalbane"}},{"type":"Feature","id":367465,"geometry":{"type":"Polygon","coordinates":[[[11.78906,55.60769],[11.78955,55.60757],[11.78957,55.60774],[11.79194,55.60714],[11.79181,55.60698],[11.79358,55.60662],[11.79344,55.60651],[11.79815,55.60463],[11.80109,55.603],[11.80545,55.59982],[11.80597,55.59969],[11.80878,55.59771],[11.80912,55.59727],[11.81158,55.59629],[11.81148,55.59616],[11.81309,55.59557],[11.81716,55.59448],[11.8192,55.59406],[11.82179,55.59393],[11.82241,55.59376],[11.82286,55.59342],[11.82481,55.59291],[11.82466,55.59265],[11.82032,55.59338],[11.81916,55.5939],[11.81452,55.59486],[11.81193,55.59573],[11.80957,55.59684],[11.80787,55.59786],[11.79979,55.60354],[11.79892,55.60403],[11.79866,55.60385],[11.79729,55.6045],[11.7976,55.60469],[11.79441,55.60603],[11.79149,55.60693],[11.78543,55.60825],[11.78568,55.60852],[11.78831,55.608],[11.78821,55.60784],[11.78906,55.60769]]]},"properties":{"STRKAFS":52050,"NAVN":"Hvalsø - Tølløse","HOVER_NAME":"Hvalsø - Tølløse","TIB":"5","BANENR":"79","FRA_KM":50.625,"TIL_KM":53.705000000000005,"FORKORTELSE":"Hv-Tø","BANENR_NAVN":"(Roskilde) - Holbæk","HVDSTRK_NAVN":"Roskilde - Kalundborg","DELSTRK_NAVN":"Roskilde - Kalundborg","BTRTYPETEKST":"Fri Bane","BANEKLASSETEKST":"Regionalbane"}},{"type":"Feature","id":367466,"geometry":{"type":"Polygon","coordinates":[[[11.77832,55.61022],[11.77952,55.6097],[11.78145,55.60917],[11.7831,55.60884],[11.78321,55.609],[11.78568,55.60852],[11.78543,55.60825],[11.78001,55.60927],[11.77645,55.61012],[11.77815,55.60931],[11.77774,55.60904],[11.77705,55.60939],[11.77754,55.60842],[11.7776,55.60799],[11.77736,55.60799],[11.77702,55.60903],[11.77651,55.60977],[11.7755,55.61052],[11.77498,55.61061],[11.77329,55.61152],[11.77099,55.61314],[11.76958,55.61447],[11.76807,55.61653],[11.76647,55.61951],[11.76507,55.62115],[11.76337,55.62253],[11.76381,55.62274],[11.76574,55.62115],[11.76669,55.61999],[11.76641,55.61992],[11.76818,55.61692],[11.76859,55.61676],[11.7691,55.61585],[11.76893,55.61569],[11.77048,55.61393],[11.77149,55.61316],[11.77199,55.61295],[11.77311,55.61282],[11.77766,55.61055],[11.77832,55.61022]]]},"properties":{"STRKAFS":52055,"NAVN":"Tølløse","HOVER_NAME":"Tølløse","TIB":"5,616","BANENR":"79","FRA_KM":53.705000000000005,"TIL_KM":55.936,"FORKORTELSE":"Tø","BANENR_NAVN":"(Roskilde) - Holbæk","HVDSTRK_NAVN":"Roskilde - Kalundborg","DELSTRK_NAVN":"Roskilde - Kalundborg","BTRTYPETEKST":"Station","BANEKLASSETEKST":"Regionalbane"}},{"type":"Feature","id":367467,"geometry":{"type":"Polygon","coordinates":[[[11.74493,55.65386],[11.74518,55.65334],[11.74547,55.65341],[11.74626,55.65169],[11.74707,55.64989],[11.74678,55.64986],[11.74703,55.64925],[11.74798,55.64742],[11.74796,55.64718],[11.75309,55.63584],[11.7534,55.63586],[11.75388,55.63484],[11.75419,55.63409],[11.75389,55.63406],[11.75521,55.63144],[11.75557,55.63031],[11.7563,55.62885],[11.75692,55.62785],[11.75838,55.62621],[11.76095,55.62437],[11.76381,55.62274],[11.76337,55.62253],[11.75964,55.6249],[11.75783,55.62636],[11.75637,55.62811],[11.75471,55.63138],[11.75411,55.63307],[11.75073,55.64027],[11.7483,55.64593],[11.74783,55.64695],[11.7473,55.64761],[11.74737,55.64792],[11.74688,55.64905],[11.74124,55.66139],[11.7416,55.66144],[11.74219,55.65992],[11.74259,55.65984],[11.74481,55.65489],[11.74458,55.65467],[11.74493,55.65386]]]},"properties":{"STRKAFS":52056,"NAVN":"Tølløse - Vipperød","HOVER_NAME":"Tølløse - Vipperød","TIB":"5","BANENR":"79","FRA_KM":55.936,"TIL_KM":60.522000000000006,"FORKORTELSE":"Tø-Pe","BANENR_NAVN":"(Roskilde) - Holbæk","HVDSTRK_NAVN":"Roskilde - Kalundborg","DELSTRK_NAVN":"Roskilde - Kalundborg","BTRTYPETEKST":"Fri Bane","BANEKLASSETEKST":"Regionalbane"}},{"type":"Feature","id":367468,"geometry":{"type":"Polygon","coordinates":[[[11.73848,55.66887],[11.73851,55.66873],[11.73831,55.66874],[11.73953,55.66603],[11.74008,55.66524],[11.74041,55.66403],[11.7416,55.66144],[11.74124,55.66139],[11.73996,55.6642],[11.73956,55.66437],[11.73841,55.66657],[11.73862,55.6666],[11.73794,55.66822],[11.73812,55.66828],[11.73677,55.67134],[11.73568,55.67297],[11.73389,55.67452],[11.73439,55.67471],[11.73541,55.67382],[11.73615,55.67288],[11.73646,55.67282],[11.73728,55.67161],[11.73856,55.66887],[11.73848,55.66887]]]},"properties":{"STRKAFS":52061,"NAVN":"Vipperød","HOVER_NAME":"Vipperød","TIB":"5","BANENR":"79","FRA_KM":60.522000000000006,"TIL_KM":62.067,"FORKORTELSE":"Pe","BANENR_NAVN":"(Roskilde) - Holbæk","HVDSTRK_NAVN":"Roskilde - Kalundborg","DELSTRK_NAVN":"Roskilde - Kalundborg","BTRTYPETEKST":"Station","BANEKLASSETEKST":"Regionalbane"}},{"type":"Feature","id":367469,"geometry":{"type":"Polygon","coordinates":[[[11.72359,55.69101],[11.72375,55.69037],[11.72401,55.69038],[11.72466,55.68864],[11.72512,55.6869],[11.72486,55.68692],[11.72549,55.6854],[11.72559,55.68458],[11.72679,55.68183],[11.72828,55.67972],[11.72963,55.6783],[11.73439,55.67471],[11.73389,55.67452],[11.72898,55.6784],[11.72712,55.68039],[11.72599,55.6823],[11.72487,55.68524],[11.72399,55.68849],[11.72211,55.69388],[11.7222,55.69412],[11.72195,55.695],[11.71904,55.70416],[11.71852,55.70517],[11.71912,55.70527],[11.71939,55.70464],[11.72145,55.6981],[11.72178,55.69659],[11.72337,55.69187],[11.72359,55.69101]]]},"properties":{"STRKAFS":52062,"NAVN":"Vipperød - Holbæk","HOVER_NAME":"Vipperød - Holbæk","TIB":"5","BANENR":"79","FRA_KM":62.067,"TIL_KM":65.656,"FORKORTELSE":"Pe-Hk","BANENR_NAVN":"(Roskilde) - Holbæk","HVDSTRK_NAVN":"Roskilde - Kalundborg","DELSTRK_NAVN":"Roskilde - Kalundborg","BTRTYPETEKST":"Fri Bane","BANEKLASSETEKST":"Regionalbane"}},{"type":"Feature","id":367470,"geometry":{"type":"Polygon","coordinates":[[[11.71663,55.71328],[11.71304,55.71321],[11.71789,55.70744],[11.71862,55.70638],[11.71912,55.70527],[11.71852,55.70517],[11.71788,55.70632],[11.71558,55.70933],[11.71565,55.70939],[11.71529,55.70981],[11.71502,55.70987],[11.71331,55.71208],[11.71064,55.71369],[11.70879,55.71454],[11.70836,55.71436],[11.7071,55.71501],[11.70735,55.71538],[11.70693,55.71579],[11.70387,55.71679],[11.70151,55.71717],[11.69858,55.71724],[11.69503,55.71678],[11.69488,55.717],[11.69894,55.71744],[11.70457,55.71717],[11.70624,55.71682],[11.70631,55.7165],[11.70784,55.7159],[11.70804,55.71601],[11.70992,55.71535],[11.71083,55.71493],[11.71073,55.71477],[11.71186,55.71443],[11.71204,55.71456],[11.71231,55.71447],[11.71375,55.71339],[11.71506,55.71328],[11.72032,55.71389],[11.7231,55.71506],[11.72416,55.71583],[11.72431,55.71665],[11.72365,55.71743],[11.7227,55.71785],[11.7215,55.71813],[11.72075,55.71849],[11.72086,55.71855],[11.7235,55.71771],[11.72439,55.71707],[11.72454,55.71641],[11.72445,55.71598],[11.7242,55.71561],[11.72354,55.71513],[11.72092,55.71395],[11.71806,55.71347],[11.71663,55.71328]]]},"properties":{"STRKAFS":52067,"NAVN":"Holbæk","HOVER_NAME":"Holbæk","TIB":"5,609","BANENR":"79","FRA_KM":65.656,"TIL_KM":67.885,"FORKORTELSE":"Hk","BANENR_NAVN":"(Roskilde) - Holbæk","HVDSTRK_NAVN":"Roskilde - Kalundborg","DELSTRK_NAVN":"Roskilde - Kalundborg","BTRTYPETEKST":"Station","BANEKLASSETEKST":"Regionalbane"}},{"type":"Feature","id":367471,"geometry":{"type":"Polygon","coordinates":[[[11.68886,55.71548],[11.66892,55.71131],[11.66885,55.71105],[11.66284,55.70978],[11.66273,55.70996],[11.66194,55.70983],[11.66131,55.70969],[11.66148,55.7095],[11.65949,55.70906],[11.65406,55.70792],[11.65378,55.70806],[11.65338,55.70795],[11.65364,55.70784],[11.65156,55.7074],[11.65119,55.70755],[11.64966,55.70722],[11.64179,55.70492],[11.63712,55.70318],[11.63535,55.70236],[11.63318,55.70094],[11.63027,55.69836],[11.62666,55.69408],[11.62686,55.69394],[11.62461,55.6912],[11.6239,55.6904],[11.6236,55.69043],[11.61634,55.68173],[11.61609,55.68179],[11.63081,55.69925],[11.63192,55.70029],[11.63416,55.70192],[11.63604,55.70306],[11.63811,55.70403],[11.64138,55.7053],[11.64487,55.70635],[11.65341,55.70819],[11.65307,55.70829],[11.65734,55.70921],[11.65736,55.70901],[11.66102,55.70973],[11.67113,55.71195],[11.69496,55.71688],[11.69503,55.71678],[11.68905,55.71549],[11.68886,55.71548]]]},"properties":{"STRKAFS":52068,"NAVN":"Holbæk - Regstrup","HOVER_NAME":"Holbæk - Regstrup","TIB":"5","BANENR":"51","FRA_KM":67.885,"TIL_KM":74.662,"FORKORTELSE":"Hk-Rt","BANENR_NAVN":"(Holbæk) - Kalundborg","HVDSTRK_NAVN":"Roskilde - Kalundborg","DELSTRK_NAVN":"Roskilde - Kalundborg","BTRTYPETEKST":"Fri Bane","BANEKLASSETEKST":"Lokalbane I"}},{"type":"Feature","id":367472,"geometry":{"type":"Polygon","coordinates":[[[11.61121,55.67564],[11.61069,55.67517],[11.61056,55.67529],[11.61043,55.6752],[11.60894,55.67388],[11.60651,55.67227],[11.6063,55.67241],[11.6081,55.6736],[11.61043,55.67544],[11.61345,55.67864],[11.61609,55.68179],[11.61634,55.68173],[11.61305,55.67785],[11.61293,55.67763],[11.61303,55.67759],[11.61228,55.67687],[11.61246,55.67682],[11.61242,55.6767],[11.61173,55.67613],[11.61121,55.67564]]]},"properties":{"STRKAFS":52075,"NAVN":"Regstrup","HOVER_NAME":"Regstrup","TIB":"5","BANENR":"51","FRA_KM":74.662,"TIL_KM":75.884,"FORKORTELSE":"Rt","BANENR_NAVN":"(Holbæk) - Kalundborg","HVDSTRK_NAVN":"Roskilde - Kalundborg","DELSTRK_NAVN":"Roskilde - Kalundborg","BTRTYPETEKST":"Station","BANEKLASSETEKST":"Lokalbane I"}},{"type":"Feature","id":367473,"geometry":{"type":"Polygon","coordinates":[[[11.59653,55.66759],[11.59545,55.6672],[11.59511,55.66734],[11.58923,55.66595],[11.58401,55.6652],[11.58412,55.66503],[11.58096,55.66479],[11.58095,55.66492],[11.58047,55.66492],[11.56286,55.6648],[11.56261,55.66462],[11.55829,55.66461],[11.55802,55.66478],[11.55094,55.66463],[11.54807,55.66471],[11.54361,55.66433],[11.53805,55.66328],[11.52562,55.66],[11.52505,55.65967],[11.5196,55.6582],[11.51785,55.65776],[11.51754,55.65789],[11.51174,55.65637],[11.51161,55.6565],[11.53544,55.66278],[11.54192,55.66426],[11.54673,55.66481],[11.54961,55.66488],[11.57946,55.66501],[11.58346,55.66546],[11.58362,55.66527],[11.58777,55.66582],[11.59219,55.66671],[11.59824,55.6685],[11.60258,55.67034],[11.6063,55.67241],[11.60651,55.67227],[11.6057,55.67168],[11.60329,55.67043],[11.59697,55.66783],[11.59714,55.66779],[11.59653,55.66759]]]},"properties":{"STRKAFS":52076,"NAVN":"Regstrup - Mørkøv","HOVER_NAME":"Regstrup - Mørkøv","TIB":"5","BANENR":"51","FRA_KM":75.884,"TIL_KM":82.266,"FORKORTELSE":"Rt-Mø","BANENR_NAVN":"(Holbæk) - Kalundborg","HVDSTRK_NAVN":"Roskilde - Kalundborg","DELSTRK_NAVN":"Roskilde - Kalundborg","BTRTYPETEKST":"Fri Bane","BANEKLASSETEKST":"Lokalbane I"}},{"type":"Feature","id":367474,"geometry":{"type":"Polygon","coordinates":[[[11.55403,55.66474],[11.55168,55.66464],[11.55168,55.66487],[11.55489,55.66489],[11.55489,55.66474],[11.55403,55.66474]]]},"properties":{"STRKAFS":52079,"NAVN":"Knabstrup","HOVER_NAME":"Knabstrup","TIB":"5","BANENR":"51","FRA_KM":79.358,"TIL_KM":79.56,"FORKORTELSE":"Ks","BANENR_NAVN":"(Holbæk) - Kalundborg","HVDSTRK_NAVN":"Roskilde - Kalundborg","DELSTRK_NAVN":"Roskilde - Kalundborg","BTRTYPETEKST":"Trinbræt","BANEKLASSETEKST":"Lokalbane I"}},{"type":"Feature","id":367475,"geometry":{"type":"Polygon","coordinates":[[[11.50494,55.6548],[11.50165,55.65432],[11.49587,55.65407],[11.49585,55.65388],[11.49361,55.6539],[11.49363,55.65408],[11.49278,55.65412],[11.4928,55.65425],[11.49922,55.65433],[11.50162,55.65479],[11.50271,55.65479],[11.50696,55.65536],[11.51161,55.6565],[11.51174,55.65637],[11.50554,55.65493],[11.50494,55.6548]]]},"properties":{"STRKAFS":52083,"NAVN":"Mørkøv","HOVER_NAME":"Mørkøv","TIB":"5","BANENR":"51","FRA_KM":82.266,"TIL_KM":83.498,"FORKORTELSE":"Mø","BANENR_NAVN":"(Holbæk) - Kalundborg","HVDSTRK_NAVN":"Roskilde - Kalundborg","DELSTRK_NAVN":"Roskilde - Kalundborg","BTRTYPETEKST":"Station","BANEKLASSETEKST":"Lokalbane I"}},{"type":"Feature","id":367476,"geometry":{"type":"Polygon","coordinates":[[[11.40986,55.65873],[11.42531,55.65672],[11.43257,55.65654],[11.43815,55.65622],[11.43819,55.65638],[11.441,55.65628],[11.44175,55.65608],[11.45273,55.65568],[11.45274,55.65586],[11.45578,55.65574],[11.45569,55.65558],[11.45704,55.65552],[11.4928,55.65425],[11.49278,55.65412],[11.49072,55.65417],[11.46828,55.65501],[11.46123,55.65514],[11.45565,55.65546],[11.45563,55.65529],[11.45269,55.65541],[11.45271,55.65557],[11.44649,55.65581],[11.44645,55.65546],[11.44277,55.65592],[11.4416,55.65595],[11.4416,55.65578],[11.43315,55.65627],[11.43034,55.65622],[11.43035,55.65636],[11.42577,55.6565],[11.42003,55.65723],[11.41864,55.65724],[11.41867,55.65742],[11.4088,55.65875],[11.40858,55.65879],[11.40862,55.65889],[11.40986,55.65873]]]},"properties":{"STRKAFS":52084,"NAVN":"Mørkøv - Jyderup","HOVER_NAME":"Mørkøv - Jyderup","TIB":"5","BANENR":"51","FRA_KM":83.498,"TIL_KM":88.834,"FORKORTELSE":"Mø-Jy","BANENR_NAVN":"(Holbæk) - Kalundborg","HVDSTRK_NAVN":"Roskilde - Kalundborg","DELSTRK_NAVN":"Roskilde - Kalundborg","BTRTYPETEKST":"Fri Bane","BANEKLASSETEKST":"Lokalbane I"}},{"type":"Feature","id":367477,"geometry":{"type":"Polygon","coordinates":[[[11.39546,55.66077],[11.40049,55.66018],[11.40227,55.65976],[11.40862,55.65889],[11.4082,55.65883],[11.40131,55.65977],[11.4011,55.65961],[11.39656,55.66041],[11.38955,55.66133],[11.38964,55.66152],[11.39266,55.6611],[11.39546,55.66077]]]},"properties":{"STRKAFS":52089,"NAVN":"Jyderup","HOVER_NAME":"Jyderup","TIB":"5","BANENR":"51","FRA_KM":88.834,"TIL_KM":90.063,"FORKORTELSE":"Jy","BANENR_NAVN":"(Holbæk) - Kalundborg","HVDSTRK_NAVN":"Roskilde - Kalundborg","DELSTRK_NAVN":"Roskilde - Kalundborg","BTRTYPETEKST":"Station","BANEKLASSETEKST":"Lokalbane I"}},{"type":"Feature","id":367478,"geometry":{"type":"Polygon","coordinates":[[[11.37832,55.66301],[11.38964,55.66152],[11.38955,55.66133],[11.38936,55.66135],[11.37868,55.6628],[11.37455,55.66299],[11.36971,55.66242],[11.36606,55.66132],[11.36256,55.65966],[11.35958,55.65745],[11.35778,55.65598],[11.35536,55.65356],[11.35339,55.65102],[11.35223,55.64996],[11.35009,55.64852],[11.34689,55.64721],[11.34471,55.64675],[11.33574,55.6457],[11.33308,55.64598],[11.33595,55.64461],[11.33651,55.64419],[11.33708,55.64333],[11.33713,55.64289],[11.33663,55.6421],[11.33398,55.64074],[11.33382,55.64086],[11.33631,55.64212],[11.33669,55.64259],[11.33682,55.64305],[11.3367,55.64354],[11.33603,55.64418],[11.33315,55.64575],[11.33231,55.64604],[11.32978,55.64638],[11.32414,55.64775],[11.32099,55.64823],[11.31689,55.64844],[11.31117,55.6482],[11.30798,55.64836],[11.3049,55.64876],[11.30503,55.64896],[11.30718,55.64864],[11.31034,55.64842],[11.31753,55.64861],[11.32016,55.64849],[11.32406,55.64791],[11.32981,55.64655],[11.33276,55.64622],[11.33845,55.64618],[11.34401,55.6469],[11.34752,55.64779],[11.35054,55.64923],[11.35193,55.6501],[11.35291,55.65093],[11.35371,55.65212],[11.35634,55.65502],[11.35966,55.65783],[11.36368,55.66062],[11.36677,55.66185],[11.37074,55.66276],[11.37481,55.66315],[11.37797,55.66305],[11.37832,55.66301]]]},"properties":{"STRKAFS":52092,"NAVN":"Jyderup - Svebølle","HOVER_NAME":"Jyderup - Svebølle","TIB":"5","BANENR":"51","FRA_KM":90.063,"TIL_KM":96.308,"FORKORTELSE":"Jy-Se","BANENR_NAVN":"(Holbæk) - Kalundborg","HVDSTRK_NAVN":"Roskilde - Kalundborg","DELSTRK_NAVN":"Roskilde - Kalundborg","BTRTYPETEKST":"Fri Bane","BANEKLASSETEKST":"Lokalbane I"}},{"type":"Feature","id":367479,"geometry":{"type":"Polygon","coordinates":[[[11.28476,55.65434],[11.28517,55.65436],[11.28858,55.65344],[11.30211,55.64959],[11.30503,55.64896],[11.3049,55.64876],[11.29859,55.65018],[11.29793,55.65055],[11.2831,55.65463],[11.28322,55.65477],[11.28409,55.65452],[11.28476,55.65434]]]},"properties":{"STRKAFS":52097,"NAVN":"Svebølle","HOVER_NAME":"Svebølle","TIB":"5","BANENR":"51","FRA_KM":96.308,"TIL_KM":97.825,"FORKORTELSE":"Se","BANENR_NAVN":"(Holbæk) - Kalundborg","HVDSTRK_NAVN":"Roskilde - Kalundborg","DELSTRK_NAVN":"Roskilde - Kalundborg","BTRTYPETEKST":"Station","BANEKLASSETEKST":"Lokalbane I"}},{"type":"Feature","id":367480,"geometry":{"type":"Polygon","coordinates":[[[11.23494,55.66576],[11.23848,55.6655],[11.23853,55.66567],[11.24363,55.6652],[11.24352,55.66499],[11.24679,55.6645],[11.25031,55.66372],[11.28322,55.65477],[11.2831,55.65463],[11.27997,55.65546],[11.24834,55.66404],[11.24362,55.66485],[11.24352,55.66464],[11.2364,55.66531],[11.23648,55.66551],[11.22766,55.66621],[11.2204,55.66748],[11.22049,55.66761],[11.2268,55.66649],[11.23416,55.66584],[11.23494,55.66576]]]},"properties":{"STRKAFS":52098,"NAVN":"Svebølle - Værslev","HOVER_NAME":"Svebølle - Værslev","TIB":"5","BANENR":"51","FRA_KM":97.825,"TIL_KM":102.05300000000001,"FORKORTELSE":"Se-Væ","BANENR_NAVN":"(Holbæk) - Kalundborg","HVDSTRK_NAVN":"Roskilde - Kalundborg","DELSTRK_NAVN":"Roskilde - Kalundborg","BTRTYPETEKST":"Fri Bane","BANEKLASSETEKST":"Lokalbane I"}},{"type":"Feature","id":367481,"geometry":{"type":"Polygon","coordinates":[[[11.2058,55.67003],[11.20947,55.66985],[11.21392,55.66923],[11.22049,55.66761],[11.2204,55.66748],[11.21856,55.66791],[11.21816,55.66765],[11.21209,55.66909],[11.21182,55.669],[11.20539,55.66982],[11.20191,55.66979],[11.1983,55.6695],[11.19681,55.66935],[11.19155,55.66832],[11.19141,55.66857],[11.19782,55.66971],[11.20353,55.67005],[11.2058,55.67003]]]},"properties":{"STRKAFS":52103,"NAVN":"Værslev","HOVER_NAME":"Værslev","TIB":"5","BANENR":"51","FRA_KM":102.05300000000001,"TIL_KM":103.944,"FORKORTELSE":"Væ","BANENR_NAVN":"(Holbæk) - Kalundborg","HVDSTRK_NAVN":"Roskilde - Kalundborg","DELSTRK_NAVN":"Roskilde - Kalundborg","BTRTYPETEKST":"Teknisk Station","BANEKLASSETEKST":"Lokalbane I"}},{"type":"Feature","id":367482,"geometry":{"type":"Polygon","coordinates":[[[11.11641,55.67715],[11.11847,55.67692],[11.11852,55.67706],[11.11942,55.67699],[11.12266,55.67654],[11.1226,55.67637],[11.14366,55.67315],[11.14898,55.67214],[11.1666,55.66829],[11.1729,55.66711],[11.17707,55.66692],[11.1817,55.667],[11.18173,55.66686],[11.18639,55.66745],[11.19141,55.66857],[11.19155,55.66832],[11.18515,55.66699],[11.18324,55.66677],[11.17947,55.66651],[11.17455,55.6666],[11.1743,55.66663],[11.17437,55.66676],[11.16954,55.66745],[11.15314,55.67105],[11.14304,55.67306],[11.11874,55.67672],[11.10919,55.67737],[11.10919,55.6775],[11.11188,55.67744],[11.11571,55.67721],[11.11641,55.67715]]]},"properties":{"STRKAFS":52104,"NAVN":"Værslev - Kalundborg","HOVER_NAME":"Værslev - Kalundborg","TIB":"5","BANENR":"51","FRA_KM":103.944,"TIL_KM":109.334,"FORKORTELSE":"Væ-Kb","BANENR_NAVN":"(Holbæk) - Kalundborg","HVDSTRK_NAVN":"Roskilde - Kalundborg","DELSTRK_NAVN":"Roskilde - Kalundborg","BTRTYPETEKST":"Fri Bane","BANEKLASSETEKST":"Lokalbane I"}},{"type":"Feature","id":367483,"geometry":{"type":"Polygon","coordinates":[[[11.12532,55.67584],[11.12527,55.67572],[11.12282,55.67611],[11.12293,55.67633],[11.1254,55.67599],[11.12532,55.67584]]]},"properties":{"STRKAFS":52109,"NAVN":"Kalundborg Øst","HOVER_NAME":"Kalundborg Øst","TIB":"5","BANENR":"51","FRA_KM":108.3,"TIL_KM":108.46000000000001,"FORKORTELSE":"Kbø","BANENR_NAVN":"(Holbæk) - Kalundborg","HVDSTRK_NAVN":"Roskilde - Kalundborg","DELSTRK_NAVN":"Roskilde - Kalundborg","BTRTYPETEKST":"Trinbræt","BANEKLASSETEKST":"Lokalbane I"}},{"type":"Feature","id":367484,"geometry":{"type":"Polygon","coordinates":[[[11.10392,55.67786],[11.10396,55.67764],[11.10421,55.67762],[11.10919,55.6775],[11.10919,55.67735],[11.10997,55.67726],[11.10368,55.6773],[11.10367,55.67694],[11.10408,55.67662],[11.10678,55.67084],[11.1069,55.66951],[11.10595,55.66728],[11.10373,55.66492],[11.10348,55.66447],[11.10374,55.66322],[11.10185,55.65999],[11.10253,55.65813],[11.10217,55.6581],[11.10208,55.65719],[11.1017,55.65721],[11.10167,55.65649],[11.10096,55.65638],[11.10017,55.65685],[11.10146,55.65731],[11.10179,55.65761],[11.10189,55.65824],[11.10131,55.65825],[11.10169,55.65926],[11.1017,55.66013],[11.10344,55.6631],[11.10353,55.66338],[11.10319,55.66401],[11.10299,55.66405],[11.10168,55.66262],[11.10078,55.6619],[11.09794,55.66022],[11.09641,55.65969],[11.09392,55.65931],[11.08783,55.65925],[11.08622,55.65967],[11.08591,55.66001],[11.08577,55.66063],[11.08609,55.66062],[11.08708,55.65964],[11.08854,55.65937],[11.09493,55.65953],[11.09633,55.65984],[11.09792,55.66042],[11.10095,55.66224],[11.10143,55.66271],[11.10559,55.6672],[11.10661,55.66944],[11.10662,55.67047],[11.10638,55.67113],[11.10603,55.67072],[11.10544,55.67044],[11.10377,55.67007],[11.10297,55.67005],[11.10149,55.67048],[11.10046,55.67128],[11.09999,55.67147],[11.09455,55.67226],[11.0946,55.67239],[11.10032,55.67158],[11.10113,55.67117],[11.10184,55.67058],[11.10279,55.67027],[11.10432,55.67034],[11.1054,55.67065],[11.10579,55.67087],[11.10607,55.67148],[11.10559,55.67237],[11.1044,55.67285],[11.1027,55.67296],[11.10271,55.67311],[11.10442,55.67307],[11.10371,55.67451],[11.104,55.67455],[11.10469,55.67321],[11.10572,55.67258],[11.10392,55.67644],[11.10311,55.67704],[11.10194,55.67707],[11.10102,55.67674],[11.1006,55.67629],[11.10009,55.67507],[11.09983,55.6751],[11.10037,55.67631],[11.10086,55.67681],[11.09982,55.6764],[11.09941,55.67586],[11.09888,55.67606],[11.09808,55.6759],[11.09485,55.67597],[11.09399,55.67613],[11.09811,55.67607],[11.09901,55.67622],[11.09987,55.67659],[11.09443,55.67669],[11.09444,55.67683],[11.09961,55.67674],[11.1014,55.67708],[11.09862,55.67712],[11.09676,55.67736],[11.09139,55.67742],[11.09139,55.67756],[11.08874,55.6775],[11.08877,55.67815],[11.09732,55.67771],[11.09849,55.6778],[11.09849,55.67795],[11.10037,55.67792],[11.10303,55.67827],[11.10335,55.67821],[11.10351,55.67787],[11.10392,55.67786]]]},"properties":{"STRKAFS":53000,"NAVN":"Kalundborg","HOVER_NAME":"Kalundborg","TIB":"5","BANENR":"51","FRA_KM":109.334,"TIL_KM":110.586,"FORKORTELSE":"Kb","BANENR_NAVN":"(Holbæk) - Kalundborg","HVDSTRK_NAVN":"Roskilde - Kalundborg","DELSTRK_NAVN":"Kalundborg","BTRTYPETEKST":"Station","BANEKLASSETEKST":"Lokalbane I"}},{"type":"Feature","id":367485,"geometry":{"type":"Polygon","coordinates":[[[12.54018,55.65757],[12.53962,55.65649],[12.53911,55.65661],[12.54056,55.65928],[12.54101,55.65919],[12.54059,55.65842],[12.54018,55.65757]]]},"properties":{"STRKAFS":70002,"NAVN":"København H - København G","HOVER_NAME":"København H - København G","TIB":"6","BANENR":"19","FRA_KM":2.4250000000000003,"TIL_KM":2.74,"FORKORTELSE":"Kh-Gb","BANENR_NAVN":"København G - (Hvidovre Fjern)","HVDSTRK_NAVN":"Lersøen - Østerport","DELSTRK_NAVN":"København H - København G","BTRTYPETEKST":"Fri Bane","BANEKLASSETEKST":"Hovedbane"}},{"type":"Feature","id":367486,"geometry":{"type":"Polygon","coordinates":[[[12.56197,55.66384],[12.55758,55.66177],[12.55712,55.66138],[12.55688,55.66095],[12.55687,55.66052],[12.55828,55.65875],[12.55689,55.65876],[12.55645,55.65818],[12.55601,55.65787],[12.55499,55.65754],[12.5487,55.65658],[12.551,55.65602],[12.55084,55.65573],[12.54787,55.65649],[12.54708,55.65657],[12.54616,55.65644],[12.54213,55.65503],[12.54114,55.65603],[12.53989,55.6557],[12.53935,55.65521],[12.53887,55.65518],[12.5383,55.65487],[12.53793,55.65455],[12.53799,55.65434],[12.5367,55.65354],[12.52854,55.65125],[12.52831,55.65164],[12.53571,55.65373],[12.53751,55.6546],[12.53865,55.65564],[12.53911,55.65661],[12.53962,55.65649],[12.54127,55.65965],[12.54254,55.66079],[12.54358,55.66129],[12.54761,55.66216],[12.55275,55.66268],[12.55863,55.66373],[12.56015,55.66425],[12.56432,55.66624],[12.56498,55.66636],[12.56611,55.66559],[12.56449,55.66487],[12.56197,55.66384]]]},"properties":{"STRKAFS":71000,"NAVN":"København G","HOVER_NAME":"København G","TIB":"6","BANENR":"19","FRA_KM":2.74,"TIL_KM":3.665,"FORKORTELSE":"Gb","BANENR_NAVN":"København G - (Hvidovre Fjern)","HVDSTRK_NAVN":"Lersøen - Østerport","DELSTRK_NAVN":"København G","BTRTYPETEKST":"Teknisk Station","BANEKLASSETEKST":"Hovedbane"}},{"type":"Feature","id":367487,"geometry":{"type":"Polygon","coordinates":[[[12.52257,55.65121],[12.52831,55.65164],[12.52854,55.65125],[12.52667,55.65079],[12.52348,55.65078],[12.52048,55.65114],[12.5158,55.65229],[12.5128,55.65403],[12.51304,55.65416],[12.51531,55.65294],[12.51702,55.65225],[12.52054,55.65145],[12.52257,55.65121],[12.52257,55.65121]]]},"properties":{"STRKAFS":72002,"NAVN":"København G - Vigerslev","HOVER_NAME":"København G - Vigerslev","TIB":"6","BANENR":"19","FRA_KM":3.665,"TIL_KM":4.75,"FORKORTELSE":"Gb-Ig","BANENR_NAVN":"København G - (Hvidovre Fjern)","HVDSTRK_NAVN":"Lersøen - Østerport","DELSTRK_NAVN":"København G - Hvidovre Fjern","BTRTYPETEKST":"Fri Bane","BANEKLASSETEKST":"Hovedbane"}},{"type":"Feature","id":367488,"geometry":{"type":"Polygon","coordinates":[[[12.48736,55.66387],[12.48969,55.66346],[12.49115,55.66294],[12.49851,55.65989],[12.50429,55.65777],[12.51201,55.65469],[12.51304,55.65416],[12.5128,55.65403],[12.51318,55.65379],[12.5158,55.65229],[12.51647,55.65209],[12.51927,55.64995],[12.51841,55.64968],[12.51728,55.65076],[12.51526,55.65211],[12.51552,55.65226],[12.51493,55.65244],[12.51319,55.65347],[12.50615,55.65634],[12.50199,55.65746],[12.50219,55.6577],[12.50379,55.65726],[12.50149,55.65814],[12.49857,55.65828],[12.49584,55.65801],[12.49334,55.65734],[12.49129,55.65634],[12.49089,55.65655],[12.49275,55.65748],[12.49465,55.65809],[12.49745,55.65854],[12.50031,55.65854],[12.49012,55.66293],[12.48875,55.66326],[12.48577,55.66356],[12.48304,55.66359],[12.48312,55.6639],[12.48335,55.66389],[12.48335,55.66424],[12.48643,55.66399],[12.48736,55.66387]]]},"properties":{"STRKAFS":72003,"NAVN":"Vigerslev","HOVER_NAME":"Vigerslev","TIB":"6,11","BANENR":"19","FRA_KM":4.75,"TIL_KM":6.936,"FORKORTELSE":"Ig","BANENR_NAVN":"København G - (Hvidovre Fjern)","HVDSTRK_NAVN":"Lersøen - Østerport","DELSTRK_NAVN":"København G - Hvidovre Fjern","BTRTYPETEKST":"Teknisk Station","BANEKLASSETEKST":"Hovedbane"}},{"type":"Feature","id":367489,"geometry":{"type":"MultiPolygon","coordinates":[[[[12.48335,55.66392],[12.48312,55.6639],[12.48308,55.66375],[12.47778,55.66384],[12.4778,55.66413],[12.48335,55.66394],[12.48335,55.66392]]],[[[12.47927,55.66423],[12.47782,55.66425],[12.48335,55.66417],[12.4801,55.66421],[12.47927,55.66423]]]]},"properties":{"STRKAFS":72006,"NAVN":"Vigerslev - Hvidovre Fjern","HOVER_NAME":"Vigerslev - Hvidovre Fjern","TIB":"11","BANENR":"19","FRA_KM":6.936,"TIL_KM":7.285,"FORKORTELSE":"Ig-Hif","BANENR_NAVN":"København G - (Hvidovre Fjern)","HVDSTRK_NAVN":"Lersøen - Østerport","DELSTRK_NAVN":"København G - Hvidovre Fjern","BTRTYPETEKST":"Fri Bane","BANEKLASSETEKST":"Hovedbane"}},{"type":"Feature","id":367490,"geometry":{"type":"Polygon","coordinates":[[[12.51535,55.65255],[12.51507,55.65251],[12.51147,55.65449],[12.51179,55.65478],[12.51201,55.65469],[12.51566,55.65278],[12.51546,55.65264],[12.51535,55.65255]]]},"properties":{"STRKAFS":72045,"NAVN":"København Syd","HOVER_NAME":"København Syd","TIB":"6,11","BANENR":"19","FRA_KM":4.521,"TIL_KM":4.854,"FORKORTELSE":"Nel","BANENR_NAVN":"København G - (Hvidovre Fjern)","HVDSTRK_NAVN":"Lersøen - Østerport","DELSTRK_NAVN":"København G - Hvidovre Fjern","BTRTYPETEKST":"Trinbræt","BANEKLASSETEKST":"Hovedbane"}},{"type":"Feature","id":367491,"geometry":{"type":"Polygon","coordinates":[[[12.56061,55.71573],[12.55986,55.71506],[12.55819,55.7141],[12.56041,55.71574],[12.5616,55.7164],[12.56339,55.71693],[12.56584,55.71713],[12.56585,55.717],[12.56319,55.71677],[12.56087,55.71593],[12.56061,55.71573]]]},"properties":{"STRKAFS":76012,"NAVN":"Lersøen - Svanemøllen","HOVER_NAME":"Lersøen - Svanemøllen","TIB":"1007","BANENR":"70","FRA_KM":11.788,"TIL_KM":12.404,"FORKORTELSE":"Ler-Sam","BANENR_NAVN":"Lersøen - Østerport","HVDSTRK_NAVN":"Lersøen - Østerport","DELSTRK_NAVN":"Lersøen - Østerport","BTRTYPETEKST":"Fri Bane","BANEKLASSETEKST":"Godsbane"}},{"type":"Feature","id":367492,"geometry":{"type":"Polygon","coordinates":[[[12.57373,55.7169],[12.57528,55.71663],[12.5784,55.71555],[12.57825,55.71542],[12.57727,55.71587],[12.57396,55.71674],[12.56585,55.717],[12.56584,55.71713],[12.57318,55.71694],[12.57373,55.7169]]]},"properties":{"STRKAFS":76013,"NAVN":"Svanemøllen","HOVER_NAME":"Svanemøllen","TIB":"840,1007","BANENR":"70","FRA_KM":12.404,"TIL_KM":13.238000000000001,"FORKORTELSE":"Sam","BANENR_NAVN":"Lersøen - Østerport","HVDSTRK_NAVN":"Lersøen - Østerport","DELSTRK_NAVN":"Lersøen - Østerport","BTRTYPETEKST":"Teknisk Station","BANEKLASSETEKST":"Godsbane"}},{"type":"Feature","id":367493,"geometry":{"type":"Polygon","coordinates":[[[12.5879,55.71059],[12.58777,55.71056],[12.58647,55.71179],[12.58512,55.71277],[12.58205,55.71413],[12.57825,55.71542],[12.5784,55.71555],[12.58505,55.71295],[12.58655,55.71196],[12.58799,55.71061],[12.5879,55.71059]]]},"properties":{"STRKAFS":76014,"NAVN":"Svanemøllen - Østerport","HOVER_NAME":"Svanemøllen - Østerport","TIB":"7","BANENR":"70","FRA_KM":13.238000000000001,"TIL_KM":14.063,"FORKORTELSE":"Sam-Kk","BANENR_NAVN":"Lersøen - Østerport","HVDSTRK_NAVN":"Lersøen - Østerport","DELSTRK_NAVN":"Lersøen - Østerport","BTRTYPETEKST":"Fri Bane","BANEKLASSETEKST":"Godsbane"}},{"type":"Feature","id":367494,"geometry":{"type":"Polygon","coordinates":[[[12.50686,55.93356],[12.50507,55.93182],[12.50306,55.92947],[12.5027,55.92956],[12.50515,55.93239],[12.50506,55.93251],[12.50963,55.93744],[12.513,55.94136],[12.51346,55.94183],[12.51386,55.94173],[12.51258,55.94004],[12.50678,55.93359],[12.50686,55.93356]]]},"properties":{"STRKAFS":104033,"NAVN":"Nivå","HOVER_NAME":"Nivå","TIB":"10","BANENR":"10","FRA_KM":31.998,"TIL_KM":33.526,"FORKORTELSE":"Ni","BANENR_NAVN":"København H - Helsingør","HVDSTRK_NAVN":"København H - Helsingør","DELSTRK_NAVN":"Hellerup - Snekkersten","BTRTYPETEKST":"Station","BANEKLASSETEKST":"Regionalbane"}},{"type":"Feature","id":367495,"geometry":{"type":"Polygon","coordinates":[[[12.54112,55.97247],[12.53991,55.97132],[12.53409,55.96479],[12.53364,55.96415],[12.53386,55.96409],[12.53328,55.96336],[12.53299,55.96345],[12.53194,55.96235],[12.52622,55.95587],[12.52269,55.95183],[12.52276,55.95163],[12.52242,55.95123],[12.52222,55.95127],[12.51712,55.94553],[12.51646,55.94449],[12.51586,55.94405],[12.51386,55.94173],[12.51346,55.94183],[12.52979,55.96029],[12.53353,55.96479],[12.53338,55.96503],[12.53459,55.96635],[12.53536,55.96668],[12.53573,55.96704],[12.54184,55.97414],[12.54267,55.97547],[12.54368,55.97824],[12.54722,55.98902],[12.54749,55.99022],[12.54928,55.99523],[12.54909,55.99537],[12.54937,55.99595],[12.5507,55.99748],[12.55235,55.99924],[12.55544,56.00088],[12.56804,56.00642],[12.57123,56.00758],[12.57194,56.00766],[12.57203,56.00755],[12.57165,56.00732],[12.5677,56.00594],[12.55499,56.0004],[12.55195,55.99812],[12.55062,55.99684],[12.55015,55.99616],[12.54992,55.99537],[12.54964,55.99528],[12.54915,55.99407],[12.54561,55.98316],[12.54579,55.98302],[12.54539,55.98174],[12.54516,55.9817],[12.54429,55.97859],[12.54397,55.978],[12.54379,55.97733],[12.54396,55.97723],[12.54372,55.97655],[12.54243,55.97406],[12.5415,55.97296],[12.54112,55.97247]]]},"properties":{"STRKAFS":104034,"NAVN":"Nivå - Snekkersten","HOVER_NAME":"Nivå - Snekkersten","TIB":"10","BANENR":"10","FRA_KM":33.526,"TIL_KM":41.952000000000005,"FORKORTELSE":"Ni-Sq","BANENR_NAVN":"København H - Helsingør","HVDSTRK_NAVN":"København H - Helsingør","DELSTRK_NAVN":"Hellerup - Snekkersten","BTRTYPETEKST":"Fri Bane","BANEKLASSETEKST":"Regionalbane"}},{"type":"Feature","id":367496,"geometry":{"type":"Polygon","coordinates":[[[12.53386,55.96409],[12.53328,55.96336],[12.53299,55.96345],[12.53234,55.96273],[12.53189,55.96286],[12.53347,55.96471],[12.53401,55.96457],[12.53364,55.96415],[12.53386,55.96409]]]},"properties":{"STRKAFS":104037,"NAVN":"Humlebæk","HOVER_NAME":"Humlebæk","TIB":"10","BANENR":"10","FRA_KM":36.133,"TIL_KM":36.364000000000004,"FORKORTELSE":"Hum","BANENR_NAVN":"København H - Helsingør","HVDSTRK_NAVN":"København H - Helsingør","DELSTRK_NAVN":"Hellerup - Snekkersten","BTRTYPETEKST":"Trinbræt","BANEKLASSETEKST":"Regionalbane"}},{"type":"Feature","id":367497,"geometry":{"type":"Polygon","coordinates":[[[12.54988,55.99651],[12.55032,55.99641],[12.55013,55.99578],[12.54992,55.99537],[12.54964,55.99528],[12.54927,55.99442],[12.54898,55.99447],[12.54928,55.99523],[12.54909,55.99537],[12.54979,55.9964],[12.54988,55.99651]]]},"properties":{"STRKAFS":104041,"NAVN":"Espergærde","HOVER_NAME":"Espergærde","TIB":"10","BANENR":"10","FRA_KM":39.846000000000004,"TIL_KM":40.08,"FORKORTELSE":"Gæ","BANENR_NAVN":"København H - Helsingør","HVDSTRK_NAVN":"København H - Helsingør","DELSTRK_NAVN":"Hellerup - Snekkersten","BTRTYPETEKST":"Trinbræt","BANEKLASSETEKST":"Regionalbane"}},{"type":"Feature","id":367498,"geometry":{"type":"Polygon","coordinates":[[[12.58808,56.01012],[12.58423,56.00934],[12.58427,56.00922],[12.58041,56.0086],[12.57487,56.00804],[12.57203,56.00755],[12.57188,56.00771],[12.57467,56.00828],[12.5747,56.00878],[12.57638,56.00869],[12.58093,56.00916],[12.58336,56.00981],[12.58538,56.0101],[12.58702,56.01014],[12.58946,56.01059],[12.59157,56.01116],[12.59332,56.01198],[12.5936,56.0118],[12.59175,56.01103],[12.58883,56.01028],[12.58808,56.01012]]]},"properties":{"STRKAFS":105000,"NAVN":"Snekkersten","HOVER_NAME":"Snekkersten","TIB":"9,10","BANENR":"10","FRA_KM":41.952000000000005,"TIL_KM":43.388000000000005,"FORKORTELSE":"Sq","BANENR_NAVN":"København H - Helsingør","HVDSTRK_NAVN":"København H - Helsingør","DELSTRK_NAVN":"Snekkersten","BTRTYPETEKST":"Station","BANEKLASSETEKST":"Regionalbane"}},{"type":"Feature","id":367499,"geometry":{"type":"Polygon","coordinates":[[[12.59423,56.01213],[12.5936,56.0118],[12.59332,56.01198],[12.59484,56.01285],[12.5962,56.01409],[12.60067,56.01957],[12.6013,56.02082],[12.60147,56.0221],[12.60186,56.02275],[12.60175,56.02312],[12.60209,56.02454],[12.603,56.02446],[12.60284,56.02385],[12.60256,56.02366],[12.60261,56.02306],[12.60222,56.02273],[12.60214,56.02208],[12.60226,56.02151],[12.60158,56.02037],[12.6015,56.01995],[12.59982,56.01801],[12.59977,56.01776],[12.59826,56.01588],[12.59594,56.01334],[12.5948,56.0125],[12.59423,56.01213]]]},"properties":{"STRKAFS":106044,"NAVN":"Snekkersten - Helsingør","HOVER_NAME":"Snekkersten - Helsingør","TIB":"10","BANENR":"10","FRA_KM":43.388000000000005,"TIL_KM":44.93,"FORKORTELSE":"Sq-Hg","BANENR_NAVN":"København H - Helsingør","HVDSTRK_NAVN":"København H - Helsingør","DELSTRK_NAVN":"Snekkersten - Helsingør","BTRTYPETEKST":"Fri Bane","BANEKLASSETEKST":"Regionalbane"}},{"type":"Feature","id":367500,"geometry":{"type":"Polygon","coordinates":[[[12.6139,56.03281],[12.61608,56.03317],[12.61617,56.0328],[12.6138,56.03263],[12.61018,56.03074],[12.60611,56.02826],[12.60356,56.0257],[12.603,56.02446],[12.60209,56.02454],[12.60273,56.02572],[12.60411,56.0273],[12.60592,56.02869],[12.60579,56.02899],[12.60593,56.0293],[12.60653,56.02992],[12.61409,56.03379],[12.61495,56.03335],[12.6139,56.03281]]]},"properties":{"STRKAFS":107000,"NAVN":"Helsingør","HOVER_NAME":"Helsingør","TIB":"10,605","BANENR":"10","FRA_KM":44.93,"TIL_KM":46.164,"FORKORTELSE":"Hg","BANENR_NAVN":"København H - Helsingør","HVDSTRK_NAVN":"København H - Helsingør","DELSTRK_NAVN":"Helsingør","BTRTYPETEKST":"Station","BANEKLASSETEKST":"Regionalbane"}},{"type":"Feature","id":367501,"geometry":{"type":"Polygon","coordinates":[[[12.5485,55.66242],[12.54472,55.66203],[12.54439,55.66212],[12.54423,55.66235],[12.54678,55.66252],[12.54681,55.66237],[12.54762,55.66242],[12.55042,55.66279],[12.55316,55.66337],[12.55725,55.66376],[12.55737,55.6636],[12.55362,55.66322],[12.54946,55.66252],[12.5485,55.66242]]]},"properties":{"STRKAFS":122020,"NAVN":"København H - Bavnehøj","HOVER_NAME":"København H - Bavnehøj","TIB":"11","BANENR":"50","FRA_KM":1.9000000000000001,"TIL_KM":2.05,"FORKORTELSE":"Kh-Ban","BANENR_NAVN":"(København H)/(Vigerslev) - Peberholm","HVDSTRK_NAVN":"København H - Peberholm","DELSTRK_NAVN":"København H - Kalvebod","BTRTYPETEKST":"Fri Bane","BANEKLASSETEKST":"Hovedbane"}},{"type":"Feature","id":367502,"geometry":{"type":"Polygon","coordinates":[[[12.54436,55.66216],[12.54472,55.66203],[12.54258,55.66132],[12.54151,55.66054],[12.54063,55.65942],[12.53975,55.65781],[12.53916,55.65596],[12.53909,55.65482],[12.53925,55.65483],[12.53928,55.65436],[12.53917,55.65436],[12.53949,55.65308],[12.54006,55.65217],[12.54011,55.65184],[12.53981,55.65178],[12.53905,55.65345],[12.53891,55.65437],[12.53875,55.65438],[12.53899,55.65628],[12.5394,55.6575],[12.54139,55.6609],[12.54369,55.66239],[12.54423,55.66235],[12.54434,55.66219],[12.54436,55.66216]]]},"properties":{"STRKAFS":122033,"NAVN":"Bavnehøj","HOVER_NAME":"Bavnehøj","TIB":"11","BANENR":"50","FRA_KM":2.05,"TIL_KM":3.326,"FORKORTELSE":"Ban","BANENR_NAVN":"(København H)/(Vigerslev) - Peberholm","HVDSTRK_NAVN":"København H - Peberholm","DELSTRK_NAVN":"København H - Kalvebod","BTRTYPETEKST":"Teknisk Station","BANEKLASSETEKST":"Hovedbane"}},{"type":"Feature","id":367503,"geometry":{"type":"Polygon","coordinates":[[[12.54207,55.64778],[12.54197,55.64776],[12.53981,55.65178],[12.54011,55.65184],[12.5419,55.64867],[12.54228,55.64782],[12.54215,55.64779],[12.54207,55.64778]]]},"properties":{"STRKAFS":122038,"NAVN":"Bavnehøj - Kalvebod","HOVER_NAME":"Bavnehøj - Kalvebod","TIB":"11","BANENR":"50","FRA_KM":3.326,"TIL_KM":3.8000000000000003,"FORKORTELSE":"Ban-Klv","BANENR_NAVN":"(København H)/(Vigerslev) - Peberholm","HVDSTRK_NAVN":"København H - Peberholm","DELSTRK_NAVN":"København H - Kalvebod","BTRTYPETEKST":"Fri Bane","BANEKLASSETEKST":"Hovedbane"}},{"type":"Feature","id":367504,"geometry":{"type":"Polygon","coordinates":[[[12.54668,55.64287],[12.54865,55.64199],[12.54854,55.64174],[12.54864,55.64146],[12.54978,55.64052],[12.54961,55.6404],[12.55496,55.63589],[12.55456,55.63573],[12.55435,55.63586],[12.55315,55.63676],[12.54917,55.64035],[12.54738,55.64154],[12.54618,55.64222],[12.54417,55.64288],[12.54089,55.64319],[12.53298,55.64235],[12.53122,55.64239],[12.5292,55.64269],[12.52943,55.64318],[12.53133,55.64293],[12.53368,55.64286],[12.54158,55.64357],[12.54394,55.64337],[12.54603,55.64278],[12.5454,55.64356],[12.54343,55.64539],[12.54197,55.64776],[12.54228,55.64782],[12.54359,55.64574],[12.54349,55.64573],[12.54443,55.64471],[12.54646,55.643],[12.54668,55.64287]]]},"properties":{"STRKAFS":123000,"NAVN":"Kalvebod","HOVER_NAME":"Kalvebod","TIB":"11","BANENR":"50","FRA_KM":3.8000000000000003,"TIL_KM":5.3660000000000005,"FORKORTELSE":"Klv","BANENR_NAVN":"(København H)/(Vigerslev) - Peberholm","HVDSTRK_NAVN":"København H - Peberholm","DELSTRK_NAVN":"Kalvebod","BTRTYPETEKST":"Teknisk Station","BANEKLASSETEKST":"Hovedbane"}},{"type":"Feature","id":367505,"geometry":{"type":"Polygon","coordinates":[[[12.57755,55.62864],[12.58131,55.62851],[12.58755,55.62879],[12.59367,55.62964],[12.5978,55.62997],[12.59859,55.62984],[12.60888,55.62998],[12.61618,55.63018],[12.61745,55.63043],[12.62606,55.63066],[12.62614,55.6302],[12.59954,55.62958],[12.5971,55.62942],[12.58904,55.62843],[12.58476,55.62819],[12.57682,55.62832],[12.56813,55.62934],[12.56347,55.63074],[12.55983,55.63224],[12.55755,55.63342],[12.55456,55.63573],[12.55496,55.63589],[12.56004,55.63281],[12.56405,55.63113],[12.56993,55.62954],[12.57585,55.62876],[12.57755,55.62864]]]},"properties":{"STRKAFS":124006,"NAVN":"Kalvebod - Københavns Lufthavn","HOVER_NAME":"Kalvebod - Københavns Lufthavn","TIB":"11","BANENR":"50","FRA_KM":5.3660000000000005,"TIL_KM":10.143,"FORKORTELSE":"Klv-Cph","BANENR_NAVN":"(København H)/(Vigerslev) - Peberholm","HVDSTRK_NAVN":"København H - Peberholm","DELSTRK_NAVN":"Kalvebod - Københavns Lufthavn Kastrup","BTRTYPETEKST":"Fri Bane","BANEKLASSETEKST":"Hovedbane"}},{"type":"Feature","id":367506,"geometry":{"type":"Polygon","coordinates":[[[12.57755,55.62864],[12.58126,55.62851],[12.58127,55.62819],[12.57682,55.62832],[12.57619,55.62841],[12.57627,55.62873],[12.57755,55.62864]]]},"properties":{"STRKAFS":124007,"NAVN":"Ørestad","HOVER_NAME":"Ørestad","TIB":"11","BANENR":"50","FRA_KM":6.987,"TIL_KM":7.308000000000001,"FORKORTELSE":"Øre","BANENR_NAVN":"(København H)/(Vigerslev) - Peberholm","HVDSTRK_NAVN":"København H - Peberholm","DELSTRK_NAVN":"Kalvebod - Københavns Lufthavn Kastrup","BTRTYPETEKST":"Trinbræt","BANEKLASSETEKST":"Hovedbane"}},{"type":"Feature","id":367507,"geometry":{"type":"Polygon","coordinates":[[[12.59954,55.62958],[12.59887,55.62954],[12.59884,55.62984],[12.60394,55.62994],[12.60398,55.6297],[12.60085,55.62962],[12.59954,55.62958]]]},"properties":{"STRKAFS":124009,"NAVN":"Tårnby","HOVER_NAME":"Tårnby","TIB":"11","BANENR":"50","FRA_KM":8.428,"TIL_KM":8.748000000000001,"FORKORTELSE":"Tåt","BANENR_NAVN":"(København H)/(Vigerslev) - Peberholm","HVDSTRK_NAVN":"København H - Peberholm","DELSTRK_NAVN":"Kalvebod - Københavns Lufthavn Kastrup","BTRTYPETEKST":"Trinbræt","BANEKLASSETEKST":"Hovedbane"}},{"type":"Feature","id":367508,"geometry":{"type":"Polygon","coordinates":[[[10.48622,55.28341],[10.48609,55.28303],[10.48566,55.28305],[10.48571,55.28373],[10.48552,55.28401],[10.48615,55.284],[10.48624,55.28376],[10.48622,55.28341]]]},"properties":{"STRKAFS":212017,"NAVN":"Pederstrup","HOVER_NAME":"Pederstrup","TIB":"21","BANENR":"78","FRA_KM":17.351,"TIL_KM":17.459,"FORKORTELSE":"Pds","BANENR_NAVN":"(Odense) - Svendborg","HVDSTRK_NAVN":"Odense - Svendborg","DELSTRK_NAVN":"Odense - Svendborg","BTRTYPETEKST":"Trinbræt","BANEKLASSETEKST":"Lokalbane I"}},{"type":"Feature","id":367509,"geometry":{"type":"Polygon","coordinates":[[[10.48142,55.24344],[10.48145,55.24309],[10.48222,55.24315],[10.48204,55.24276],[10.48229,55.24271],[10.48212,55.24198],[10.4822,55.24071],[10.48207,55.24015],[10.48237,55.23897],[10.4821,55.23734],[10.48176,55.23735],[10.47956,55.23451],[10.47742,55.23281],[10.47595,55.23134],[10.4752,55.23006],[10.47481,55.22858],[10.47486,55.22744],[10.47514,55.22613],[10.47495,55.2261],[10.47463,55.22693],[10.47455,55.22784],[10.47471,55.22942],[10.47497,55.23003],[10.47548,55.23091],[10.47658,55.23223],[10.47914,55.2344],[10.4808,55.23667],[10.48165,55.23948],[10.4817,55.24013],[10.4813,55.24241],[10.48119,55.24344],[10.4813,55.24344],[10.48142,55.24344]]]},"properties":{"STRKAFS":212023,"NAVN":"Ringe","HOVER_NAME":"Ringe","TIB":"21","BANENR":"78","FRA_KM":21.937,"TIL_KM":23.968,"FORKORTELSE":"Re","BANENR_NAVN":"(Odense) - Svendborg","HVDSTRK_NAVN":"Odense - Svendborg","DELSTRK_NAVN":"Odense - Svendborg","BTRTYPETEKST":"Station","BANEKLASSETEKST":"Lokalbane I"}},{"type":"Feature","id":367510,"geometry":{"type":"Polygon","coordinates":[[[10.4874,55.19855],[10.48942,55.1966],[10.49178,55.19499],[10.51275,55.18208],[10.51253,55.18194],[10.50558,55.18612],[10.50509,55.18656],[10.49101,55.19526],[10.48879,55.19684],[10.48717,55.19854],[10.48704,55.1985],[10.48586,55.20061],[10.48448,55.20372],[10.48038,55.21347],[10.47894,55.21906],[10.47644,55.22343],[10.47558,55.22454],[10.47495,55.2261],[10.47514,55.22613],[10.4756,55.22524],[10.4761,55.22467],[10.47613,55.22439],[10.47777,55.22177],[10.47929,55.21888],[10.48081,55.21312],[10.48492,55.20347],[10.48691,55.19922],[10.4874,55.19855]]]},"properties":{"STRKAFS":212024,"NAVN":"Ringe - Kværndrup","HOVER_NAME":"Ringe - Kværndrup","TIB":"21","BANENR":"78","FRA_KM":23.968,"TIL_KM":29.605,"FORKORTELSE":"Re-Kvs","BANENR_NAVN":"(Odense) - Svendborg","HVDSTRK_NAVN":"Odense - Svendborg","DELSTRK_NAVN":"Odense - Svendborg","BTRTYPETEKST":"Fri Bane","BANEKLASSETEKST":"Lokalbane I"}},{"type":"Feature","id":367511,"geometry":{"type":"Polygon","coordinates":[[[10.4874,55.19855],[10.48789,55.19802],[10.48763,55.19795],[10.48675,55.19885],[10.48712,55.19894],[10.4874,55.19855]]]},"properties":{"STRKAFS":212027,"NAVN":"Rudme","HOVER_NAME":"Rudme","TIB":"21","BANENR":"78","FRA_KM":27.101000000000003,"TIL_KM":27.215,"FORKORTELSE":"Rus","BANENR_NAVN":"(Odense) - Svendborg","HVDSTRK_NAVN":"Odense - Svendborg","DELSTRK_NAVN":"Odense - Svendborg","BTRTYPETEKST":"Trinbræt","BANEKLASSETEKST":"Lokalbane I"}},{"type":"Feature","id":367512,"geometry":{"type":"Polygon","coordinates":[[[10.51556,55.18031],[10.51615,55.17995],[10.51638,55.18003],[10.51849,55.17865],[10.52043,55.17698],[10.52183,55.17552],[10.52152,55.17545],[10.51979,55.1772],[10.5195,55.17706],[10.51711,55.17897],[10.51253,55.18194],[10.51275,55.18208],[10.51515,55.18057],[10.51556,55.18031]]]},"properties":{"STRKAFS":212029,"NAVN":"Kværndrup","HOVER_NAME":"Kværndrup","TIB":"21","BANENR":"78","FRA_KM":29.605,"TIL_KM":30.535,"FORKORTELSE":"Kvs","BANENR_NAVN":"(Odense) - Svendborg","HVDSTRK_NAVN":"Odense - Svendborg","DELSTRK_NAVN":"Odense - Svendborg","BTRTYPETEKST":"Station","BANEKLASSETEKST":"Lokalbane I"}},{"type":"Feature","id":367513,"geometry":{"type":"Polygon","coordinates":[[[10.50851,55.13448],[10.50839,55.13447],[10.50835,55.13532],[10.50856,55.1369],[10.50894,55.13815],[10.50978,55.1397],[10.51058,55.1409],[10.51796,55.14937],[10.51941,55.15138],[10.52068,55.15437],[10.52176,55.15759],[10.52229,55.15844],[10.52505,55.1655],[10.52546,55.16776],[10.52519,55.16976],[10.52422,55.17175],[10.52152,55.17545],[10.52183,55.17552],[10.52443,55.17206],[10.52535,55.17016],[10.52574,55.16811],[10.52548,55.16602],[10.52134,55.15513],[10.51985,55.15169],[10.51829,55.14941],[10.51149,55.1416],[10.50982,55.13935],[10.50891,55.13695],[10.50863,55.13449],[10.50851,55.13448]]]},"properties":{"STRKAFS":212032,"NAVN":"Kværndrup - Stenstrup","HOVER_NAME":"Kværndrup - Stenstrup","TIB":"21","BANENR":"78","FRA_KM":30.535,"TIL_KM":35.342,"FORKORTELSE":"Kvs-Sts","BANENR_NAVN":"(Odense) - Svendborg","HVDSTRK_NAVN":"Odense - Svendborg","DELSTRK_NAVN":"Odense - Svendborg","BTRTYPETEKST":"Fri Bane","BANEKLASSETEKST":"Lokalbane I"}},{"type":"Feature","id":367514,"geometry":{"type":"Polygon","coordinates":[[[10.51221,55.12583],[10.51207,55.12582],[10.50961,55.13034],[10.50931,55.13039],[10.50895,55.13106],[10.50839,55.13447],[10.50863,55.13449],[10.50893,55.13294],[10.50957,55.13129],[10.51234,55.12585],[10.51221,55.12583]]]},"properties":{"STRKAFS":212035,"NAVN":"Stenstrup","HOVER_NAME":"Stenstrup","TIB":"21","BANENR":"78","FRA_KM":35.342,"TIL_KM":36.334,"FORKORTELSE":"Sts","BANENR_NAVN":"(Odense) - Svendborg","HVDSTRK_NAVN":"Odense - Svendborg","DELSTRK_NAVN":"Odense - Svendborg","BTRTYPETEKST":"Station","BANEKLASSETEKST":"Lokalbane I"}},{"type":"Feature","id":367515,"geometry":{"type":"Polygon","coordinates":[[[12.67231,55.63243],[12.67622,55.63147],[12.69181,55.62522],[12.69159,55.62504],[12.6805,55.62952],[12.68087,55.62827],[12.68138,55.61545],[12.6802,55.61551],[12.68014,55.61866],[12.68047,55.62039],[12.67966,55.6223],[12.67959,55.62329],[12.6801,55.62332],[12.68002,55.62561],[12.67839,55.62821],[12.67561,55.62995],[12.67418,55.63057],[12.67077,55.63128],[12.665,55.63192],[12.66369,55.6324],[12.66169,55.63216],[12.65979,55.63165],[12.65562,55.63012],[12.65326,55.62966],[12.65167,55.62953],[12.64733,55.62955],[12.63958,55.6304],[12.63638,55.6306],[12.62614,55.6302],[12.62606,55.63066],[12.63438,55.63104],[12.63891,55.63094],[12.64008,55.63085],[12.64011,55.63063],[12.64268,55.63062],[12.65394,55.63156],[12.66021,55.63271],[12.66249,55.63297],[12.66604,55.63306],[12.67033,55.63274],[12.67231,55.63243]]]},"properties":{"STRKAFS":125000,"NAVN":"Københavns Lufthavn","HOVER_NAME":"Københavns Lufthavn","TIB":"11","BANENR":"50","FRA_KM":10.143,"TIL_KM":14.505,"FORKORTELSE":"Cph","BANENR_NAVN":"(København H)/(Vigerslev) - Peberholm","HVDSTRK_NAVN":"København H - Peberholm","DELSTRK_NAVN":"Københavns Lufthavn Kastrup","BTRTYPETEKST":"Station","BANEKLASSETEKST":"Hovedbane"}},{"type":"Feature","id":367516,"geometry":{"type":"Polygon","coordinates":[[[12.73804,55.6059],[12.73162,55.60871],[12.69159,55.62504],[12.69181,55.62522],[12.73178,55.60884],[12.73807,55.60592],[12.73804,55.6059]]]},"properties":{"STRKAFS":126016,"NAVN":"Københavns Lufthavn - Peberholm","HOVER_NAME":"Københavns Lufthavn - Peberholm","TIB":"11","BANENR":"50","FRA_KM":14.505,"TIL_KM":18.2,"FORKORTELSE":"Cph-Phm","BANENR_NAVN":"(København H)/(Vigerslev) - Peberholm","HVDSTRK_NAVN":"København H - Peberholm","DELSTRK_NAVN":"Københavns Lufthavn Kastrup - Peberholm","BTRTYPETEKST":"Fri Bane","BANEKLASSETEKST":"Hovedbane"}},{"type":"Feature","id":367517,"geometry":{"type":"Polygon","coordinates":[[[12.73804,55.6059],[12.73794,55.60589],[12.73807,55.60592],[12.73804,55.6059]]]},"properties":{"STRKAFS":126716,"NAVN":"Peberholm grænse","HOVER_NAME":"Peberholm grænse","TIB":"11","BANENR":"50","FRA_KM":18.195,"TIL_KM":18.2,"FORKORTELSE":"Phmo","BANENR_NAVN":"(København H)/(Vigerslev) - Peberholm","HVDSTRK_NAVN":"København H - Peberholm","DELSTRK_NAVN":"Københavns Lufthavn Kastrup - Peberholm","BTRTYPETEKST":"Grænsestation","BANEKLASSETEKST":"Hovedbane"}},{"type":"Feature","id":367518,"geometry":{"type":"Polygon","coordinates":[[[12.5293,55.64292],[12.5292,55.64269],[12.52682,55.64329],[12.52366,55.64474],[12.52209,55.64607],[12.51841,55.64968],[12.51927,55.64995],[12.52364,55.64548],[12.52631,55.64406],[12.52943,55.64318],[12.52932,55.64296],[12.5293,55.64292]]]},"properties":{"STRKAFS":129002,"NAVN":"Vigerslev - Kalvebod","HOVER_NAME":"Vigerslev - Kalvebod","TIB":"11","BANENR":"50","FRA_KM":2.31,"TIL_KM":3.35,"FORKORTELSE":"Ig-Klv","BANENR_NAVN":"(København H)/(Vigerslev) - Peberholm","HVDSTRK_NAVN":"København H - Peberholm","DELSTRK_NAVN":"Vigerslev - Kalvebod","BTRTYPETEKST":"Fri Bane","BANEKLASSETEKST":"Hovedbane"}},{"type":"Feature","id":367519,"geometry":{"type":"Polygon","coordinates":[[[10.10213,55.41131],[10.11032,55.41072],[10.11764,55.40992],[10.12584,55.40877],[10.13525,55.40711],[10.14212,55.40566],[10.16803,55.3997],[10.18445,55.39677],[10.23717,55.38488],[10.24159,55.38402],[10.24563,55.38344],[10.25387,55.38281],[10.26426,55.38278],[10.26983,55.38253],[10.29271,55.37982],[10.298,55.37944],[10.30244,55.37932],[10.30865,55.37946],[10.31568,55.38003],[10.32718,55.38169],[10.33431,55.38325],[10.33451,55.38306],[10.32787,55.38158],[10.31664,55.37992],[10.30958,55.37928],[10.30333,55.3791],[10.29797,55.37922],[10.29264,55.3796],[10.26978,55.38231],[10.26426,55.38255],[10.25396,55.38258],[10.24601,55.38317],[10.24212,55.38371],[10.23758,55.38455],[10.18487,55.39644],[10.1679,55.39949],[10.14169,55.40552],[10.13111,55.40765],[10.12029,55.40935],[10.10909,55.41061],[10.09975,55.4112],[10.0927,55.41136],[10.08565,55.41129],[10.08563,55.41151],[10.09389,55.41157],[10.10095,55.41136],[10.10213,55.41131]]]},"properties":{"STRKAFS":170162,"NAVN":"Odense Vest - Gribsvad","HOVER_NAME":"Odense Vest - Gribsvad","TIB":null,"BANENR":"17","FRA_KM":164.4,"TIL_KM":180.8,"FORKORTELSE":"Odv-Gri","BANENR_NAVN":"Odense Vest - Kavslunde","HVDSTRK_NAVN":"Odense Vest - Kavslunde","DELSTRK_NAVN":"Odense Vest - Kavslunde","BTRTYPETEKST":"Fri Bane","BANEKLASSETEKST":"Hovedbane"}},{"type":"Feature","id":367520,"geometry":{"type":"Polygon","coordinates":[[[10.06993,55.41084],[10.06986,55.41106],[10.08563,55.41151],[10.08565,55.41129],[10.07001,55.41084],[10.06993,55.41084]]]},"properties":{"STRKAFS":170181,"NAVN":"Gribsvad","HOVER_NAME":"Gribsvad","TIB":null,"BANENR":"17","FRA_KM":180.8,"TIL_KM":181.8,"FORKORTELSE":"Gri","BANENR_NAVN":"Odense Vest - Kavslunde","HVDSTRK_NAVN":"Odense Vest - Kavslunde","DELSTRK_NAVN":"Odense Vest - Kavslunde","BTRTYPETEKST":"Teknisk Station","BANEKLASSETEKST":"Hovedbane"}},{"type":"Feature","id":367521,"geometry":{"type":"Polygon","coordinates":[[[9.88404,55.46927],[9.89412,55.46816],[9.89912,55.46733],[9.90499,55.46611],[9.94024,55.45673],[9.94742,55.45451],[9.95381,55.45201],[9.95972,55.44915],[9.9638,55.44678],[9.97335,55.44045],[9.97816,55.4375],[9.98417,55.43427],[9.99055,55.43129],[9.99533,55.42933],[10.00129,55.42715],[10.03884,55.41498],[10.04598,55.41308],[10.05301,55.41184],[10.06026,55.41114],[10.06515,55.41099],[10.06986,55.41106],[10.06988,55.41084],[10.0635,55.41079],[10.05695,55.41117],[10.05132,55.41185],[10.04507,55.41304],[10.0385,55.41483],[10.00211,55.42662],[9.99221,55.43031],[9.98302,55.43456],[9.97543,55.43881],[9.96152,55.44783],[9.95658,55.45045],[9.95125,55.45281],[9.94639,55.4546],[9.94131,55.45619],[9.90675,55.46545],[9.90093,55.46675],[9.89497,55.4678],[9.88828,55.46867],[9.88222,55.46916],[9.87707,55.46932],[9.87107,55.46919],[9.86596,55.46882],[9.85616,55.46775],[9.85016,55.46751],[9.84566,55.46761],[9.84112,55.46797],[9.83659,55.46857],[9.83418,55.46913],[9.84244,55.46806],[9.84999,55.46773],[9.85604,55.46797],[9.86587,55.46904],[9.87104,55.46941],[9.87711,55.46954],[9.88318,55.46933],[9.88404,55.46927]]]},"properties":{"STRKAFS":170182,"NAVN":"Gribsvad - Kavslunde","HOVER_NAME":"Gribsvad - Kavslunde","TIB":null,"BANENR":"17","FRA_KM":181.8,"TIL_KM":202.6,"FORKORTELSE":"Gri-Ka","BANENR_NAVN":"Odense Vest - Kavslunde","HVDSTRK_NAVN":"Odense Vest - Kavslunde","DELSTRK_NAVN":"Odense Vest - Kavslunde","BTRTYPETEKST":"Fri Bane","BANEKLASSETEKST":"Hovedbane"}},{"type":"Feature","id":367522,"geometry":{"type":"Polygon","coordinates":[[[10.36096,55.38437],[10.36213,55.3841],[10.36392,55.38342],[10.36533,55.38265],[10.36657,55.38171],[10.37151,55.37554],[10.37125,55.37545],[10.37058,55.37615],[10.36704,55.38069],[10.3657,55.38203],[10.36351,55.3833],[10.3595,55.38477],[10.35748,55.3858],[10.35654,55.38659],[10.35555,55.38806],[10.35535,55.38893],[10.35536,55.38976],[10.35571,55.39072],[10.3565,55.39195],[10.36023,55.39445],[10.36401,55.39829],[10.36394,55.3987],[10.36449,55.3985],[10.36044,55.39443],[10.35663,55.39152],[10.35588,55.39008],[10.35569,55.38936],[10.35584,55.38811],[10.35682,55.38662],[10.3583,55.38549],[10.36063,55.38449],[10.36096,55.38437]]]},"properties":{"STRKAFS":212002,"NAVN":"Odense - Fruens Bøge","HOVER_NAME":"Odense - Fruens Bøge","TIB":"21","BANENR":"78","FRA_KM":1.458,"TIL_KM":4.549,"FORKORTELSE":"Od-Frs","BANENR_NAVN":"(Odense) - Svendborg","HVDSTRK_NAVN":"Odense - Svendborg","DELSTRK_NAVN":"Odense - Svendborg","BTRTYPETEKST":"Fri Bane","BANEKLASSETEKST":"Lokalbane I"}},{"type":"Feature","id":367523,"geometry":{"type":"Polygon","coordinates":[[[10.36709,55.38085],[10.36694,55.38081],[10.36618,55.38159],[10.36655,55.38172],[10.36731,55.38091],[10.36709,55.38085]]]},"properties":{"STRKAFS":212003,"NAVN":"Odense Sygehus","HOVER_NAME":"Odense Sygehus","TIB":"21","BANENR":"78","FRA_KM":3.7920000000000003,"TIL_KM":3.8920000000000003,"FORKORTELSE":"Oss","BANENR_NAVN":"(Odense) - Svendborg","HVDSTRK_NAVN":"Odense - Svendborg","DELSTRK_NAVN":"Odense - Svendborg","BTRTYPETEKST":"Trinbræt","BANEKLASSETEKST":"Lokalbane I"}},{"type":"Feature","id":367524,"geometry":{"type":"Polygon","coordinates":[[[10.37741,55.37009],[10.37816,55.36923],[10.38022,55.36738],[10.37996,55.3673],[10.38153,55.36574],[10.38169,55.36535],[10.38134,55.36317],[10.38081,55.36256],[10.38006,55.36212],[10.37988,55.3622],[10.381,55.36313],[10.38138,55.36497],[10.38125,55.36566],[10.38063,55.36635],[10.38052,55.36579],[10.37951,55.36453],[10.37931,55.36391],[10.37906,55.36392],[10.37841,55.36341],[10.37809,55.36275],[10.37787,55.36274],[10.37798,55.36325],[10.37671,55.3631],[10.3767,55.36327],[10.37806,55.36343],[10.37885,55.36395],[10.38013,55.36558],[10.38036,55.36643],[10.37851,55.36858],[10.37591,55.37072],[10.37585,55.37104],[10.37396,55.37269],[10.37125,55.37545],[10.37151,55.37554],[10.37689,55.37055],[10.37741,55.37009]]]},"properties":{"STRKAFS":212005,"NAVN":"Fruens Bøge","HOVER_NAME":"Fruens Bøge","TIB":"21","BANENR":"78","FRA_KM":4.549,"TIL_KM":5.613,"FORKORTELSE":"Frs","BANENR_NAVN":"(Odense) - Svendborg","HVDSTRK_NAVN":"Odense - Svendborg","DELSTRK_NAVN":"Odense - Svendborg","BTRTYPETEKST":"Station","BANEKLASSETEKST":"Lokalbane I"}},{"type":"Feature","id":367525,"geometry":{"type":"Polygon","coordinates":[[[10.41235,55.34662],[10.42684,55.33808],[10.42893,55.33674],[10.43059,55.33533],[10.43035,55.33523],[10.4282,55.337],[10.41318,55.3458],[10.41279,55.34616],[10.38483,55.36284],[10.37996,55.3673],[10.38022,55.36738],[10.38048,55.36723],[10.38442,55.36344],[10.386,55.36231],[10.41223,55.34674],[10.41235,55.34662]]]},"properties":{"STRKAFS":212006,"NAVN":"Fruens Bøge - Højby","HOVER_NAME":"Fruens Bøge - Højby","TIB":"21","BANENR":"78","FRA_KM":5.613,"TIL_KM":10.421000000000001,"FORKORTELSE":"Frs-Høs","BANENR_NAVN":"(Odense) - Svendborg","HVDSTRK_NAVN":"Odense - Svendborg","DELSTRK_NAVN":"Odense - Svendborg","BTRTYPETEKST":"Fri Bane","BANEKLASSETEKST":"Lokalbane I"}},{"type":"Feature","id":367526,"geometry":{"type":"Polygon","coordinates":[[[10.39292,55.35809],[10.39189,55.35861],[10.39206,55.35871],[10.39301,55.35815],[10.39292,55.35809]]]},"properties":{"STRKAFS":212007,"NAVN":"Hjallese","HOVER_NAME":"Hjallese","TIB":"21","BANENR":"78","FRA_KM":6.846,"TIL_KM":6.932,"FORKORTELSE":"Hjs","BANENR_NAVN":"(Odense) - Svendborg","HVDSTRK_NAVN":"Odense - Svendborg","DELSTRK_NAVN":"Odense - Svendborg","BTRTYPETEKST":"Trinbræt","BANEKLASSETEKST":"Lokalbane I"}},{"type":"Feature","id":367527,"geometry":{"type":"Polygon","coordinates":[[[10.4336,55.33098],[10.43447,55.32992],[10.43471,55.32998],[10.43577,55.3283],[10.43569,55.32796],[10.43823,55.32421],[10.43799,55.32416],[10.43615,55.32667],[10.43035,55.33523],[10.43059,55.33533],[10.43319,55.33163],[10.4336,55.33098]]]},"properties":{"STRKAFS":212011,"NAVN":"Højby","HOVER_NAME":"Højby","TIB":"21","BANENR":"78","FRA_KM":10.421000000000001,"TIL_KM":11.751000000000001,"FORKORTELSE":"Høs","BANENR_NAVN":"(Odense) - Svendborg","HVDSTRK_NAVN":"Odense - Svendborg","DELSTRK_NAVN":"Odense - Svendborg","BTRTYPETEKST":"Station","BANEKLASSETEKST":"Lokalbane I"}},{"type":"Feature","id":367528,"geometry":{"type":"Polygon","coordinates":[[[10.45884,55.3045],[10.45407,55.30654],[10.45102,55.30808],[10.44865,55.30968],[10.44745,55.31079],[10.44584,55.31268],[10.43799,55.32416],[10.43823,55.32421],[10.44626,55.31246],[10.44806,55.31049],[10.44912,55.30959],[10.45186,55.30784],[10.45891,55.30456],[10.45884,55.3045]]]},"properties":{"STRKAFS":212012,"NAVN":"Højby - Årslev","HOVER_NAME":"Højby - Årslev","TIB":"21","BANENR":"78","FRA_KM":11.751000000000001,"TIL_KM":14.367,"FORKORTELSE":"Høs-Ås","BANENR_NAVN":"(Odense) - Svendborg","HVDSTRK_NAVN":"Odense - Svendborg","DELSTRK_NAVN":"Odense - Svendborg","BTRTYPETEKST":"Fri Bane","BANEKLASSETEKST":"Lokalbane I"}},{"type":"Feature","id":367529,"geometry":{"type":"Polygon","coordinates":[[[10.46906,55.30001],[10.47174,55.29875],[10.4716,55.29865],[10.469,55.2997],[10.45877,55.30445],[10.45891,55.30456],[10.46309,55.30269],[10.46371,55.30268],[10.46431,55.30239],[10.46408,55.30224],[10.46604,55.30147],[10.4682,55.30036],[10.46906,55.30001]]]},"properties":{"STRKAFS":212015,"NAVN":"Årslev","HOVER_NAME":"Årslev","TIB":"21","BANENR":"78","FRA_KM":14.367,"TIL_KM":15.411000000000001,"FORKORTELSE":"Ås","BANENR_NAVN":"(Odense) - Svendborg","HVDSTRK_NAVN":"Odense - Svendborg","DELSTRK_NAVN":"Odense - Svendborg","BTRTYPETEKST":"Station","BANEKLASSETEKST":"Lokalbane I"}},{"type":"Feature","id":367530,"geometry":{"type":"Polygon","coordinates":[[[10.4813,55.24344],[10.48119,55.24344],[10.48062,55.24638],[10.48045,55.24844],[10.48005,55.25041],[10.47931,55.25621],[10.4788,55.25855],[10.47837,55.26337],[10.47887,55.26533],[10.48218,55.27089],[10.48308,55.27313],[10.48526,55.28068],[10.48532,55.28146],[10.48571,55.28242],[10.48579,55.28303],[10.48566,55.28305],[10.48571,55.28373],[10.48547,55.28407],[10.48542,55.28612],[10.48487,55.28738],[10.48422,55.28839],[10.4797,55.29428],[10.47674,55.29633],[10.4716,55.29865],[10.47174,55.29875],[10.47791,55.29591],[10.48033,55.294],[10.48494,55.28788],[10.48586,55.28564],[10.48624,55.28376],[10.48612,55.28267],[10.48314,55.27247],[10.48217,55.27041],[10.47943,55.26589],[10.47896,55.26475],[10.47865,55.26335],[10.47882,55.26078],[10.47925,55.25859],[10.48069,55.24818],[10.4813,55.24607],[10.48142,55.24344],[10.4813,55.24344]]]},"properties":{"STRKAFS":212016,"NAVN":"Årslev - Ringe","HOVER_NAME":"Årslev - Ringe","TIB":"21","BANENR":"78","FRA_KM":15.411000000000001,"TIL_KM":21.937,"FORKORTELSE":"Ås-Re","BANENR_NAVN":"(Odense) - Svendborg","HVDSTRK_NAVN":"Odense - Svendborg","DELSTRK_NAVN":"Odense - Svendborg","BTRTYPETEKST":"Fri Bane","BANEKLASSETEKST":"Lokalbane I"}},{"type":"Feature","id":367531,"geometry":{"type":"Polygon","coordinates":[[[12.5918,55.70236],[12.59231,55.69944],[12.59244,55.69944],[12.59313,55.69651],[12.59303,55.69587],[12.59325,55.69578],[12.59176,55.69444],[12.58811,55.69221],[12.587,55.69186],[12.58513,55.69068],[12.58494,55.69042],[12.58219,55.68943],[12.57913,55.68785],[12.57899,55.68792],[12.58393,55.69049],[12.59002,55.69421],[12.59135,55.69531],[12.59195,55.69624],[12.59219,55.69737],[12.59154,55.70293],[12.59171,55.70294],[12.5918,55.70236]]]},"properties":{"STRKAFS":102003,"NAVN":"Østerport","HOVER_NAME":"Østerport","TIB":"10","BANENR":"10","FRA_KM":2.113,"TIL_KM":3.9280000000000004,"FORKORTELSE":"Kk","BANENR_NAVN":"København H - Helsingør","HVDSTRK_NAVN":"København H - Helsingør","DELSTRK_NAVN":"København H - Hellerup","BTRTYPETEKST":"Station","BANEKLASSETEKST":"Regionalbane"}},{"type":"Feature","id":367532,"geometry":{"type":"Polygon","coordinates":[[[12.59176,55.70354],[12.59208,55.70122],[12.59171,55.70294],[12.59154,55.70293],[12.59169,55.7012],[12.59118,55.7048],[12.58944,55.70877],[12.58978,55.70882],[12.59063,55.70707],[12.59169,55.70377],[12.59176,55.70354]]]},"properties":{"STRKAFS":102004,"NAVN":"Østerport - Helgoland","HOVER_NAME":"Østerport - Helgoland","TIB":"10","BANENR":"10","FRA_KM":3.9280000000000004,"TIL_KM":4.809,"FORKORTELSE":"Kk-Hgl","BANENR_NAVN":"København H - Helsingør","HVDSTRK_NAVN":"København H - Helsingør","DELSTRK_NAVN":"København H - Hellerup","BTRTYPETEKST":"Fri Bane","BANEKLASSETEKST":"Regionalbane"}},{"type":"Feature","id":367533,"geometry":{"type":"Polygon","coordinates":[[[12.57719,55.71647],[12.57775,55.71626],[12.57902,55.71627],[12.57932,55.71656],[12.58113,55.71649],[12.58338,55.71552],[12.5851,55.71437],[12.58567,55.71372],[12.58557,55.71362],[12.58618,55.71318],[12.58908,55.71004],[12.58978,55.70882],[12.58944,55.70877],[12.58873,55.71003],[12.58762,55.71125],[12.58545,55.71294],[12.58175,55.71457],[12.57544,55.71687],[12.57423,55.71756],[12.57293,55.7186],[12.57326,55.71868],[12.57457,55.71769],[12.57652,55.71672],[12.57719,55.71647]]]},"properties":{"STRKAFS":102005,"NAVN":"Helgoland","HOVER_NAME":"Helgoland","TIB":"10","BANENR":"10","FRA_KM":4.809,"TIL_KM":6.389,"FORKORTELSE":"Hgl","BANENR_NAVN":"København H - Helsingør","HVDSTRK_NAVN":"København H - Helsingør","DELSTRK_NAVN":"København H - Hellerup","BTRTYPETEKST":"Teknisk Station","BANEKLASSETEKST":"Regionalbane"}},{"type":"Feature","id":367534,"geometry":{"type":"Polygon","coordinates":[[[12.57296,55.7186],[12.57198,55.71983],[12.56957,55.72419],[12.56975,55.72421],[12.57256,55.71949],[12.57326,55.71868],[12.57302,55.71862],[12.57296,55.7186]]]},"properties":{"STRKAFS":102006,"NAVN":"Helgoland - Hellerup","HOVER_NAME":"Helgoland - Hellerup","TIB":"10","BANENR":"10","FRA_KM":6.389,"TIL_KM":7.043,"FORKORTELSE":"Hgl-Hl","BANENR_NAVN":"København H - Helsingør","HVDSTRK_NAVN":"København H - Helsingør","DELSTRK_NAVN":"København H - Hellerup","BTRTYPETEKST":"Fri Bane","BANEKLASSETEKST":"Regionalbane"}},{"type":"Feature","id":367535,"geometry":{"type":"Polygon","coordinates":[[[12.57182,55.6831],[12.57154,55.68293],[12.57133,55.68304],[12.57398,55.68477],[12.57418,55.68467],[12.57203,55.68323],[12.57182,55.6831]]]},"properties":{"STRKAFS":102027,"NAVN":"Nørreport","HOVER_NAME":"Nørreport","TIB":"10","BANENR":"10","FRA_KM":1.3860000000000001,"TIL_KM":1.641,"FORKORTELSE":"Kn","BANENR_NAVN":"København H - Helsingør","HVDSTRK_NAVN":"København H - Helsingør","DELSTRK_NAVN":"København H - Hellerup","BTRTYPETEKST":"Trinbræt","BANEKLASSETEKST":"Regionalbane"}},{"type":"Feature","id":367536,"geometry":{"type":"Polygon","coordinates":[[[12.56463,55.7406],[12.56566,55.73773],[12.56699,55.73254],[12.56725,55.7318],[12.56748,55.73173],[12.56767,55.73142],[12.56841,55.72817],[12.56931,55.72517],[12.56975,55.72421],[12.56957,55.72419],[12.56925,55.72483],[12.56796,55.72832],[12.5664,55.73388],[12.5661,55.73549],[12.56533,55.73807],[12.56448,55.74021],[12.56439,55.74061],[12.56449,55.74061],[12.56463,55.7406]]]},"properties":{"STRKAFS":103000,"NAVN":"Hellerup","HOVER_NAME":"Hellerup","TIB":"10","BANENR":"10","FRA_KM":7.043,"TIL_KM":8.896,"FORKORTELSE":"Hl","BANENR_NAVN":"København H - Helsingør","HVDSTRK_NAVN":"København H - Helsingør","DELSTRK_NAVN":"Hellerup","BTRTYPETEKST":"Station","BANEKLASSETEKST":"Regionalbane"}},{"type":"Feature","id":367537,"geometry":{"type":"Polygon","coordinates":[[[12.56449,55.74061],[12.56439,55.74061],[12.5643,55.74166],[12.56447,55.74305],[12.56499,55.7444],[12.56584,55.74571],[12.56741,55.7475],[12.5722,55.75148],[12.58012,55.75883],[12.58265,55.76142],[12.58393,55.76323],[12.58527,55.76707],[12.58592,55.76835],[12.58732,55.77008],[12.58888,55.77153],[12.5891,55.77147],[12.58705,55.76953],[12.5861,55.76825],[12.5853,55.76659],[12.58441,55.76376],[12.58314,55.76165],[12.58101,55.7594],[12.5775,55.75622],[12.57381,55.75259],[12.57305,55.75144],[12.57163,55.75033],[12.56971,55.74916],[12.56679,55.74661],[12.56582,55.74533],[12.56495,55.7438],[12.56456,55.74213],[12.56463,55.7406],[12.56449,55.74061]]]},"properties":{"STRKAFS":104010,"NAVN":"Hellerup - Klampenborg","HOVER_NAME":"Hellerup - Klampenborg","TIB":"10","BANENR":"10","FRA_KM":8.896,"TIL_KM":12.722000000000001,"FORKORTELSE":"Hl-Kl","BANENR_NAVN":"København H - Helsingør","HVDSTRK_NAVN":"København H - Helsingør","DELSTRK_NAVN":"Hellerup - Snekkersten","BTRTYPETEKST":"Fri Bane","BANEKLASSETEKST":"Regionalbane"}},{"type":"Feature","id":367538,"geometry":{"type":"Polygon","coordinates":[[[12.59047,55.7737],[12.59011,55.7736],[12.59005,55.77265],[12.58974,55.7722],[12.5891,55.77147],[12.58888,55.77153],[12.58949,55.77246],[12.58973,55.77327],[12.5897,55.77392],[12.58911,55.77553],[12.58684,55.77961],[12.58683,55.78134],[12.58709,55.7821],[12.58756,55.78205],[12.58733,55.78062],[12.58772,55.7789],[12.59043,55.77406],[12.59047,55.7737]]]},"properties":{"STRKAFS":104013,"NAVN":"Klampenborg","HOVER_NAME":"Klampenborg","TIB":"10","BANENR":"10","FRA_KM":12.722000000000001,"TIL_KM":13.932,"FORKORTELSE":"Kl","BANENR_NAVN":"København H - Helsingør","HVDSTRK_NAVN":"København H - Helsingør","DELSTRK_NAVN":"Hellerup - Snekkersten","BTRTYPETEKST":"Station","BANEKLASSETEKST":"Regionalbane"}},{"type":"Feature","id":367539,"geometry":{"type":"Polygon","coordinates":[[[12.57735,55.80896],[12.5785,55.80727],[12.57881,55.80727],[12.57909,55.80691],[12.57957,55.80618],[12.57965,55.80597],[12.57949,55.80591],[12.58409,55.80171],[12.58591,55.79896],[12.59034,55.79153],[12.59086,55.79043],[12.59121,55.78903],[12.59107,55.78795],[12.5906,55.78661],[12.58983,55.78526],[12.58802,55.7831],[12.58756,55.78205],[12.58709,55.7821],[12.5875,55.78292],[12.58979,55.7858],[12.59048,55.78715],[12.59067,55.78795],[12.59068,55.78937],[12.59047,55.79039],[12.58862,55.7937],[12.58341,55.80196],[12.57868,55.80614],[12.57821,55.80723],[12.57663,55.80969],[12.57627,55.80999],[12.57484,55.8125],[12.57348,55.81543],[12.57404,55.81551],[12.57489,55.81344],[12.57715,55.80994],[12.5772,55.80974],[12.57688,55.80969],[12.57735,55.80896]]]},"properties":{"STRKAFS":104014,"NAVN":"Klampenborg - Skodsborg","HOVER_NAME":"Klampenborg - Skodsborg","TIB":"10","BANENR":"10","FRA_KM":13.932,"TIL_KM":17.902,"FORKORTELSE":"Kl-Så","BANENR_NAVN":"København H - Helsingør","HVDSTRK_NAVN":"København H - Helsingør","DELSTRK_NAVN":"Hellerup - Snekkersten","BTRTYPETEKST":"Fri Bane","BANEKLASSETEKST":"Regionalbane"}},{"type":"Feature","id":367540,"geometry":{"type":"Polygon","coordinates":[[[12.57374,55.81548],[12.57348,55.81543],[12.57319,55.81592],[12.57298,55.81718],[12.5721,55.81899],[12.57119,55.82236],[12.57102,55.82395],[12.57122,55.82479],[12.57108,55.82679],[12.56976,55.8298],[12.57012,55.82986],[12.57096,55.82854],[12.57158,55.82677],[12.57189,55.82389],[12.57214,55.8238],[12.57241,55.82307],[12.57247,55.82242],[12.57208,55.82233],[12.57223,55.82111],[12.57298,55.81912],[12.57332,55.81742],[12.57383,55.81639],[12.57404,55.81551],[12.5738,55.81549],[12.57374,55.81548]]]},"properties":{"STRKAFS":104017,"NAVN":"Skodsborg","HOVER_NAME":"Skodsborg","TIB":"10","BANENR":"10","FRA_KM":17.902,"TIL_KM":19.522000000000002,"FORKORTELSE":"Så","BANENR_NAVN":"København H - Helsingør","HVDSTRK_NAVN":"København H - Helsingør","DELSTRK_NAVN":"Hellerup - Snekkersten","BTRTYPETEKST":"Station","BANEKLASSETEKST":"Regionalbane"}},{"type":"Feature","id":367541,"geometry":{"type":"Polygon","coordinates":[[[12.56247,55.85365],[12.56259,55.85314],[12.5631,55.85315],[12.56315,55.85266],[12.56274,55.85264],[12.56303,55.84814],[12.5629,55.84732],[12.56273,55.84713],[12.56296,55.84647],[12.56276,55.84576],[12.56274,55.84413],[12.5631,55.84227],[12.563,55.84196],[12.56478,55.83871],[12.56648,55.83621],[12.57012,55.82986],[12.56976,55.8298],[12.56859,55.83176],[12.56665,55.83448],[12.56668,55.83465],[12.5659,55.83585],[12.56499,55.8378],[12.563,55.84098],[12.5627,55.84187],[12.56186,55.84287],[12.56242,55.84398],[12.56213,55.84653],[12.5623,55.84694],[12.56209,55.8502],[12.56239,55.85043],[12.56242,55.85081],[12.56186,55.8542],[12.5611,55.85593],[12.55943,55.85779],[12.5569,55.8597],[12.55301,55.86147],[12.54844,55.86328],[12.54668,55.8642],[12.54507,55.86533],[12.54062,55.8708],[12.53709,55.87551],[12.53742,55.8756],[12.5381,55.8747],[12.53854,55.8744],[12.53897,55.87384],[12.53885,55.8737],[12.54201,55.86967],[12.54275,55.86897],[12.54297,55.86846],[12.54476,55.86621],[12.54627,55.86479],[12.5485,55.86354],[12.55072,55.86269],[12.55083,55.86253],[12.55434,55.86131],[12.55808,55.85941],[12.55932,55.85848],[12.56113,55.8565],[12.56187,55.85529],[12.56229,55.85423],[12.56247,55.85365]]]},"properties":{"STRKAFS":104020,"NAVN":"Skodsborg - Rungsted kyst","HOVER_NAME":"Skodsborg - Rungsted kyst","TIB":"10","BANENR":"10","FRA_KM":19.522000000000002,"TIL_KM":25.224,"FORKORTELSE":"Så-Ru","BANENR_NAVN":"København H - Helsingør","HVDSTRK_NAVN":"København H - Helsingør","DELSTRK_NAVN":"Hellerup - Snekkersten","BTRTYPETEKST":"Fri Bane","BANEKLASSETEKST":"Regionalbane"}},{"type":"Feature","id":367542,"geometry":{"type":"Polygon","coordinates":[[[12.56211,55.85419],[12.56218,55.85397],[12.56236,55.85399],[12.56259,55.85314],[12.5631,55.85315],[12.56315,55.85266],[12.56274,55.85264],[12.56278,55.85181],[12.56228,55.8518],[12.56187,55.85416],[12.56207,55.85419],[12.56211,55.85419]]]},"properties":{"STRKAFS":104023,"NAVN":"Vedbæk","HOVER_NAME":"Vedbæk","TIB":"10","BANENR":"10","FRA_KM":22.041,"TIL_KM":22.309,"FORKORTELSE":"Vb","BANENR_NAVN":"København H - Helsingør","HVDSTRK_NAVN":"København H - Helsingør","DELSTRK_NAVN":"Hellerup - Snekkersten","BTRTYPETEKST":"Trinbræt","BANEKLASSETEKST":"Regionalbane"}},{"type":"Feature","id":367543,"geometry":{"type":"Polygon","coordinates":[[[12.53292,55.8814],[12.53465,55.87924],[12.53553,55.87894],[12.53528,55.87828],[12.53742,55.8756],[12.53709,55.87551],[12.53631,55.87632],[12.53385,55.87949],[12.53397,55.87952],[12.53257,55.88117],[12.53232,55.88112],[12.53065,55.88255],[12.53063,55.88284],[12.53017,55.8832],[12.52644,55.88564],[12.52579,55.88591],[12.52629,55.88614],[12.52667,55.88574],[12.53187,55.8826],[12.53233,55.8822],[12.53232,55.88201],[12.53252,55.88181],[12.53292,55.8814]]]},"properties":{"STRKAFS":104025,"NAVN":"Rungsted Kyst","HOVER_NAME":"Rungsted Kyst","TIB":"10","BANENR":"10","FRA_KM":25.224,"TIL_KM":26.598000000000003,"FORKORTELSE":"Ru","BANENR_NAVN":"København H - Helsingør","HVDSTRK_NAVN":"København H - Helsingør","DELSTRK_NAVN":"Hellerup - Snekkersten","BTRTYPETEKST":"Station","BANEKLASSETEKST":"Regionalbane"}},{"type":"Feature","id":367544,"geometry":{"type":"Polygon","coordinates":[[[12.50096,55.91565],[12.50129,55.91421],[12.50178,55.90729],[12.5021,55.90549],[12.50236,55.90542],[12.50279,55.9039],[12.50352,55.90254],[12.50333,55.90252],[12.5034,55.90231],[12.50329,55.90226],[12.50475,55.90018],[12.50681,55.89838],[12.5087,55.89716],[12.50992,55.89658],[12.51246,55.8948],[12.51259,55.89487],[12.5131,55.89457],[12.51292,55.89448],[12.51778,55.8914],[12.51803,55.89141],[12.52186,55.8888],[12.52629,55.88614],[12.52579,55.88591],[12.52549,55.88606],[12.52182,55.88858],[12.50707,55.89787],[12.50493,55.89947],[12.504,55.90042],[12.5038,55.90036],[12.50293,55.90158],[12.50202,55.90327],[12.50156,55.9047],[12.50148,55.90677],[12.50038,55.91725],[12.50031,55.91921],[12.49987,55.9226],[12.50021,55.92483],[12.50058,55.92599],[12.50154,55.92794],[12.5027,55.92956],[12.50306,55.92947],[12.50147,55.92709],[12.50081,55.92549],[12.50046,55.92346],[12.50057,55.92308],[12.50033,55.92295],[12.5005,55.92034],[12.50071,55.92022],[12.50091,55.91721],[12.50096,55.91565]]]},"properties":{"STRKAFS":104028,"NAVN":"Rungsted Kyst - Nivå","HOVER_NAME":"Rungsted Kyst - Nivå","TIB":"10","BANENR":"10","FRA_KM":26.598000000000003,"TIL_KM":31.998,"FORKORTELSE":"Ru-Ni","BANENR_NAVN":"København H - Helsingør","HVDSTRK_NAVN":"København H - Helsingør","DELSTRK_NAVN":"Hellerup - Snekkersten","BTRTYPETEKST":"Fri Bane","BANEKLASSETEKST":"Regionalbane"}},{"type":"Feature","id":367545,"geometry":{"type":"Polygon","coordinates":[[[12.50277,55.9025],[12.50249,55.90246],[12.50202,55.90327],[12.50156,55.90469],[12.50255,55.90475],[12.50279,55.9039],[12.50349,55.90262],[12.50283,55.90251],[12.50277,55.9025]]]},"properties":{"STRKAFS":104029,"NAVN":"Kokkedal","HOVER_NAME":"Kokkedal","TIB":"10","BANENR":"10","FRA_KM":28.955000000000002,"TIL_KM":29.208000000000002,"FORKORTELSE":"Ok","BANENR_NAVN":"København H - Helsingør","HVDSTRK_NAVN":"København H - Helsingør","DELSTRK_NAVN":"Hellerup - Snekkersten","BTRTYPETEKST":"Trinbræt","BANEKLASSETEKST":"Regionalbane"}},{"type":"Feature","id":367546,"geometry":{"type":"Polygon","coordinates":[[[9.70733,55.5391],[9.7071,55.53909],[9.70701,55.54076],[9.70753,55.54281],[9.7099,55.54749],[9.7111,55.5504],[9.71302,55.5532],[9.71342,55.55357],[9.71589,55.55499],[9.71924,55.55639],[9.72778,55.55843],[9.72799,55.55822],[9.72028,55.5563],[9.71701,55.55521],[9.71569,55.55441],[9.71307,55.55223],[9.71279,55.55168],[9.71209,55.55111],[9.71158,55.54957],[9.71039,55.54756],[9.7081,55.54275],[9.70759,55.54115],[9.70748,55.53995],[9.70761,55.53911],[9.7074,55.5391],[9.70733,55.5391]]]},"properties":{"STRKAFS":224086,"NAVN":"Snoghøj - Fredericia","HOVER_NAME":"Snoghøj - Fredericia","TIB":"1","BANENR":"16","FRA_KM":216.478,"TIL_KM":219.193,"FORKORTELSE":"Sno-Fa","BANENR_NAVN":"(Odense) - Fredericia","HVDSTRK_NAVN":"Nyborg - Fredericia","DELSTRK_NAVN":"Odense - Fredericia","BTRTYPETEKST":"Fri Bane","BANEKLASSETEKST":"Hovedbane"}},{"type":"Feature","id":367547,"geometry":{"type":"Polygon","coordinates":[[[10.09488,55.37693],[10.09648,55.37638],[10.09678,55.37642],[10.10375,55.374],[10.10497,55.37398],[10.10812,55.37309],[10.11162,55.37245],[10.11166,55.37217],[10.11319,55.37178],[10.11473,55.37157],[10.11793,55.37082],[10.11787,55.37074],[10.12195,55.36992],[10.10543,55.37307],[10.09473,55.37678],[10.09486,55.37691],[10.09488,55.37693]]]},"properties":{"STRKAFS":224749,"NAVN":"Bred","HOVER_NAME":"Bred","TIB":"1","BANENR":"16","FRA_KM":180.04,"TIL_KM":181.934,"FORKORTELSE":"BdVM","BANENR_NAVN":"(Odense) - Fredericia","HVDSTRK_NAVN":"Nyborg - Fredericia","DELSTRK_NAVN":"Odense - Fredericia","BTRTYPETEKST":"VM-station","BANEKLASSETEKST":"Hovedbane"}},{"type":"Feature","id":367548,"geometry":{"type":"Polygon","coordinates":[[[9.97982,55.39267],[9.98134,55.39157],[9.98291,55.39071],[9.98434,55.39011],[9.98456,55.39021],[9.98673,55.38952],[9.98674,55.38935],[9.98788,55.38908],[9.98781,55.38898],[9.98963,55.38866],[9.98959,55.38856],[9.98687,55.38905],[9.98408,55.38994],[9.98225,55.39077],[9.97944,55.39243],[9.97867,55.3922],[9.97829,55.39227],[9.97835,55.39296],[9.97814,55.39332],[9.9762,55.3947],[9.97475,55.39536],[9.97495,55.39548],[9.97404,55.39605],[9.97128,55.39841],[9.96875,55.4001],[9.96896,55.40019],[9.96729,55.40114],[9.96743,55.40122],[9.96953,55.39999],[9.97577,55.39546],[9.97617,55.39535],[9.97971,55.39284],[9.97982,55.39267]]]},"properties":{"STRKAFS":224759,"NAVN":"Gelsted","HOVER_NAME":"Gelsted","TIB":"1","BANENR":"16","FRA_KM":188.887,"TIL_KM":190.90800000000002,"FORKORTELSE":"GdVM","BANENR_NAVN":"(Odense) - Fredericia","HVDSTRK_NAVN":"Nyborg - Fredericia","DELSTRK_NAVN":"Odense - Fredericia","BTRTYPETEKST":"VM-station","BANEKLASSETEKST":"Hovedbane"}},{"type":"Feature","id":367549,"geometry":{"type":"Polygon","coordinates":[[[9.86179,55.4629],[9.86621,55.46195],[9.86607,55.46185],[9.86891,55.461],[9.88084,55.45661],[9.88319,55.45595],[9.88319,55.4558],[9.8845,55.4553],[9.88441,55.45522],[9.88646,55.45455],[9.88634,55.45441],[9.88558,55.45464],[9.86642,55.46148],[9.85392,55.46459],[9.85399,55.4647],[9.85989,55.46335],[9.86179,55.4629]]]},"properties":{"STRKAFS":224769,"NAVN":"Nørre Aaby","HOVER_NAME":"Nørre Aaby","TIB":"1","BANENR":"16","FRA_KM":198.901,"TIL_KM":201.25300000000001,"FORKORTELSE":"NaVM","BANENR_NAVN":"(Odense) - Fredericia","HVDSTRK_NAVN":"Nyborg - Fredericia","DELSTRK_NAVN":"Odense - Fredericia","BTRTYPETEKST":"VM-station","BANEKLASSETEKST":"Hovedbane"}},{"type":"Feature","id":367550,"geometry":{"type":"Polygon","coordinates":[[[9.73452,55.59423],[9.73389,55.59367],[9.73378,55.59291],[9.73352,55.59291],[9.73352,55.59342],[9.73377,55.59392],[9.73251,55.5929],[9.73233,55.58971],[9.73205,55.5897],[9.73204,55.59267],[9.73211,55.59302],[9.73249,55.59338],[9.72782,55.59152],[9.72588,55.59147],[9.72394,55.59241],[9.72314,55.59249],[9.72235,55.59234],[9.71596,55.58963],[9.71532,55.58898],[9.71522,55.58809],[9.71578,55.58742],[9.71658,55.58702],[9.72172,55.58557],[9.7254,55.58478],[9.72953,55.58343],[9.72918,55.58308],[9.73018,55.58264],[9.7303,55.58231],[9.73691,55.57994],[9.73938,55.57866],[9.73961,55.57876],[9.74039,55.57833],[9.74059,55.57782],[9.74153,55.57723],[9.74239,55.5758],[9.74261,55.5733],[9.74231,55.5728],[9.74223,55.57221],[9.74289,55.56989],[9.74144,55.56994],[9.7403,55.56745],[9.73994,55.5675],[9.73946,55.56649],[9.73884,55.56563],[9.73872,55.56519],[9.73887,55.56446],[9.7403,55.56322],[9.74001,55.56322],[9.73892,55.56392],[9.73831,55.56484],[9.738,55.56478],[9.73667,55.56315],[9.73679,55.56299],[9.73636,55.56241],[9.73497,55.56099],[9.73508,55.56093],[9.73207,55.55935],[9.72799,55.55822],[9.72778,55.55843],[9.72257,55.55719],[9.7216,55.55741],[9.7187,55.55731],[9.71595,55.5575],[9.71482,55.55743],[9.71485,55.55772],[9.72239,55.55773],[9.72496,55.55804],[9.72936,55.55916],[9.72945,55.55933],[9.7318,55.56023],[9.73492,55.56235],[9.73642,55.56432],[9.73851,55.56832],[9.73912,55.56911],[9.73883,55.56925],[9.73893,55.56959],[9.73977,55.57029],[9.74027,55.57154],[9.74067,55.57342],[9.74029,55.57338],[9.74028,55.57397],[9.73975,55.57478],[9.74027,55.5749],[9.73897,55.57641],[9.73663,55.57834],[9.73691,55.57849],[9.73583,55.57905],[9.71658,55.5864],[9.70942,55.58851],[9.70728,55.58894],[9.70738,55.58905],[9.70939,55.58865],[9.71846,55.58626],[9.72459,55.58433],[9.7299,55.58245],[9.72059,55.58577],[9.7159,55.5871],[9.71503,55.58798],[9.71491,55.58859],[9.71502,55.58896],[9.71555,55.5896],[9.71605,55.58986],[9.72076,55.59185],[9.72228,55.59266],[9.72327,55.59279],[9.72424,55.59268],[9.72635,55.59158],[9.72737,55.5916],[9.72843,55.5919],[9.73733,55.59554],[9.73752,55.5954],[9.73452,55.59423]]]},"properties":{"STRKAFS":225000,"NAVN":"Fredericia","HOVER_NAME":"Fredericia","TIB":"1,23,26","BANENR":"16","FRA_KM":219.193,"TIL_KM":221.97500000000002,"FORKORTELSE":"Fa","BANENR_NAVN":"(Odense) - Fredericia","HVDSTRK_NAVN":"Nyborg - Fredericia","DELSTRK_NAVN":"Fredericia","BTRTYPETEKST":"Station","BANEKLASSETEKST":"Hovedbane"}},{"type":"Feature","id":367551,"geometry":{"type":"Polygon","coordinates":[[[9.74443,55.56339],[9.74478,55.56294],[9.74759,55.56276],[9.74834,55.56293],[9.74886,55.56381],[9.75164,55.56377],[9.75161,55.56307],[9.75246,55.56304],[9.7524,55.56236],[9.75674,55.56231],[9.75752,55.56193],[9.75774,55.56157],[9.7577,55.55932],[9.75818,55.55859],[9.76031,55.55785],[9.76221,55.55801],[9.7634,55.55794],[9.76469,55.55736],[9.76482,55.55675],[9.76464,55.55674],[9.7645,55.5572],[9.76424,55.55745],[9.76345,55.55778],[9.76263,55.55789],[9.76029,55.55771],[9.75723,55.55864],[9.75796,55.55849],[9.75742,55.55911],[9.75745,55.56171],[9.75674,55.56219],[9.75612,55.56232],[9.75239,55.56227],[9.75217,55.56183],[9.75091,55.56185],[9.75315,55.56083],[9.7566,55.56063],[9.75662,55.56051],[9.7536,55.56047],[9.75271,55.56019],[9.7512,55.55923],[9.751,55.55935],[9.75253,55.56025],[9.74494,55.5595],[9.74423,55.55923],[9.74338,55.55834],[9.74244,55.55787],[9.74342,55.55796],[9.74345,55.55781],[9.74132,55.55765],[9.74045,55.55777],[9.73731,55.55888],[9.73759,55.55903],[9.73749,55.55919],[9.73687,55.5597],[9.73637,55.5599],[9.73505,55.55999],[9.73436,55.55985],[9.73306,55.55927],[9.73454,55.55921],[9.73449,55.55906],[9.73363,55.55915],[9.73274,55.55904],[9.73197,55.55869],[9.73045,55.5576],[9.73179,55.55782],[9.73281,55.55773],[9.73585,55.5565],[9.73533,55.55659],[9.73562,55.55617],[9.73551,55.55549],[9.73339,55.55352],[9.73317,55.55363],[9.73503,55.55528],[9.73531,55.55584],[9.73499,55.55657],[9.73343,55.55736],[9.73232,55.55762],[9.73124,55.55758],[9.73039,55.55734],[9.72952,55.55661],[9.72849,55.55521],[9.72809,55.55532],[9.72971,55.55722],[9.73124,55.55846],[9.73387,55.55985],[9.73605,55.56056],[9.73623,55.56124],[9.73895,55.56227],[9.74001,55.56322],[9.7403,55.56322],[9.74008,55.56343],[9.74047,55.56371],[9.74438,55.56385],[9.74442,55.56364],[9.74443,55.56339]],[[9.74856,55.56187],[9.74201,55.56182],[9.74017,55.56152],[9.73506,55.56014],[9.73574,55.56016],[9.7368,55.55992],[9.73837,55.55876],[9.74112,55.55786],[9.74274,55.55816],[9.74408,55.55937],[9.74519,55.5597],[9.75362,55.56057],[9.75273,55.5608],[9.75039,55.56185],[9.74856,55.56187]]]},"properties":{"STRKAFS":225801,"NAVN":"Fredericia godsstation","HOVER_NAME":"Fredericia godsstation","TIB":"26","BANENR":"16","FRA_KM":0,"TIL_KM":0,"FORKORTELSE":"Gfa","BANENR_NAVN":"(Odense) - Fredericia","HVDSTRK_NAVN":"Nyborg - Fredericia","DELSTRK_NAVN":"Fredericia","BTRTYPETEKST":"Teknisk Station","BANEKLASSETEKST":"Hovedbane"}},{"type":"Feature","id":367552,"geometry":{"type":"Polygon","coordinates":[[[9.67469,55.59442],[9.67694,55.59244],[9.67715,55.59217],[9.67702,55.59206],[9.67716,55.59185],[9.67756,55.59154],[9.67784,55.59152],[9.67842,55.59101],[9.6795,55.59043],[9.67949,55.59028],[9.68105,55.58955],[9.68306,55.58888],[9.68641,55.58827],[9.68927,55.58811],[9.69208,55.58829],[9.70247,55.58954],[9.70547,55.58947],[9.70777,55.58919],[9.71216,55.58809],[9.71249,55.58819],[9.72059,55.58577],[9.73348,55.58134],[9.73799,55.57958],[9.73961,55.57876],[9.73938,55.57866],[9.73804,55.57944],[9.73655,55.58007],[9.72147,55.58536],[9.70939,55.58865],[9.70738,55.58905],[9.70728,55.58894],[9.70942,55.58851],[9.71658,55.5864],[9.73489,55.57947],[9.73691,55.57849],[9.73663,55.57834],[9.7355,55.57903],[9.73508,55.57888],[9.73453,55.57897],[9.73388,55.57934],[9.73359,55.57981],[9.71592,55.58646],[9.70836,55.58861],[9.70528,55.58907],[9.70124,55.58916],[9.69162,55.58797],[9.68863,55.58791],[9.68549,55.58817],[9.68294,55.58868],[9.67868,55.59029],[9.67851,55.59022],[9.67452,55.59391],[9.67186,55.59608],[9.67151,55.59615],[9.67079,55.59671],[9.66555,55.59966],[9.66472,55.59988],[9.6632,55.60072],[9.66308,55.60094],[9.66326,55.60108],[9.66187,55.60252],[9.66158,55.60253],[9.6612,55.60339],[9.66004,55.60478],[9.65973,55.60567],[9.66006,55.60596],[9.65946,55.60809],[9.65962,55.60811],[9.65898,55.60912],[9.65903,55.60983],[9.65867,55.61077],[9.65855,55.61157],[9.65856,55.61316],[9.65879,55.61423],[9.65908,55.61463],[9.65915,55.61542],[9.65964,55.61611],[9.66012,55.61817],[9.6598,55.62255],[9.65952,55.62295],[9.65978,55.62345],[9.65966,55.62408],[9.65995,55.62528],[9.6616,55.62821],[9.66156,55.62836],[9.66273,55.63061],[9.66292,55.63209],[9.66243,55.63409],[9.66124,55.63623],[9.66043,55.63721],[9.65945,55.6379],[9.66046,55.63831],[9.66085,55.63797],[9.6605,55.63753],[9.6621,55.63593],[9.6628,55.63477],[9.66319,55.63338],[9.66327,55.63212],[9.6629,55.62963],[9.66241,55.62861],[9.66225,55.6286],[9.66214,55.62826],[9.66188,55.62812],[9.66173,55.62759],[9.6616,55.62759],[9.66099,55.62648],[9.6603,55.62468],[9.66034,55.62282],[9.66015,55.62257],[9.66048,55.61895],[9.66081,55.61886],[9.66051,55.61862],[9.66039,55.61723],[9.65998,55.6156],[9.65899,55.61284],[9.65895,55.61193],[9.65939,55.60993],[9.65996,55.60902],[9.65985,55.60841],[9.66021,55.60718],[9.66076,55.60679],[9.66156,55.60468],[9.66287,55.60268],[9.66284,55.6025],[9.66361,55.60173],[9.66508,55.60067],[9.66554,55.60023],[9.66558,55.59997],[9.67181,55.59648],[9.67331,55.59538],[9.6736,55.59537],[9.67391,55.59512],[9.67469,55.59442]]]},"properties":{"STRKAFS":232004,"NAVN":"Fredericia - Børkop","HOVER_NAME":"Fredericia - Børkop","TIB":"23,1023","BANENR":"23a","FRA_KM":1.2,"TIL_KM":11.200000000000001,"FORKORTELSE":"Fa-Bk","BANENR_NAVN":"(Fredericia) - Vejle","HVDSTRK_NAVN":"Fredericia - Aarhus H","DELSTRK_NAVN":"Fredericia - Vejle","BTRTYPETEKST":"Fri Bane","BANEKLASSETEKST":"Hovedbane"}},{"type":"Feature","id":367553,"geometry":{"type":"Polygon","coordinates":[[[9.6501,55.64368],[9.65387,55.64133],[9.65583,55.64042],[9.65824,55.63958],[9.66046,55.63831],[9.65945,55.6379],[9.65894,55.63837],[9.65761,55.63883],[9.65296,55.64113],[9.64949,55.64372],[9.64814,55.64509],[9.64669,55.64748],[9.64684,55.64752],[9.64674,55.64975],[9.6472,55.64974],[9.64727,55.64821],[9.6478,55.64678],[9.64859,55.64533],[9.64965,55.64409],[9.6501,55.64368]]]},"properties":{"STRKAFS":232013,"NAVN":"Børkop","HOVER_NAME":"Børkop","TIB":"1023","BANENR":"23a","FRA_KM":11.200000000000001,"TIL_KM":12.8,"FORKORTELSE":"Bk","BANENR_NAVN":"(Fredericia) - Vejle","HVDSTRK_NAVN":"Fredericia - Aarhus H","DELSTRK_NAVN":"Fredericia - Vejle","BTRTYPETEKST":"Station","BANEKLASSETEKST":"Hovedbane"}},{"type":"Feature","id":367554,"geometry":{"type":"Polygon","coordinates":[[[10.5274,55.10479],[10.53183,55.10278],[10.53467,55.10197],[10.53967,55.10085],[10.54121,55.10022],[10.54183,55.0998],[10.54377,55.09784],[10.54475,55.09586],[10.54693,55.0922],[10.54963,55.08943],[10.55148,55.08814],[10.55401,55.08669],[10.55502,55.08582],[10.55943,55.08298],[10.56791,55.07615],[10.57462,55.07211],[10.57795,55.06984],[10.57888,55.06885],[10.5797,55.06738],[10.58005,55.06628],[10.58142,55.05881],[10.58223,55.05532],[10.58272,55.05449],[10.58417,55.05312],[10.585,55.05281],[10.58612,55.05211],[10.5878,55.05161],[10.59048,55.05122],[10.5923,55.05121],[10.59572,55.05164],[10.60386,55.05452],[10.60422,55.05422],[10.59652,55.05159],[10.59524,55.05127],[10.59257,55.05094],[10.58959,55.05105],[10.58811,55.05131],[10.58555,55.05213],[10.58341,55.05343],[10.58264,55.05416],[10.58182,55.05538],[10.5812,55.05801],[10.5812,55.05871],[10.57964,55.06676],[10.57905,55.06812],[10.57806,55.06937],[10.57542,55.07138],[10.56734,55.07628],[10.5577,55.08391],[10.55656,55.08449],[10.55472,55.08578],[10.55348,55.08638],[10.5502,55.0886],[10.54856,55.09004],[10.54616,55.09264],[10.5446,55.09499],[10.54297,55.09825],[10.54172,55.09944],[10.54,55.10039],[10.53882,55.10081],[10.53359,55.10205],[10.52947,55.1035],[10.5273,55.10465],[10.52676,55.10479],[10.52566,55.10565],[10.52235,55.10774],[10.52114,55.10896],[10.52037,55.11008],[10.51775,55.11482],[10.51645,55.11761],[10.5162,55.11808],[10.51602,55.11812],[10.51612,55.11822],[10.51207,55.12582],[10.51234,55.12585],[10.51985,55.11162],[10.52122,55.10931],[10.52278,55.10772],[10.52672,55.10522],[10.5274,55.10479]]]},"properties":{"STRKAFS":212038,"NAVN":"Stenstrup - Svendborg","HOVER_NAME":"Stenstrup - Svendborg","TIB":"21","BANENR":"78","FRA_KM":36.334,"TIL_KM":47.466,"FORKORTELSE":"Sts-Svg","BANENR_NAVN":"(Odense) - Svendborg","HVDSTRK_NAVN":"Odense - Svendborg","DELSTRK_NAVN":"Odense - Svendborg","BTRTYPETEKST":"Fri Bane","BANEKLASSETEKST":"Lokalbane I"}},{"type":"Feature","id":367555,"geometry":{"type":"Polygon","coordinates":[[[10.51534,55.11991],[10.51488,55.12061],[10.51508,55.12063],[10.51545,55.11992],[10.51534,55.11991]]]},"properties":{"STRKAFS":212039,"NAVN":"Stenstrup Syd","HOVER_NAME":"Stenstrup Syd","TIB":"21","BANENR":"78","FRA_KM":36.941,"TIL_KM":37.024,"FORKORTELSE":"Sis","BANENR_NAVN":"(Odense) - Svendborg","HVDSTRK_NAVN":"Odense - Svendborg","DELSTRK_NAVN":"Odense - Svendborg","BTRTYPETEKST":"Trinbræt","BANEKLASSETEKST":"Lokalbane I"}},{"type":"Feature","id":367556,"geometry":{"type":"Polygon","coordinates":[[[10.58191,55.05657],[10.58212,55.05568],[10.5818,55.05565],[10.58151,55.05654],[10.58173,55.05655],[10.58191,55.05657]]]},"properties":{"STRKAFS":212045,"NAVN":"Svendborg Vest","HOVER_NAME":"Svendborg Vest","TIB":"21","BANENR":"78","FRA_KM":45.608000000000004,"TIL_KM":45.708000000000006,"FORKORTELSE":"Svv","BANENR_NAVN":"(Odense) - Svendborg","HVDSTRK_NAVN":"Odense - Svendborg","DELSTRK_NAVN":"Odense - Svendborg","BTRTYPETEKST":"Trinbræt","BANEKLASSETEKST":"Lokalbane I"}},{"type":"Feature","id":367557,"geometry":{"type":"Polygon","coordinates":[[[10.60969,55.05622],[10.60422,55.05422],[10.60386,55.05452],[10.61009,55.05656],[10.61098,55.05719],[10.61167,55.05804],[10.61196,55.059],[10.61171,55.05906],[10.61235,55.06061],[10.61312,55.06053],[10.61211,55.05884],[10.61172,55.05782],[10.6104,55.05654],[10.60969,55.05622]]]},"properties":{"STRKAFS":213000,"NAVN":"Svendborg","HOVER_NAME":"Svendborg","TIB":"21","BANENR":"78","FRA_KM":47.466,"TIL_KM":48.39,"FORKORTELSE":"Svg","BANENR_NAVN":"(Odense) - Svendborg","HVDSTRK_NAVN":"Odense - Svendborg","DELSTRK_NAVN":"Svendborg","BTRTYPETEKST":"Station","BANEKLASSETEKST":"Lokalbane I"}},{"type":"Feature","id":367558,"geometry":{"type":"Polygon","coordinates":[[[10.75667,55.33391],[10.75899,55.33317],[10.75888,55.3331],[10.76144,55.33203],[10.7869,55.32184],[10.78656,55.32158],[10.75896,55.33285],[10.75631,55.33382],[10.7515,55.33511],[10.75149,55.33541],[10.75594,55.33414],[10.75667,55.33391]]]},"properties":{"STRKAFS":222002,"NAVN":"Nyborg - Hjulby","HOVER_NAME":"Nyborg - Hjulby","TIB":"1","BANENR":"15a","FRA_KM":132.96800000000002,"TIL_KM":135.662,"FORKORTELSE":"Ng-Ju","BANENR_NAVN":"(Nyborg) - (Odense)","HVDSTRK_NAVN":"Nyborg - Fredericia","DELSTRK_NAVN":"Nyborg - Odense","BTRTYPETEKST":"Fri Bane","BANEKLASSETEKST":"Hovedbane"}},{"type":"Feature","id":367559,"geometry":{"type":"Polygon","coordinates":[[[10.74094,55.33714],[10.75037,55.33564],[10.75105,55.33532],[10.75145,55.33527],[10.75149,55.33541],[10.75159,55.33526],[10.7515,55.33511],[10.74007,55.33705],[10.73934,55.33709],[10.73882,55.33688],[10.73542,55.33737],[10.73318,55.33777],[10.73118,55.33857],[10.72784,55.33932],[10.72798,55.3395],[10.73078,55.33892],[10.73303,55.33876],[10.73475,55.33826],[10.73776,55.33805],[10.73749,55.3379],[10.7395,55.33751],[10.73943,55.33738],[10.74094,55.33714]]]},"properties":{"STRKAFS":222005,"NAVN":"Hjulby","HOVER_NAME":"Hjulby","TIB":"1","BANENR":"15a","FRA_KM":135.662,"TIL_KM":137.234,"FORKORTELSE":"Ju","BANENR_NAVN":"(Nyborg) - (Odense)","HVDSTRK_NAVN":"Nyborg - Fredericia","DELSTRK_NAVN":"Nyborg - Odense","BTRTYPETEKST":"Teknisk Station","BANEKLASSETEKST":"Hovedbane"}},{"type":"Feature","id":367560,"geometry":{"type":"Polygon","coordinates":[[[10.6767,55.35273],[10.67691,55.35268],[10.67699,55.35283],[10.67995,55.35208],[10.68269,55.35135],[10.68258,55.35121],[10.68691,55.35023],[10.69796,55.34726],[10.69842,55.34715],[10.69855,55.34734],[10.70106,55.34652],[10.70113,55.34662],[10.70496,55.34563],[10.70486,55.34545],[10.72798,55.3395],[10.72784,55.33932],[10.72532,55.33994],[10.68962,55.34917],[10.68707,55.3497],[10.68524,55.35029],[10.67381,55.35324],[10.67392,55.3534],[10.67607,55.35289],[10.6767,55.35273]]]},"properties":{"STRKAFS":222006,"NAVN":"Hjulby - Ullerslev","HOVER_NAME":"Hjulby - Ullerslev","TIB":"1","BANENR":"15a","FRA_KM":137.234,"TIL_KM":140.994,"FORKORTELSE":"Ju-Uv","BANENR_NAVN":"(Nyborg) - (Odense)","HVDSTRK_NAVN":"Nyborg - Fredericia","DELSTRK_NAVN":"Nyborg - Odense","BTRTYPETEKST":"Fri Bane","BANEKLASSETEKST":"Hovedbane"}},{"type":"Feature","id":367561,"geometry":{"type":"Polygon","coordinates":[[[10.6632,55.35475],[10.6702,55.35413],[10.67392,55.3534],[10.67381,55.35324],[10.67147,55.35368],[10.6673,55.35418],[10.66507,55.35394],[10.66489,55.35418],[10.66079,55.35448],[10.66064,55.35463],[10.65961,55.35482],[10.64738,55.35621],[10.64744,55.35639],[10.6494,55.35622],[10.66123,55.35498],[10.6632,55.35475]]]},"properties":{"STRKAFS":222011,"NAVN":"Ullerslev","HOVER_NAME":"Ullerslev","TIB":"1","BANENR":"15a","FRA_KM":140.994,"TIL_KM":142.707,"FORKORTELSE":"Uv","BANENR_NAVN":"(Nyborg) - (Odense)","HVDSTRK_NAVN":"Nyborg - Fredericia","DELSTRK_NAVN":"Nyborg - Odense","BTRTYPETEKST":"Teknisk Station","BANEKLASSETEKST":"Hovedbane"}},{"type":"Feature","id":367562,"geometry":{"type":"Polygon","coordinates":[[[10.55371,55.36999],[10.55553,55.36955],[10.56338,55.36708],[10.5637,55.36718],[10.56359,55.36707],[10.57001,55.36514],[10.57362,55.36423],[10.5937,55.36056],[10.5992,55.35996],[10.62291,55.35878],[10.62435,55.35855],[10.62921,55.35821],[10.62926,55.35838],[10.63477,55.35766],[10.64744,55.35639],[10.64738,55.35621],[10.62848,55.35807],[10.62446,55.35832],[10.62163,55.3583],[10.62147,55.35845],[10.62013,55.35855],[10.60096,55.35957],[10.59354,55.36032],[10.57592,55.36355],[10.56867,55.36522],[10.53614,55.37503],[10.53633,55.37524],[10.53929,55.3744],[10.55276,55.37027],[10.55371,55.36999]]]},"properties":{"STRKAFS":222012,"NAVN":"Ullerslev - Marslev","HOVER_NAME":"Ullerslev - Marslev","TIB":"1","BANENR":"15a","FRA_KM":142.707,"TIL_KM":150.15,"FORKORTELSE":"Uv-Mv","BANENR_NAVN":"(Nyborg) - (Odense)","HVDSTRK_NAVN":"Nyborg - Fredericia","DELSTRK_NAVN":"Nyborg - Odense","BTRTYPETEKST":"Fri Bane","BANEKLASSETEKST":"Hovedbane"}},{"type":"Feature","id":367563,"geometry":{"type":"Polygon","coordinates":[[[10.58945,55.3612],[10.58701,55.36155],[10.58362,55.36229],[10.58368,55.36239],[10.58742,55.36173],[10.58741,55.36161],[10.58946,55.36122],[10.58945,55.3612]]]},"properties":{"STRKAFS":222015,"NAVN":"Langeskov","HOVER_NAME":"Langeskov","TIB":"1","BANENR":"15a","FRA_KM":146.42700000000002,"TIL_KM":146.816,"FORKORTELSE":"Lv","BANENR_NAVN":"(Nyborg) - (Odense)","HVDSTRK_NAVN":"Nyborg - Fredericia","DELSTRK_NAVN":"Nyborg - Odense","BTRTYPETEKST":"Trinbræt","BANEKLASSETEKST":"Hovedbane"}},{"type":"Feature","id":367564,"geometry":{"type":"Polygon","coordinates":[[[10.5152,55.3806],[10.51573,55.38047],[10.51583,55.38061],[10.51865,55.37984],[10.52294,55.37893],[10.52348,55.37911],[10.52818,55.378],[10.53633,55.37524],[10.53614,55.37503],[10.52822,55.37733],[10.52281,55.37859],[10.52274,55.37848],[10.52225,55.37857],[10.52232,55.3787],[10.51371,55.38064],[10.51386,55.38087],[10.5152,55.3806]]]},"properties":{"STRKAFS":222019,"NAVN":"Marslev","HOVER_NAME":"Marslev","TIB":"1","BANENR":"15a","FRA_KM":150.15,"TIL_KM":151.707,"FORKORTELSE":"Mv","BANENR_NAVN":"(Nyborg) - (Odense)","HVDSTRK_NAVN":"Nyborg - Fredericia","DELSTRK_NAVN":"Nyborg - Odense","BTRTYPETEKST":"Teknisk Station","BANEKLASSETEKST":"Hovedbane"}},{"type":"Feature","id":367565,"geometry":{"type":"Polygon","coordinates":[[[10.40768,55.40281],[10.41164,55.40221],[10.41753,55.40073],[10.4349,55.39568],[10.43573,55.39561],[10.43743,55.39515],[10.43917,55.39464],[10.43912,55.39446],[10.45072,55.39112],[10.45131,55.39107],[10.45198,55.39076],[10.45285,55.39054],[10.45323,55.39059],[10.45388,55.39025],[10.45637,55.38947],[10.4639,55.38753],[10.46867,55.38681],[10.50648,55.38225],[10.51386,55.38087],[10.51371,55.38064],[10.50671,55.382],[10.4932,55.38364],[10.49333,55.38352],[10.49261,55.38356],[10.49267,55.38371],[10.46972,55.38644],[10.46337,55.38739],[10.45095,55.39069],[10.45016,55.39109],[10.41214,55.40192],[10.40943,55.40238],[10.4056,55.40277],[10.40284,55.40278],[10.39749,55.40244],[10.39695,55.40253],[10.40193,55.40301],[10.40722,55.40284],[10.40768,55.40281]]]},"properties":{"STRKAFS":222022,"NAVN":"Marslev - Odense","HOVER_NAME":"Marslev - Odense","TIB":"1","BANENR":"15a","FRA_KM":151.707,"TIL_KM":159.584,"FORKORTELSE":"Mv-Od","BANENR_NAVN":"(Nyborg) - (Odense)","HVDSTRK_NAVN":"Nyborg - Fredericia","DELSTRK_NAVN":"Nyborg - Odense","BTRTYPETEKST":"Fri Bane","BANEKLASSETEKST":"Hovedbane"}},{"type":"Feature","id":367566,"geometry":{"type":"Polygon","coordinates":[[[10.38749,55.40292],[10.3866,55.40236],[10.38571,55.40246],[10.38404,55.40229],[10.38409,55.40209],[10.3879,55.40223],[10.38798,55.40207],[10.39053,55.40225],[10.39063,55.40209],[10.39918,55.40281],[10.39695,55.40253],[10.39783,55.40246],[10.39692,55.40218],[10.39382,55.40172],[10.39354,55.40173],[10.39339,55.40199],[10.39249,55.40195],[10.38449,55.40135],[10.38229,55.40098],[10.3781,55.40105],[10.3749,55.39983],[10.37444,55.39986],[10.3735,55.40025],[10.37247,55.40007],[10.3719,55.40052],[10.37077,55.40041],[10.37057,55.40047],[10.37035,55.40089],[10.36978,55.40083],[10.3697,55.40094],[10.36783,55.40034],[10.36675,55.3998],[10.36509,55.39861],[10.36405,55.39752],[10.36368,55.39683],[10.36146,55.39503],[10.35941,55.39285],[10.35725,55.3912],[10.35621,55.38994],[10.35598,55.38866],[10.3562,55.38771],[10.35655,55.38844],[10.35698,55.38883],[10.36221,55.39207],[10.36357,55.39313],[10.36379,55.39306],[10.36341,55.39276],[10.36457,55.39329],[10.36471,55.39317],[10.36342,55.39257],[10.35846,55.38939],[10.35728,55.38881],[10.35664,55.38813],[10.35662,55.38718],[10.35767,55.38609],[10.359,55.38527],[10.36137,55.38434],[10.3613,55.38426],[10.35926,55.385],[10.35797,55.38569],[10.35682,55.38662],[10.35604,55.38765],[10.35579,55.3883],[10.35569,55.38936],[10.35588,55.39008],[10.35647,55.39104],[10.35937,55.39317],[10.36464,55.39845],[10.36394,55.3987],[10.36476,55.39956],[10.36672,55.40083],[10.36919,55.40148],[10.37131,55.40185],[10.3783,55.40191],[10.38161,55.40208],[10.38259,55.40223],[10.38465,55.40304],[10.38489,55.40318],[10.38476,55.40336],[10.38582,55.4036],[10.38611,55.40331],[10.38749,55.40292]]]},"properties":{"STRKAFS":223000,"NAVN":"Odense","HOVER_NAME":"Odense","TIB":"1,21","BANENR":"15b","FRA_KM":159.584,"TIL_KM":161.779,"FORKORTELSE":"Od","BANENR_NAVN":"Odense","HVDSTRK_NAVN":"Nyborg - Fredericia","DELSTRK_NAVN":"Odense","BTRTYPETEKST":"Station","BANEKLASSETEKST":"Hovedbane"}},{"type":"Feature","id":367567,"geometry":{"type":"Polygon","coordinates":[[[10.34428,55.38648],[10.34191,55.38549],[10.34202,55.38541],[10.33674,55.38349],[10.3204,55.3782],[10.31679,55.37729],[10.3067,55.37575],[10.30378,55.37489],[10.30125,55.37372],[10.29521,55.36955],[10.29362,55.36878],[10.29206,55.36811],[10.28711,55.36654],[10.28283,55.36527],[10.28266,55.36546],[10.29037,55.36778],[10.29285,55.36871],[10.29685,55.37097],[10.29724,55.37129],[10.29701,55.37134],[10.29812,55.37227],[10.29846,55.37223],[10.30046,55.37374],[10.30388,55.37524],[10.30658,55.37599],[10.30719,55.37635],[10.30938,55.37647],[10.31526,55.37734],[10.31885,55.3781],[10.31893,55.37832],[10.32185,55.3791],[10.32188,55.37894],[10.3273,55.38141],[10.3294,55.3822],[10.33976,55.38503],[10.34264,55.38624],[10.34261,55.38637],[10.34462,55.38681],[10.34717,55.38798],[10.34852,55.38831],[10.35546,55.39094],[10.35672,55.39156],[10.35959,55.39367],[10.36449,55.3985],[10.36464,55.39845],[10.35937,55.39317],[10.35662,55.39115],[10.34445,55.38652],[10.34428,55.38648]]]},"properties":{"STRKAFS":224032,"NAVN":"Odense - Holmstrup","HOVER_NAME":"Odense - Holmstrup","TIB":"1","BANENR":"16","FRA_KM":161.779,"TIL_KM":168.29600000000002,"FORKORTELSE":"Od-Hp","BANENR_NAVN":"(Odense) - Fredericia","HVDSTRK_NAVN":"Nyborg - Fredericia","DELSTRK_NAVN":"Odense - Fredericia","BTRTYPETEKST":"Fri Bane","BANEKLASSETEKST":"Hovedbane"}},{"type":"Feature","id":367568,"geometry":{"type":"Polygon","coordinates":[[[10.34428,55.38648],[10.34191,55.38549],[10.34202,55.38541],[10.33639,55.38334],[10.32885,55.38086],[10.31907,55.37782],[10.31814,55.3776],[10.31792,55.37791],[10.31885,55.3781],[10.31893,55.37832],[10.32293,55.37939],[10.32685,55.38125],[10.32896,55.38205],[10.33908,55.38486],[10.34264,55.38624],[10.34261,55.38637],[10.34374,55.38654],[10.34495,55.38695],[10.34515,55.38678],[10.34445,55.38652],[10.34428,55.38648]],[[10.33006,55.38223],[10.32832,55.38166],[10.33451,55.38306],[10.33431,55.38325],[10.33067,55.38236],[10.33006,55.38223]]]},"properties":{"STRKAFS":224035,"NAVN":"Odense Vest","HOVER_NAME":"Odense Vest","TIB":null,"BANENR":"16","FRA_KM":163.6,"TIL_KM":165.6,"FORKORTELSE":"Odv","BANENR_NAVN":"(Odense) - Fredericia","HVDSTRK_NAVN":"Nyborg - Fredericia","DELSTRK_NAVN":"Odense - Fredericia","BTRTYPETEKST":"Teknisk Station","BANEKLASSETEKST":"Hovedbane"}},{"type":"Feature","id":367569,"geometry":{"type":"Polygon","coordinates":[[[10.31481,55.37702],[10.3067,55.37575],[10.30378,55.37489],[10.30125,55.37372],[10.29521,55.36955],[10.29362,55.36878],[10.29206,55.36811],[10.28711,55.36654],[10.28283,55.36527],[10.28266,55.36546],[10.29037,55.36778],[10.29285,55.36871],[10.29685,55.37097],[10.29724,55.37129],[10.29701,55.37134],[10.29812,55.37227],[10.29846,55.37223],[10.30046,55.37374],[10.30547,55.37578],[10.30658,55.37599],[10.30719,55.37635],[10.30938,55.37647],[10.31481,55.37727],[10.31792,55.37791],[10.31814,55.3776],[10.3155,55.37715],[10.31481,55.37702]]]},"properties":{"STRKAFS":224036,"NAVN":"Odense Vest - Holmstrup","HOVER_NAME":"Odense Vest - Holmstrup","TIB":null,"BANENR":"16","FRA_KM":165.6,"TIL_KM":168.29600000000002,"FORKORTELSE":"Odv-Hp","BANENR_NAVN":"(Odense) - Fredericia","HVDSTRK_NAVN":"Nyborg - Fredericia","DELSTRK_NAVN":"Odense - Fredericia","BTRTYPETEKST":"Fri Bane","BANEKLASSETEKST":"Hovedbane"}},{"type":"Feature","id":367570,"geometry":{"type":"Polygon","coordinates":[[[10.27796,55.36383],[10.27745,55.36342],[10.2741,55.36254],[10.27144,55.36163],[10.26546,55.35874],[10.26523,55.3589],[10.27115,55.3619],[10.27138,55.36215],[10.27619,55.36379],[10.2766,55.36369],[10.27758,55.36394],[10.28266,55.36546],[10.28283,55.36527],[10.27962,55.3643],[10.27796,55.36383]]]},"properties":{"STRKAFS":224037,"NAVN":"Holmstrup","HOVER_NAME":"Holmstrup","TIB":"1","BANENR":"16","FRA_KM":168.29600000000002,"TIL_KM":169.624,"FORKORTELSE":"Hp","BANENR_NAVN":"(Odense) - Fredericia","HVDSTRK_NAVN":"Nyborg - Fredericia","DELSTRK_NAVN":"Odense - Fredericia","BTRTYPETEKST":"Station","BANEKLASSETEKST":"Hovedbane"}},{"type":"Feature","id":367571,"geometry":{"type":"Polygon","coordinates":[[[10.24551,55.35263],[10.24292,55.35212],[10.24,55.35132],[10.22505,55.34642],[10.22003,55.34506],[10.20664,55.34393],[10.20064,55.34363],[10.1983,55.3437],[10.19417,55.34432],[10.19431,55.34453],[10.19652,55.34413],[10.19905,55.34389],[10.20369,55.344],[10.20725,55.34442],[10.20836,55.34437],[10.21599,55.34489],[10.21899,55.3452],[10.22175,55.34571],[10.24114,55.3519],[10.24385,55.35261],[10.25323,55.35446],[10.25738,55.35552],[10.26178,55.35719],[10.26249,55.35766],[10.26523,55.3589],[10.26546,55.35874],[10.26127,55.3567],[10.25824,55.35555],[10.25466,55.3545],[10.24622,55.35277],[10.24551,55.35263]]]},"properties":{"STRKAFS":224040,"NAVN":"Holmstrup - Tommerup","HOVER_NAME":"Holmstrup - Tommerup","TIB":"1","BANENR":"16","FRA_KM":169.624,"TIL_KM":174.53900000000002,"FORKORTELSE":"Hp-Tp","BANENR_NAVN":"(Odense) - Fredericia","HVDSTRK_NAVN":"Nyborg - Fredericia","DELSTRK_NAVN":"Odense - Fredericia","BTRTYPETEKST":"Fri Bane","BANEKLASSETEKST":"Hovedbane"}},{"type":"Feature","id":367572,"geometry":{"type":"Polygon","coordinates":[[[10.18131,55.35071],[10.18401,55.34952],[10.18678,55.34798],[10.18656,55.34774],[10.18952,55.3462],[10.19177,55.34525],[10.19431,55.34453],[10.19417,55.34432],[10.19032,55.34543],[10.18867,55.34613],[10.18814,55.34604],[10.18707,55.34698],[10.18559,55.34779],[10.185,55.348],[10.18493,55.34788],[10.18333,55.34852],[10.18033,55.35054],[10.17969,55.35131],[10.17686,55.35355],[10.1737,55.35537],[10.17395,55.35555],[10.17601,55.35448],[10.18088,55.35106],[10.18131,55.35071]]]},"properties":{"STRKAFS":224045,"NAVN":"Tommerup","HOVER_NAME":"Tommerup","TIB":"1","BANENR":"16","FRA_KM":174.53900000000002,"TIL_KM":176.33800000000002,"FORKORTELSE":"Tp","BANENR_NAVN":"(Odense) - Fredericia","HVDSTRK_NAVN":"Nyborg - Fredericia","DELSTRK_NAVN":"Odense - Fredericia","BTRTYPETEKST":"Station","BANEKLASSETEKST":"Hovedbane"}},{"type":"Feature","id":367573,"geometry":{"type":"Polygon","coordinates":[[[10.10301,55.37423],[10.10375,55.374],[10.10497,55.37398],[10.10812,55.37309],[10.11162,55.37245],[10.11166,55.37217],[10.11319,55.37178],[10.12277,55.36985],[10.1395,55.36678],[10.14155,55.36621],[10.14474,55.36471],[10.15265,55.36192],[10.15512,55.3613],[10.16132,55.36035],[10.16447,55.35961],[10.1685,55.35808],[10.17395,55.35555],[10.1737,55.35537],[10.16633,55.35865],[10.1632,55.35972],[10.15964,55.36045],[10.1555,55.36101],[10.15202,55.3619],[10.1452,55.36427],[10.14074,55.36604],[10.13884,55.36661],[10.10543,55.37307],[10.08649,55.37962],[10.08579,55.37997],[10.0824,55.38081],[10.07371,55.38224],[10.0738,55.38242],[10.07681,55.38197],[10.08472,55.38057],[10.09224,55.37811],[10.09364,55.37749],[10.10244,55.3745],[10.10235,55.37444],[10.10301,55.37423]]]},"properties":{"STRKAFS":224046,"NAVN":"Tommerup - Aarup","HOVER_NAME":"Tommerup - Aarup","TIB":"1","BANENR":"16","FRA_KM":176.33800000000002,"TIL_KM":183.41400000000002,"FORKORTELSE":"Tp-Ap","BANENR_NAVN":"(Odense) - Fredericia","HVDSTRK_NAVN":"Nyborg - Fredericia","DELSTRK_NAVN":"Odense - Fredericia","BTRTYPETEKST":"Fri Bane","BANEKLASSETEKST":"Hovedbane"}},{"type":"Feature","id":367574,"geometry":{"type":"Polygon","coordinates":[[[10.14186,55.36575],[10.1417,55.36565],[10.14039,55.36615],[10.1405,55.36628],[10.14008,55.36641],[10.14022,55.36658],[10.14155,55.36621],[10.14214,55.36597],[10.14197,55.36581],[10.14186,55.36575]]]},"properties":{"STRKAFS":224047,"NAVN":"Skalbjerg","HOVER_NAME":"Skalbjerg","TIB":"1","BANENR":"16","FRA_KM":178.68800000000002,"TIL_KM":178.82600000000002,"FORKORTELSE":"Sc","BANENR_NAVN":"(Odense) - Fredericia","HVDSTRK_NAVN":"Nyborg - Fredericia","DELSTRK_NAVN":"Odense - Fredericia","BTRTYPETEKST":"Trinbræt","BANEKLASSETEKST":"Hovedbane"}},{"type":"Feature","id":367575,"geometry":{"type":"Polygon","coordinates":[[[10.10668,55.37301],[10.10656,55.37284],[10.10499,55.3732],[10.10547,55.37385],[10.10706,55.37345],[10.10678,55.37305],[10.10668,55.37301]]]},"properties":{"STRKAFS":224049,"NAVN":"Bred","HOVER_NAME":"Bred","TIB":"1","BANENR":"16","FRA_KM":181.065,"TIL_KM":181.17600000000002,"FORKORTELSE":"Bd","BANENR_NAVN":"(Odense) - Fredericia","HVDSTRK_NAVN":"Nyborg - Fredericia","DELSTRK_NAVN":"Odense - Fredericia","BTRTYPETEKST":"Trinbræt","BANEKLASSETEKST":"Hovedbane"}},{"type":"Feature","id":367576,"geometry":{"type":"Polygon","coordinates":[[[10.06303,55.38334],[10.07125,55.38278],[10.0738,55.38242],[10.07371,55.38224],[10.06947,55.38267],[10.06332,55.383],[10.06318,55.38277],[10.05704,55.38269],[10.05705,55.38296],[10.04522,55.38291],[10.04413,55.38279],[10.0423,55.38299],[10.04234,55.38325],[10.05108,55.38309],[10.05112,55.38324],[10.05372,55.38333],[10.06272,55.38335],[10.06303,55.38334]]]},"properties":{"STRKAFS":224053,"NAVN":"Aarup","HOVER_NAME":"Aarup","TIB":"1","BANENR":"16","FRA_KM":183.41400000000002,"TIL_KM":185.41,"FORKORTELSE":"Ap","BANENR_NAVN":"(Odense) - Fredericia","HVDSTRK_NAVN":"Nyborg - Fredericia","DELSTRK_NAVN":"Odense - Fredericia","BTRTYPETEKST":"Station","BANEKLASSETEKST":"Hovedbane"}},{"type":"Feature","id":367577,"geometry":{"type":"Polygon","coordinates":[[[9.97982,55.39267],[9.98134,55.39157],[9.98291,55.39071],[9.98434,55.39011],[9.98456,55.39021],[9.98673,55.38952],[9.98674,55.38935],[9.98937,55.38878],[9.99486,55.38803],[9.99766,55.38729],[10.00189,55.3857],[10.00242,55.38558],[10.00244,55.38572],[10.00556,55.38496],[10.00828,55.38452],[10.00823,55.38435],[10.01205,55.384],[10.01623,55.38405],[10.01943,55.38414],[10.02516,55.38474],[10.02766,55.38474],[10.02885,55.38494],[10.03007,55.38473],[10.0335,55.38452],[10.04233,55.38316],[10.0423,55.38299],[10.03947,55.38325],[10.03275,55.38435],[10.02823,55.38454],[10.02617,55.38453],[10.01801,55.38384],[10.01205,55.38379],[10.00949,55.38395],[10.00483,55.38473],[10.00242,55.3853],[9.99802,55.38691],[9.99502,55.38774],[9.98795,55.38884],[9.9846,55.38975],[9.98225,55.39077],[9.97944,55.39243],[9.97867,55.3922],[9.97829,55.39227],[9.97835,55.39296],[9.97814,55.39332],[9.9762,55.3947],[9.97475,55.39536],[9.97495,55.39548],[9.97404,55.39605],[9.97017,55.39923],[9.96784,55.40073],[9.96162,55.40353],[9.95942,55.40487],[9.94856,55.41244],[9.94773,55.41285],[9.94686,55.41376],[9.94028,55.41951],[9.94057,55.41961],[9.94087,55.41938],[9.94903,55.41244],[9.95623,55.40757],[9.95863,55.40578],[9.95904,55.40574],[9.96144,55.40414],[9.96125,55.40404],[9.96646,55.40174],[9.96953,55.39999],[9.97577,55.39546],[9.97617,55.39535],[9.97971,55.39284],[9.97982,55.39267]]]},"properties":{"STRKAFS":224056,"NAVN":"Aarup - Ejby","HOVER_NAME":"Aarup - Ejby","TIB":"1","BANENR":"16","FRA_KM":185.41,"TIL_KM":193.58800000000002,"FORKORTELSE":"Ap-Eb","BANENR_NAVN":"(Odense) - Fredericia","HVDSTRK_NAVN":"Nyborg - Fredericia","DELSTRK_NAVN":"Odense - Fredericia","BTRTYPETEKST":"Fri Bane","BANEKLASSETEKST":"Hovedbane"}},{"type":"Feature","id":367578,"geometry":{"type":"Polygon","coordinates":[[[9.97525,55.39553],[9.9748,55.39533],[9.97495,55.39548],[9.97361,55.39645],[9.97415,55.39663],[9.97549,55.39566],[9.97537,55.39558],[9.97525,55.39553]]]},"properties":{"STRKAFS":224059,"NAVN":"Gelsted","HOVER_NAME":"Gelsted","TIB":"1","BANENR":"16","FRA_KM":190.103,"TIL_KM":190.245,"FORKORTELSE":"Gd","BANENR_NAVN":"(Odense) - Fredericia","HVDSTRK_NAVN":"Nyborg - Fredericia","DELSTRK_NAVN":"Odense - Fredericia","BTRTYPETEKST":"Trinbræt","BANEKLASSETEKST":"Hovedbane"}},{"type":"Feature","id":367579,"geometry":{"type":"Polygon","coordinates":[[[9.92996,55.4291],[9.94057,55.41961],[9.94028,55.41951],[9.93578,55.4232],[9.93496,55.42339],[9.93433,55.42386],[9.93177,55.42623],[9.93216,55.42637],[9.92946,55.42884],[9.9257,55.43367],[9.92602,55.43374],[9.92801,55.43114],[9.92956,55.42944],[9.92996,55.4291]]]},"properties":{"STRKAFS":224063,"NAVN":"Ejby","HOVER_NAME":"Ejby","TIB":"1","BANENR":"16","FRA_KM":193.58800000000002,"TIL_KM":195.41400000000002,"FORKORTELSE":"Eb","BANENR_NAVN":"(Odense) - Fredericia","HVDSTRK_NAVN":"Nyborg - Fredericia","DELSTRK_NAVN":"Odense - Fredericia","BTRTYPETEKST":"Station","BANEKLASSETEKST":"Hovedbane"}},{"type":"Feature","id":367580,"geometry":{"type":"Polygon","coordinates":[[[9.86179,55.4629],[9.86621,55.46195],[9.86607,55.46185],[9.86891,55.461],[9.88084,55.45661],[9.88319,55.45595],[9.88319,55.4558],[9.88446,55.45532],[9.89822,55.45108],[9.90426,55.44866],[9.90462,55.44869],[9.90766,55.44719],[9.90742,55.44715],[9.90823,55.44668],[9.91577,55.44297],[9.92002,55.44029],[9.92354,55.43696],[9.92602,55.43374],[9.9257,55.43367],[9.92331,55.43671],[9.92178,55.4383],[9.91776,55.44145],[9.91508,55.44304],[9.90765,55.44673],[9.90025,55.45007],[9.88558,55.45464],[9.86978,55.4602],[9.86802,55.46095],[9.86466,55.462],[9.82674,55.4707],[9.82685,55.47086],[9.83406,55.46934],[9.84234,55.46816],[9.84603,55.46723],[9.8517,55.46533],[9.85989,55.46335],[9.86179,55.4629]]]},"properties":{"STRKAFS":224066,"NAVN":"Ejby - Kavslunde","HOVER_NAME":"Ejby - Kavslunde","TIB":"1","BANENR":"16","FRA_KM":195.41400000000002,"TIL_KM":203.102,"FORKORTELSE":"Eb-Ka","BANENR_NAVN":"(Odense) - Fredericia","HVDSTRK_NAVN":"Nyborg - Fredericia","DELSTRK_NAVN":"Odense - Fredericia","BTRTYPETEKST":"Fri Bane","BANEKLASSETEKST":"Hovedbane"}},{"type":"Feature","id":367581,"geometry":{"type":"Polygon","coordinates":[[[9.87255,55.45953],[9.87238,55.45936],[9.86891,55.46054],[9.8693,55.46086],[9.87265,55.45961],[9.87255,55.45953]]]},"properties":{"STRKAFS":224069,"NAVN":"Nørre Aaby","HOVER_NAME":"Nørre Aaby","TIB":"1","BANENR":"16","FRA_KM":199.943,"TIL_KM":200.196,"FORKORTELSE":"Na","BANENR_NAVN":"(Odense) - Fredericia","HVDSTRK_NAVN":"Nyborg - Fredericia","DELSTRK_NAVN":"Odense - Fredericia","BTRTYPETEKST":"Trinbræt","BANEKLASSETEKST":"Hovedbane"}},{"type":"Feature","id":367582,"geometry":{"type":"Polygon","coordinates":[[[9.80896,55.47657],[9.81391,55.475],[9.81509,55.47477],[9.81572,55.47453],[9.81559,55.47441],[9.82369,55.47169],[9.82685,55.47086],[9.82674,55.4707],[9.82431,55.47127],[9.8169,55.47366],[9.81661,55.47345],[9.81229,55.47484],[9.81251,55.47504],[9.81002,55.47584],[9.80961,55.47611],[9.80738,55.47673],[9.80456,55.47745],[9.79596,55.47893],[9.79606,55.4791],[9.80176,55.47815],[9.80899,55.47666],[9.80896,55.47657]]]},"properties":{"STRKAFS":224073,"NAVN":"Kavslunde","HOVER_NAME":"Kavslunde","TIB":"1","BANENR":"16","FRA_KM":203.102,"TIL_KM":205.26500000000001,"FORKORTELSE":"Ka","BANENR_NAVN":"(Odense) - Fredericia","HVDSTRK_NAVN":"Nyborg - Fredericia","DELSTRK_NAVN":"Odense - Fredericia","BTRTYPETEKST":"Station","BANEKLASSETEKST":"Hovedbane"}},{"type":"Feature","id":367583,"geometry":{"type":"Polygon","coordinates":[[[9.74929,55.49769],[9.7498,55.49725],[9.75005,55.49726],[9.75143,55.49553],[9.75121,55.49531],[9.75129,55.49514],[9.75368,55.49116],[9.75644,55.48824],[9.75925,55.48542],[9.76213,55.48347],[9.76211,55.48335],[9.76394,55.48249],[9.76699,55.48161],[9.76961,55.48123],[9.78621,55.4807],[9.79606,55.4791],[9.79596,55.47893],[9.78859,55.4802],[9.78526,55.48058],[9.76913,55.48108],[9.76619,55.48158],[9.7634,55.48247],[9.76068,55.48385],[9.75911,55.48508],[9.75444,55.4898],[9.75292,55.49156],[9.75044,55.49595],[9.74977,55.49682],[9.74858,55.49784],[9.74696,55.49879],[9.74744,55.49905],[9.74894,55.49804],[9.74929,55.49769]]]},"properties":{"STRKAFS":224074,"NAVN":"Kavslunde - Middelfart","HOVER_NAME":"Kavslunde - Middelfart","TIB":"1","BANENR":"16","FRA_KM":205.26500000000001,"TIL_KM":209.49900000000002,"FORKORTELSE":"Ka-Md","BANENR_NAVN":"(Odense) - Fredericia","HVDSTRK_NAVN":"Nyborg - Fredericia","DELSTRK_NAVN":"Odense - Fredericia","BTRTYPETEKST":"Fri Bane","BANEKLASSETEKST":"Hovedbane"}},{"type":"Feature","id":367584,"geometry":{"type":"Polygon","coordinates":[[[9.74166,55.50426],[9.74384,55.50444],[9.74737,55.5051],[9.74742,55.50499],[9.74345,55.50426],[9.74517,55.50442],[9.74769,55.50406],[9.74897,55.50336],[9.74938,55.5026],[9.74936,55.50224],[9.75039,55.50388],[9.75078,55.50382],[9.74946,55.50172],[9.74764,55.50059],[9.74627,55.50026],[9.74618,55.49956],[9.74744,55.49905],[9.74696,55.49879],[9.74438,55.49982],[9.7397,55.50093],[9.73205,55.50164],[9.72076,55.50177],[9.72074,55.50191],[9.72073,55.50202],[9.7316,55.50191],[9.73407,55.50203],[9.73452,55.502],[9.73451,55.50181],[9.74034,55.50141],[9.74343,55.50059],[9.74518,55.50046],[9.74624,55.50057],[9.74769,55.50098],[9.7487,55.50157],[9.7491,55.50224],[9.74907,55.50277],[9.74873,55.50332],[9.74809,55.50373],[9.74705,55.50409],[9.74514,55.50428],[9.74198,55.50414],[9.73997,55.50435],[9.73715,55.50485],[9.73342,55.50572],[9.73177,55.5063],[9.72986,55.50667],[9.72993,55.50681],[9.73192,55.50643],[9.73316,55.50596],[9.73613,55.5052],[9.73717,55.50515],[9.73712,55.50498],[9.7376,55.50488],[9.74154,55.50433],[9.74166,55.50426]]]},"properties":{"STRKAFS":224079,"NAVN":"Middelfart","HOVER_NAME":"Middelfart","TIB":"1","BANENR":"16","FRA_KM":209.49900000000002,"TIL_KM":211.241,"FORKORTELSE":"Md","BANENR_NAVN":"(Odense) - Fredericia","HVDSTRK_NAVN":"Nyborg - Fredericia","DELSTRK_NAVN":"Odense - Fredericia","BTRTYPETEKST":"Station","BANEKLASSETEKST":"Hovedbane"}},{"type":"Feature","id":367585,"geometry":{"type":"Polygon","coordinates":[[[9.71499,55.52225],[9.71558,55.52214],[9.71515,55.5216],[9.71479,55.52168],[9.71449,55.52154],[9.71361,55.52048],[9.71322,55.52036],[9.7063,55.51439],[9.70641,55.51432],[9.70535,55.51355],[9.70552,55.51347],[9.70543,55.51323],[9.70458,55.5125],[9.70432,55.51206],[9.70419,55.51135],[9.70334,55.50941],[9.70356,55.50728],[9.70369,55.50686],[9.70423,55.5062],[9.70549,55.50514],[9.70651,55.50453],[9.7091,55.50355],[9.71299,55.50253],[9.72073,55.50202],[9.72076,55.50177],[9.71381,55.50172],[9.71027,55.5023],[9.70817,55.50293],[9.70694,55.5035],[9.70469,55.50521],[9.7031,55.50713],[9.70252,55.50832],[9.70239,55.50891],[9.70243,55.51],[9.70272,55.51094],[9.70322,55.51171],[9.70286,55.51177],[9.7031,55.51244],[9.70389,55.51334],[9.70496,55.51368],[9.70582,55.51456],[9.70614,55.5145],[9.71248,55.51996],[9.713,55.52044],[9.71277,55.52049],[9.71413,55.52155],[9.71468,55.52225],[9.71492,55.52226],[9.71499,55.52225]]]},"properties":{"STRKAFS":224080,"NAVN":"Middelfart - Snoghøj","HOVER_NAME":"Middelfart - Snoghøj","TIB":"1","BANENR":"16","FRA_KM":211.241,"TIL_KM":214.479,"FORKORTELSE":"Md-Sno","BANENR_NAVN":"(Odense) - Fredericia","HVDSTRK_NAVN":"Nyborg - Fredericia","DELSTRK_NAVN":"Odense - Fredericia","BTRTYPETEKST":"Fri Bane","BANEKLASSETEKST":"Hovedbane"}},{"type":"Feature","id":367586,"geometry":{"type":"Polygon","coordinates":[[[9.708,55.53788],[9.70844,55.53691],[9.70943,55.53545],[9.70912,55.53551],[9.70964,55.5347],[9.7102,55.53455],[9.71272,55.53134],[9.71523,55.52847],[9.71594,55.52727],[9.71644,55.52575],[9.71648,55.52475],[9.71603,55.52288],[9.71558,55.52214],[9.71485,55.52228],[9.71536,55.52336],[9.71517,55.52495],[9.71569,55.52549],[9.71497,55.52779],[9.71226,55.53122],[9.70928,55.53443],[9.70914,55.53473],[9.70929,55.53475],[9.70796,55.53662],[9.70745,55.53654],[9.70766,55.53685],[9.70707,55.53761],[9.70544,55.53872],[9.70572,55.53892],[9.70747,55.53788],[9.7071,55.53909],[9.70761,55.53911],[9.70774,55.53841],[9.708,55.53788]]]},"properties":{"STRKAFS":224085,"NAVN":"Snoghøj","HOVER_NAME":"Snoghøj","TIB":"1","BANENR":"16","FRA_KM":214.479,"TIL_KM":216.478,"FORKORTELSE":"Sno","BANENR_NAVN":"(Odense) - Fredericia","HVDSTRK_NAVN":"Nyborg - Fredericia","DELSTRK_NAVN":"Odense - Fredericia","BTRTYPETEKST":"Teknisk Station","BANEKLASSETEKST":"Hovedbane"}},{"type":"Feature","id":367587,"geometry":{"type":"Polygon","coordinates":[[[9.78681,55.86244],[9.7883,55.86234],[9.78825,55.86204],[9.7926,55.86141],[9.79792,55.86008],[9.80176,55.85865],[9.80442,55.85743],[9.80835,55.85523],[9.8102,55.85436],[9.81171,55.85383],[9.81366,55.85341],[9.81645,55.85301],[9.82044,55.85291],[9.82391,55.85335],[9.82724,55.85421],[9.82744,55.85401],[9.82448,55.85317],[9.82075,55.85268],[9.81559,55.85272],[9.81309,55.85308],[9.80859,55.85459],[9.80588,55.8562],[9.80255,55.85793],[9.79872,55.85945],[9.79558,55.8604],[9.79113,55.86133],[9.78517,55.86193],[9.78313,55.86194],[9.77998,55.86168],[9.77977,55.86148],[9.77693,55.8609],[9.7762,55.86058],[9.77607,55.86076],[9.76992,55.85857],[9.76659,55.85674],[9.76405,55.85493],[9.76348,55.85474],[9.76171,55.85302],[9.75998,55.85035],[9.75989,55.85016],[9.76016,55.8501],[9.7586,55.8475],[9.7583,55.84756],[9.75615,55.84385],[9.75601,55.84345],[9.75614,55.84331],[9.75516,55.84173],[9.75399,55.84008],[9.75266,55.83874],[9.75227,55.8387],[9.74841,55.83553],[9.74665,55.83467],[9.746,55.83452],[9.74028,55.83141],[9.74022,55.8311],[9.73422,55.82784],[9.72667,55.82376],[9.72665,55.82403],[9.71398,55.81711],[9.71056,55.81481],[9.70821,55.81259],[9.70697,55.81104],[9.70452,55.80689],[9.70485,55.80686],[9.70352,55.80451],[9.70329,55.80457],[9.7015,55.80056],[9.70062,55.79573],[9.70047,55.79263],[9.70076,55.79262],[9.70072,55.79105],[9.7006,55.78931],[9.70029,55.78924],[9.69988,55.78162],[9.69998,55.78161],[9.69982,55.77919],[9.70029,55.77903],[9.69997,55.77846],[9.69989,55.77769],[9.70019,55.77768],[9.7001,55.77614],[9.69973,55.77522],[9.69909,55.77523],[9.70032,55.79594],[9.70025,55.79636],[9.6997,55.79693],[9.70023,55.79989],[9.7005,55.80025],[9.7008,55.80135],[9.70128,55.80233],[9.70162,55.80227],[9.70316,55.80523],[9.70303,55.80526],[9.70409,55.80705],[9.70689,55.81164],[9.70786,55.81279],[9.71042,55.8151],[9.7131,55.81701],[9.72929,55.82591],[9.74071,55.83197],[9.74564,55.83483],[9.74597,55.83547],[9.74894,55.83669],[9.75035,55.8376],[9.75214,55.83907],[9.7539,55.84098],[9.76158,55.85345],[9.76307,55.85499],[9.76454,55.85607],[9.76876,55.85836],[9.77722,55.86143],[9.78195,55.8624],[9.78562,55.86247],[9.78681,55.86244]]]},"properties":{"STRKAFS":234042,"NAVN":"Hedensted - Horsens","HOVER_NAME":"Hedensted - Horsens","TIB":"1023","BANENR":"23b","FRA_KM":41.6,"TIL_KM":56,"FORKORTELSE":"Hed-Hs","BANENR_NAVN":"(Vejle) - Aarhus H","HVDSTRK_NAVN":"Fredericia - Aarhus H","DELSTRK_NAVN":"Vejle - Skanderborg","BTRTYPETEKST":"Fri Bane","BANEKLASSETEKST":"Hovedbane"}},{"type":"Feature","id":367588,"geometry":{"type":"Polygon","coordinates":[[[9.83286,55.86943],[9.83497,55.86853],[9.83471,55.86835],[9.8345,55.86771],[9.83587,55.86667],[9.83651,55.86644],[9.83797,55.86517],[9.83824,55.8644],[9.8368,55.86405],[9.83696,55.86194],[9.83665,55.86156],[9.83774,55.86074],[9.83979,55.86038],[9.83978,55.86021],[9.83789,55.86049],[9.83611,55.86148],[9.83623,55.85988],[9.83527,55.86005],[9.83502,55.85955],[9.83537,55.8595],[9.83357,55.85733],[9.83304,55.85723],[9.8319,55.85617],[9.83015,55.85508],[9.82744,55.85401],[9.82724,55.85421],[9.82914,55.85507],[9.83133,55.85645],[9.83098,55.85672],[9.82451,55.85551],[9.82444,55.85567],[9.83055,55.85681],[9.8306,55.85699],[9.83225,55.85766],[9.83364,55.8586],[9.83425,55.85952],[9.83455,55.86036],[9.83418,55.86066],[9.83399,55.86114],[9.83444,55.86211],[9.83449,55.86481],[9.83419,55.86594],[9.83113,55.87029],[9.82837,55.87316],[9.82901,55.87335],[9.83085,55.87133],[9.83317,55.86964],[9.83286,55.86943]]]},"properties":{"STRKAFS":234057,"NAVN":"Horsens","HOVER_NAME":"Horsens","TIB":"1023","BANENR":"23b","FRA_KM":56,"TIL_KM":58.4,"FORKORTELSE":"Hs","BANENR_NAVN":"(Vejle) - Aarhus H","HVDSTRK_NAVN":"Fredericia - Aarhus H","DELSTRK_NAVN":"Vejle - Skanderborg","BTRTYPETEKST":"Station","BANEKLASSETEKST":"Hovedbane"}},{"type":"Feature","id":367589,"geometry":{"type":"Polygon","coordinates":[[[9.96245,55.937],[9.96107,55.93539],[9.96084,55.93544],[9.95907,55.93322],[9.95791,55.93218],[9.95803,55.93194],[9.95588,55.93005],[9.95435,55.92894],[9.95397,55.92891],[9.95349,55.92857],[9.94948,55.92544],[9.94488,55.92224],[9.94267,55.92051],[9.94038,55.91926],[9.94067,55.9192],[9.93978,55.91868],[9.93102,55.91485],[9.93092,55.91457],[9.9278,55.91307],[9.92647,55.91265],[9.92615,55.91278],[9.92526,55.91238],[9.92254,55.91065],[9.92222,55.9105],[9.92202,55.91064],[9.92134,55.91051],[9.91989,55.90975],[9.91926,55.90921],[9.91511,55.90708],[9.91175,55.90577],[9.90898,55.90505],[9.90418,55.90418],[9.89602,55.90357],[9.89216,55.90313],[9.89221,55.90299],[9.88874,55.90267],[9.8857,55.90246],[9.88463,55.90261],[9.88043,55.90232],[9.87753,55.90193],[9.87368,55.901],[9.87185,55.90021],[9.87121,55.90016],[9.86935,55.89962],[9.86919,55.89939],[9.86723,55.89879],[9.86135,55.89719],[9.86092,55.89726],[9.85585,55.89584],[9.85574,55.89558],[9.85428,55.89523],[9.84893,55.89451],[9.84095,55.89435],[9.83913,55.89406],[9.83512,55.89276],[9.83257,55.89128],[9.83171,55.89058],[9.83162,55.89031],[9.83006,55.88878],[9.82941,55.88735],[9.82853,55.88438],[9.82673,55.88019],[9.82654,55.87852],[9.82715,55.87597],[9.82748,55.87584],[9.82901,55.87335],[9.82837,55.87316],[9.82769,55.87386],[9.82646,55.87604],[9.8267,55.87607],[9.8262,55.8779],[9.82612,55.87959],[9.82682,55.88196],[9.82787,55.8839],[9.82896,55.8879],[9.83013,55.88969],[9.83105,55.89068],[9.83312,55.8922],[9.83441,55.89289],[9.83616,55.89358],[9.83939,55.89435],[9.84231,55.8946],[9.84917,55.89473],[9.85428,55.89565],[9.86849,55.89962],[9.8731,55.90114],[9.87773,55.90227],[9.88307,55.9028],[9.89088,55.90326],[9.90437,55.90463],[9.90784,55.90517],[9.9119,55.9063],[9.91599,55.90804],[9.92114,55.91068],[9.92149,55.91102],[9.92165,55.91097],[9.92344,55.91179],[9.9234,55.91197],[9.9247,55.91263],[9.9263,55.91314],[9.93952,55.91909],[9.94158,55.92019],[9.95497,55.92999],[9.95801,55.93271],[9.96295,55.93844],[9.96345,55.93942],[9.96374,55.94044],[9.96388,55.94147],[9.96373,55.94258],[9.96472,55.94265],[9.96416,55.93992],[9.96367,55.93885],[9.96233,55.93721],[9.96245,55.937]]]},"properties":{"STRKAFS":234060,"NAVN":"Horsens - Hovedgård","HOVER_NAME":"Horsens - Hovedgård","TIB":"1023","BANENR":"23b","FRA_KM":58.4,"TIL_KM":71.2,"FORKORTELSE":"Hs-Hå","BANENR_NAVN":"(Vejle) - Aarhus H","HVDSTRK_NAVN":"Fredericia - Aarhus H","DELSTRK_NAVN":"Vejle - Skanderborg","BTRTYPETEKST":"Fri Bane","BANEKLASSETEKST":"Hovedbane"}},{"type":"Feature","id":367590,"geometry":{"type":"Polygon","coordinates":[[[9.96137,55.95126],[9.96206,55.94956],[9.96281,55.94699],[9.96308,55.94674],[9.96361,55.94679],[9.96482,55.94308],[9.96472,55.94265],[9.96373,55.94258],[9.96367,55.94286],[9.96339,55.94285],[9.96221,55.94732],[9.96081,55.95142],[9.96134,55.95145],[9.96137,55.95126]]]},"properties":{"STRKAFS":234071,"NAVN":"Hovedgård","HOVER_NAME":"Hovedgård","TIB":"1023","BANENR":"23b","FRA_KM":71.2,"TIL_KM":72.2,"FORKORTELSE":"Hå","BANENR_NAVN":"(Vejle) - Aarhus H","HVDSTRK_NAVN":"Fredericia - Aarhus H","DELSTRK_NAVN":"Vejle - Skanderborg","BTRTYPETEKST":"Teknisk Station","BANEKLASSETEKST":"Hovedbane"}},{"type":"Feature","id":367591,"geometry":{"type":"Polygon","coordinates":[[[9.91506,56.04242],[9.91108,56.04205],[9.90944,56.04171],[9.90693,56.04086],[9.90561,56.04023],[9.90365,56.03902],[9.90202,56.03749],[9.90135,56.03659],[9.90075,56.03489],[9.90069,56.03375],[9.90167,56.03015],[9.90193,56.0302],[9.90202,56.02982],[9.90203,56.02855],[9.90169,56.02855],[9.90162,56.02796],[9.90106,56.02671],[9.89821,56.02301],[9.8985,56.02301],[9.89832,56.02243],[9.89699,56.02092],[9.89648,56.02001],[9.89596,56.01859],[9.89559,56.01846],[9.89534,56.01666],[9.8963,56.01657],[9.89537,56.01632],[9.89504,56.01441],[9.89515,56.01424],[9.89573,56.01418],[9.89515,56.00952],[9.89474,56.00857],[9.89522,56.00741],[9.89733,56.00508],[9.8976,56.00514],[9.90111,56.00257],[9.90231,56.00195],[9.90238,56.00168],[9.90417,56.0009],[9.90624,56.00031],[9.90782,55.99999],[9.90784,56.00019],[9.91068,55.99976],[9.91302,55.99959],[9.91302,55.99945],[9.91355,55.99938],[9.91775,55.99963],[9.92324,55.99954],[9.92895,55.99834],[9.93383,55.99688],[9.93605,55.99588],[9.93631,55.99603],[9.9383,55.99476],[9.93795,55.99472],[9.93855,55.99437],[9.94079,55.99236],[9.94121,55.99231],[9.94157,55.99205],[9.94307,55.99067],[9.94438,55.98977],[9.9442,55.98965],[9.94495,55.98926],[9.94655,55.98802],[9.94805,55.98639],[9.95005,55.98227],[9.95202,55.97883],[9.9524,55.97877],[9.95318,55.97784],[9.9534,55.97746],[9.9533,55.97729],[9.95486,55.97592],[9.95511,55.9755],[9.95539,55.97557],[9.95583,55.97524],[9.95762,55.97326],[9.95726,55.9733],[9.95864,55.97192],[9.95986,55.97073],[9.96082,55.97015],[9.96215,55.96821],[9.96199,55.96808],[9.96249,55.96666],[9.96285,55.96438],[9.9629,55.96087],[9.96258,55.95874],[9.9615,55.95488],[9.96143,55.95449],[9.96161,55.95454],[9.96152,55.95322],[9.9614,55.95232],[9.9612,55.95224],[9.96134,55.95145],[9.9608,55.95144],[9.96077,55.95323],[9.96222,55.95956],[9.96256,55.96347],[9.96194,55.96721],[9.96064,55.96944],[9.95495,55.97523],[9.95423,55.97578],[9.9528,55.9773],[9.95127,55.97925],[9.94887,55.98359],[9.94815,55.98412],[9.94655,55.98663],[9.94559,55.98743],[9.94614,55.98766],[9.93928,55.99311],[9.93777,55.9945],[9.9345,55.99634],[9.93255,55.99703],[9.92489,55.99899],[9.92067,55.99935],[9.91604,55.99916],[9.91149,55.99918],[9.9078,55.9997],[9.9057,56.0002],[9.90212,56.0014],[9.90011,56.00256],[9.89751,56.00434],[9.89585,56.00583],[9.89467,56.00758],[9.894,56.00946],[9.89409,56.01167],[9.89392,56.01178],[9.89474,56.01676],[9.8949,56.01679],[9.8951,56.01779],[9.89509,56.01834],[9.89534,56.01922],[9.89621,56.02097],[9.89978,56.02555],[9.90099,56.02778],[9.90132,56.02923],[9.90132,56.03029],[9.90045,56.03251],[9.90015,56.03427],[9.90059,56.03597],[9.90133,56.03739],[9.9023,56.03842],[9.90438,56.04013],[9.90759,56.04146],[9.91005,56.04213],[9.91166,56.04233],[9.91463,56.04304],[9.91596,56.04315],[9.91612,56.04251],[9.91506,56.04242]]]},"properties":{"STRKAFS":234074,"NAVN":"Hovedgård - Skanderborg","HOVER_NAME":"Hovedgård - Skanderborg","TIB":"1023","BANENR":"23b","FRA_KM":72.2,"TIL_KM":85.2,"FORKORTELSE":"Hå-Sd","BANENR_NAVN":"(Vejle) - Aarhus H","HVDSTRK_NAVN":"Fredericia - Aarhus H","DELSTRK_NAVN":"Vejle - Skanderborg","BTRTYPETEKST":"Fri Bane","BANEKLASSETEKST":"Hovedbane"}},{"type":"Feature","id":367592,"geometry":{"type":"Polygon","coordinates":[[[9.93429,56.04693],[9.93127,56.04516],[9.92947,56.04439],[9.92672,56.04354],[9.9238,56.04301],[9.92316,56.04318],[9.92223,56.04296],[9.91966,56.04294],[9.91612,56.04251],[9.91596,56.04315],[9.91719,56.04328],[9.91732,56.04345],[9.91491,56.04422],[9.91523,56.0445],[9.91796,56.04368],[9.92112,56.04345],[9.9267,56.04456],[9.92854,56.0451],[9.9284,56.04549],[9.93219,56.0468],[9.9381,56.05114],[9.93868,56.0509],[9.9361,56.049],[9.93448,56.04709],[9.93429,56.04693]]]},"properties":{"STRKAFS":235000,"NAVN":"Skanderborg","HOVER_NAME":"Skanderborg","TIB":"1023,1035","BANENR":"23b","FRA_KM":85.2,"TIL_KM":87,"FORKORTELSE":"Sd","BANENR_NAVN":"(Vejle) - Aarhus H","HVDSTRK_NAVN":"Fredericia - Aarhus H","DELSTRK_NAVN":"Skanderborg","BTRTYPETEKST":"Station","BANEKLASSETEKST":"Hovedbane"}},{"type":"Feature","id":367593,"geometry":{"type":"Polygon","coordinates":[[[10.02103,56.07542],[10.01257,56.07436],[10.01049,56.07391],[10.00688,56.07275],[10.00451,56.07172],[9.99971,56.06847],[9.99672,56.0671],[9.99578,56.06677],[9.99582,56.06702],[9.99376,56.06628],[9.99383,56.06606],[9.99288,56.06565],[9.99263,56.06583],[9.99174,56.06546],[9.98693,56.06297],[9.98024,56.05991],[9.97376,56.05848],[9.97119,56.05771],[9.9653,56.05647],[9.96336,56.05586],[9.96137,56.05563],[9.95708,56.05555],[9.94805,56.05416],[9.94182,56.05236],[9.9391,56.05125],[9.93868,56.0509],[9.9382,56.05118],[9.93892,56.05167],[9.94334,56.05341],[9.9475,56.05448],[9.95106,56.05517],[9.95513,56.05572],[9.96068,56.05598],[9.96421,56.05644],[9.97486,56.05893],[9.98082,56.0605],[9.99145,56.06566],[9.99618,56.0674],[9.99871,56.06853],[10.00354,56.07175],[10.00671,56.07322],[10.01034,56.07426],[10.0215,56.07594],[10.02162,56.07575],[10.02105,56.07565],[10.02103,56.07542]]]},"properties":{"STRKAFS":236088,"NAVN":"Skanderborg - Hørning","HOVER_NAME":"Skanderborg - Hørning","TIB":"1023","BANENR":"23b","FRA_KM":87,"TIL_KM":93,"FORKORTELSE":"Sd-Hx","BANENR_NAVN":"(Vejle) - Aarhus H","HVDSTRK_NAVN":"Fredericia - Aarhus H","DELSTRK_NAVN":"Skanderborg - Aarhus H","BTRTYPETEKST":"Fri Bane","BANEKLASSETEKST":"Hovedbane"}},{"type":"Feature","id":367594,"geometry":{"type":"Polygon","coordinates":[[[10.05625,56.32359],[10.05662,56.32366],[10.05719,56.32334],[10.06053,56.3213],[10.06024,56.32114],[10.06378,56.31886],[10.06409,56.319],[10.06452,56.31878],[10.06765,56.31679],[10.06731,56.31669],[10.06943,56.31489],[10.07182,56.31225],[10.07493,56.30718],[10.0752,56.30695],[10.07668,56.30429],[10.07702,56.30423],[10.07931,56.30048],[10.08007,56.29984],[10.08114,56.29903],[10.08392,56.29764],[10.08448,56.29744],[10.08468,56.29759],[10.08787,56.29632],[10.08801,56.29645],[10.09069,56.29558],[10.09285,56.29464],[10.09354,56.29427],[10.09332,56.29414],[10.09482,56.29316],[10.09622,56.29186],[10.09752,56.29006],[10.09781,56.29012],[10.0981,56.28973],[10.09865,56.2882],[10.09869,56.2877],[10.0984,56.28691],[10.09865,56.28645],[10.09842,56.28497],[10.09806,56.28417],[10.09711,56.28261],[10.09585,56.28125],[10.09402,56.27976],[10.09215,56.27868],[10.0902,56.27776],[10.08753,56.2768],[10.08718,56.27691],[10.08424,56.27605],[10.08147,56.27545],[10.07631,56.27465],[10.07489,56.27433],[10.07191,56.27333],[10.07065,56.27274],[10.07045,56.27254],[10.07057,56.27246],[10.06924,56.27163],[10.06899,56.27175],[10.06877,56.27165],[10.06624,56.2696],[10.06604,56.26938],[10.06627,56.26928],[10.06521,56.26845],[10.06495,56.2685],[10.06466,56.26829],[10.06436,56.26839],[10.06811,56.27152],[10.07018,56.27281],[10.07235,56.27376],[10.07659,56.27494],[10.08344,56.2761],[10.08558,56.27663],[10.08969,56.27802],[10.09165,56.27894],[10.09442,56.28078],[10.0956,56.28183],[10.09647,56.28288],[10.09766,56.28522],[10.09795,56.28735],[10.09748,56.28935],[10.09668,56.29075],[10.0959,56.29174],[10.0947,56.29285],[10.09317,56.29387],[10.09034,56.29522],[10.08285,56.29768],[10.08045,56.2989],[10.08008,56.29895],[10.07848,56.30002],[10.07723,56.30198],[10.07621,56.30416],[10.07182,56.31147],[10.06953,56.31421],[10.06791,56.31579],[10.06608,56.31714],[10.05517,56.32386],[10.05559,56.32401],[10.05625,56.32359]]]},"properties":{"STRKAFS":242134,"NAVN":"Hinnerup - Hadsten","HOVER_NAME":"Hinnerup - Hadsten","TIB":"1024","BANENR":"24","FRA_KM":132.4,"TIL_KM":140.6,"FORKORTELSE":"Hn-Ha","BANENR_NAVN":"(Aarhus H) - Langå","HVDSTRK_NAVN":"Aarhus H - Aalborg","DELSTRK_NAVN":"Aarhus H - Langå","BTRTYPETEKST":"Fri Bane","BANEKLASSETEKST":"Hovedbane"}},{"type":"Feature","id":367595,"geometry":{"type":"Polygon","coordinates":[[[10.05247,56.32543],[10.05557,56.3241],[10.05517,56.32386],[10.05138,56.32543],[10.04945,56.326],[10.04794,56.32666],[10.0481,56.32686],[10.04249,56.32939],[10.04283,56.32957],[10.05123,56.32595],[10.05247,56.32543]]]},"properties":{"STRKAFS":242141,"NAVN":"Hadsten","HOVER_NAME":"Hadsten","TIB":"1024","BANENR":"24","FRA_KM":140.6,"TIL_KM":141.6,"FORKORTELSE":"Ha","BANENR_NAVN":"(Aarhus H) - Langå","HVDSTRK_NAVN":"Aarhus H - Aalborg","DELSTRK_NAVN":"Aarhus H - Langå","BTRTYPETEKST":"Station","BANEKLASSETEKST":"Hovedbane"}},{"type":"Feature","id":367596,"geometry":{"type":"Polygon","coordinates":[[[9.89339,56.38184],[9.89303,56.38135],[9.89321,56.38137],[9.89256,56.38011],[9.89216,56.37887],[9.89216,56.37807],[9.89262,56.37597],[9.89361,56.37451],[9.90183,56.36638],[9.90204,56.3664],[9.90256,56.36579],[9.90291,56.36585],[9.90559,56.36317],[9.90536,56.36304],[9.90824,56.3602],[9.90863,56.36021],[9.91012,56.35877],[9.90996,56.35867],[9.91067,56.358],[9.91446,56.35546],[9.91695,56.35449],[9.92082,56.35336],[9.9292,56.3517],[9.93479,56.35133],[9.93752,56.35149],[9.94665,56.35257],[9.94845,56.35264],[9.95184,56.35246],[9.95666,56.3518],[9.95672,56.35198],[9.96032,56.35154],[9.96031,56.35134],[9.96223,56.3511],[9.96226,56.35129],[9.96894,56.35043],[9.98043,56.34855],[9.98046,56.34834],[9.985,56.34763],[9.9851,56.34777],[9.98675,56.3475],[9.98674,56.34736],[9.98814,56.34722],[9.98819,56.34744],[9.99351,56.34734],[9.99371,56.34715],[9.99498,56.34722],[9.99514,56.34747],[9.99811,56.34759],[9.99821,56.3474],[10.00155,56.34736],[10.00554,56.3469],[10.00884,56.34624],[10.01289,56.34465],[10.02838,56.33621],[10.02855,56.33634],[10.03187,56.33453],[10.03676,56.33221],[10.03673,56.33206],[10.03811,56.33146],[10.03818,56.33159],[10.04276,56.32959],[10.04249,56.32939],[10.03341,56.3332],[10.01124,56.34502],[10.00914,56.34575],[10.00613,56.34648],[10.00217,56.34702],[9.99973,56.34714],[9.99201,56.34677],[9.98776,56.34687],[9.98566,56.34729],[9.98383,56.34739],[9.97962,56.34809],[9.97902,56.34834],[9.97689,56.3487],[9.96809,56.35004],[9.95142,56.35218],[9.94868,56.35232],[9.94875,56.35217],[9.94581,56.35204],[9.9405,56.35135],[9.93968,56.35096],[9.93873,56.35133],[9.93469,56.35107],[9.93097,56.35124],[9.91987,56.35306],[9.91481,56.35458],[9.91273,56.35567],[9.90992,56.35765],[9.90956,56.35831],[9.90148,56.36622],[9.90015,56.36729],[9.89296,56.37474],[9.89168,56.37692],[9.89146,56.37826],[9.89148,56.3793],[9.89221,56.38126],[9.89292,56.38195],[9.89339,56.38184],[9.89339,56.38184]]]},"properties":{"STRKAFS":242142,"NAVN":"Hadsten - Langå","HOVER_NAME":"Hadsten - Langå","TIB":"1024","BANENR":"24","FRA_KM":141.6,"TIL_KM":153.8,"FORKORTELSE":"Ha-Lg","BANENR_NAVN":"(Aarhus H) - Langå","HVDSTRK_NAVN":"Aarhus H - Aalborg","DELSTRK_NAVN":"Aarhus H - Langå","BTRTYPETEKST":"Fri Bane","BANEKLASSETEKST":"Hovedbane"}},{"type":"Feature","id":367597,"geometry":{"type":"Polygon","coordinates":[[[9.90107,56.39126],[9.89931,56.38847],[9.8994,56.38788],[9.8986,56.38677],[9.8993,56.38654],[9.89874,56.38573],[9.89715,56.38601],[9.89511,56.38348],[9.89422,56.38292],[9.89339,56.38184],[9.89292,56.38195],[9.89372,56.38304],[9.89104,56.38211],[9.8909,56.38233],[9.89254,56.38275],[9.89402,56.38353],[9.89351,56.38381],[9.89248,56.38323],[9.89216,56.38344],[9.89273,56.38369],[9.89245,56.38383],[9.89482,56.38485],[9.89538,56.38542],[9.89577,56.3863],[9.89678,56.38737],[9.89692,56.38736],[9.89967,56.39076],[9.8995,56.39082],[9.89992,56.39119],[9.90057,56.39105],[9.90073,56.39129],[9.90107,56.39126]]]},"properties":{"STRKAFS":243000,"NAVN":"Langå","HOVER_NAME":"Langå","TIB":"1024,1032","BANENR":"24","FRA_KM":153.8,"TIL_KM":154.8,"FORKORTELSE":"Lg","BANENR_NAVN":"(Aarhus H) - Langå","HVDSTRK_NAVN":"Aarhus H - Aalborg","DELSTRK_NAVN":"Langå","BTRTYPETEKST":"Station","BANEKLASSETEKST":"Hovedbane"}},{"type":"Feature","id":367598,"geometry":{"type":"Polygon","coordinates":[[[10.04514,56.08509],[10.04539,56.08483],[10.03824,56.08222],[10.03098,56.07893],[10.03119,56.0788],[10.02828,56.07757],[10.0281,56.0777],[10.02672,56.07717],[10.02679,56.07697],[10.02567,56.07662],[10.02555,56.07679],[10.02248,56.0759],[10.02162,56.07575],[10.0215,56.07594],[10.02495,56.07684],[10.02819,56.07803],[10.03607,56.08175],[10.03725,56.08214],[10.03855,56.08306],[10.03939,56.08305],[10.04092,56.08379],[10.04474,56.08512],[10.04511,56.08513],[10.04514,56.08509]]]},"properties":{"STRKAFS":236093,"NAVN":"Hørning","HOVER_NAME":"Hørning","TIB":"1023","BANENR":"23b","FRA_KM":93,"TIL_KM":94.8,"FORKORTELSE":"Hx","BANENR_NAVN":"(Vejle) - Aarhus H","HVDSTRK_NAVN":"Fredericia - Aarhus H","DELSTRK_NAVN":"Skanderborg - Aarhus H","BTRTYPETEKST":"Station","BANEKLASSETEKST":"Hovedbane"}},{"type":"Feature","id":367599,"geometry":{"type":"Polygon","coordinates":[[[10.16214,56.12314],[10.15425,56.11929],[10.15187,56.11831],[10.14915,56.11748],[10.14529,56.11679],[10.14324,56.11658],[10.13906,56.11662],[10.1242,56.11813],[10.12113,56.11828],[10.11632,56.11771],[10.11642,56.11751],[10.11404,56.11684],[10.11367,56.11695],[10.1129,56.1167],[10.11144,56.11593],[10.11159,56.11583],[10.10992,56.11473],[10.10865,56.11354],[10.10806,56.11344],[10.10783,56.11297],[10.10811,56.11292],[10.10764,56.11217],[10.1059,56.1082],[10.10519,56.10753],[10.10484,56.1069],[10.10452,56.106],[10.10481,56.10601],[10.10464,56.10549],[10.10325,56.10376],[10.10169,56.10256],[10.10157,56.10211],[10.10198,56.10154],[10.10324,56.10115],[10.10795,56.10108],[10.10795,56.10088],[10.10263,56.10105],[10.10149,56.10145],[10.10124,56.10212],[10.10129,56.10238],[10.09841,56.10099],[10.0961,56.10041],[10.09588,56.10022],[10.09161,56.09948],[10.09091,56.09933],[10.09095,56.09919],[10.07732,56.0964],[10.07229,56.09479],[10.07169,56.09445],[10.06947,56.0937],[10.0695,56.09359],[10.06324,56.0913],[10.0607,56.09009],[10.05079,56.08666],[10.04891,56.08586],[10.0486,56.08594],[10.04623,56.08523],[10.04539,56.08483],[10.04511,56.08513],[10.05003,56.08668],[10.0563,56.08907],[10.05981,56.09057],[10.06578,56.09267],[10.07002,56.09452],[10.07565,56.09643],[10.09312,56.10003],[10.09491,56.10054],[10.09477,56.10074],[10.09826,56.10154],[10.09984,56.10233],[10.10096,56.10311],[10.1012,56.10299],[10.10314,56.10456],[10.10467,56.1072],[10.10702,56.11262],[10.10781,56.11363],[10.10977,56.11533],[10.11122,56.11627],[10.11405,56.11735],[10.11802,56.11827],[10.12275,56.11852],[10.13731,56.11695],[10.14145,56.11682],[10.14388,56.11695],[10.14834,56.1176],[10.15277,56.11891],[10.16758,56.12593],[10.17017,56.12752],[10.17109,56.12836],[10.17249,56.13016],[10.17364,56.13228],[10.17379,56.13277],[10.1738,56.13388],[10.17413,56.13387],[10.17394,56.13245],[10.17339,56.13099],[10.17252,56.12961],[10.17117,56.12816],[10.16953,56.12688],[10.16816,56.12606],[10.16269,56.1234],[10.16214,56.12314]]]},"properties":{"STRKAFS":236096,"NAVN":"Hørning - Aarhus H","HOVER_NAME":"Hørning - Aarhus H","TIB":"1023","BANENR":"23b","FRA_KM":94.8,"TIL_KM":105.4,"FORKORTELSE":"Hx-Ar","BANENR_NAVN":"(Vejle) - Aarhus H","HVDSTRK_NAVN":"Fredericia - Aarhus H","DELSTRK_NAVN":"Skanderborg - Aarhus H","BTRTYPETEKST":"Fri Bane","BANEKLASSETEKST":"Hovedbane"}},{"type":"Feature","id":367600,"geometry":{"type":"Polygon","coordinates":[[[10.15929,56.1217],[10.15879,56.12145],[10.15843,56.12168],[10.15964,56.12212],[10.15987,56.122],[10.15929,56.1217]]]},"properties":{"STRKAFS":236103,"NAVN":"Viby Jylland","HOVER_NAME":"Viby Jylland","TIB":"1023","BANENR":"23b","FRA_KM":103.665,"TIL_KM":103.757,"FORKORTELSE":"Vi","BANENR_NAVN":"(Vejle) - Aarhus H","HVDSTRK_NAVN":"Fredericia - Aarhus H","DELSTRK_NAVN":"Skanderborg - Aarhus H","BTRTYPETEKST":"Trinbræt","BANEKLASSETEKST":"Hovedbane"}},{"type":"Feature","id":367601,"geometry":{"type":"Polygon","coordinates":[[[10.10628,56.10913],[10.1059,56.1082],[10.10519,56.10753],[10.10484,56.1069],[10.10452,56.106],[10.10481,56.10601],[10.10429,56.10498],[10.10325,56.10376],[10.10169,56.10256],[10.09841,56.10099],[10.0961,56.10041],[10.09588,56.10022],[10.09161,56.09948],[10.08982,56.09896],[10.08962,56.09919],[10.08662,56.09858],[10.08653,56.09872],[10.09312,56.10003],[10.09491,56.10054],[10.09477,56.10074],[10.09785,56.10139],[10.09984,56.10233],[10.10096,56.10311],[10.1012,56.10299],[10.10314,56.10456],[10.10425,56.10634],[10.10523,56.10857],[10.10548,56.1086],[10.10587,56.10947],[10.10641,56.10939],[10.10628,56.10913]]]},"properties":{"STRKAFS":236799,"NAVN":"Hasselager","HOVER_NAME":"Hasselager","TIB":"1023","BANENR":"23b","FRA_KM":97.802,"TIL_KM":99.65400000000001,"FORKORTELSE":"Hc","BANENR_NAVN":"(Vejle) - Aarhus H","HVDSTRK_NAVN":"Fredericia - Aarhus H","DELSTRK_NAVN":"Skanderborg - Aarhus H","BTRTYPETEKST":"Sidespor med dækningssignal","BANEKLASSETEKST":"Hovedbane"}},{"type":"Feature","id":367602,"geometry":{"type":"Polygon","coordinates":[[[10.21871,56.14785],[10.21838,56.14758],[10.22033,56.14905],[10.2239,56.15292],[10.22028,56.14886],[10.21889,56.14776],[10.21796,56.14726],[10.21572,56.14542],[10.20939,56.14324],[10.21007,56.14241],[10.21129,56.14179],[10.21327,56.14103],[10.21551,56.1408],[10.2166,56.14135],[10.22282,56.14644],[10.22297,56.14638],[10.21663,56.14125],[10.21559,56.14074],[10.22086,56.14036],[10.22254,56.14045],[10.24024,56.14776],[10.24811,56.15282],[10.24966,56.15368],[10.24981,56.15362],[10.24033,56.14765],[10.23392,56.14487],[10.22331,56.14053],[10.22217,56.14023],[10.22029,56.14023],[10.2135,56.14076],[10.21024,56.14199],[10.2094,56.1426],[10.20884,56.14346],[10.20874,56.14399],[10.20886,56.14435],[10.20934,56.14506],[10.21205,56.14764],[10.21282,56.14871],[10.21244,56.14954],[10.21197,56.14989],[10.21046,56.15049],[10.20889,56.15066],[10.2023,56.14888],[10.19365,56.14879],[10.19149,56.14835],[10.19142,56.14851],[10.18502,56.1472],[10.18402,56.14682],[10.18421,56.14666],[10.18035,56.14464],[10.17749,56.14268],[10.17628,56.14123],[10.17676,56.14027],[10.17608,56.14012],[10.17591,56.14043],[10.17522,56.1404],[10.17509,56.14021],[10.17455,56.14026],[10.17488,56.14128],[10.1746,56.1409],[10.1742,56.13876],[10.17413,56.13387],[10.1738,56.13388],[10.17384,56.13529],[10.17371,56.13528],[10.1738,56.13594],[10.17352,56.13714],[10.17342,56.13968],[10.17549,56.14394],[10.17407,56.14351],[10.1709,56.14291],[10.16804,56.14266],[10.16463,56.143],[10.16145,56.14357],[10.15559,56.14517],[10.15576,56.14538],[10.16196,56.14391],[10.16195,56.14408],[10.16722,56.14333],[10.169,56.14369],[10.16971,56.14429],[10.17013,56.14525],[10.17034,56.14522],[10.16988,56.14409],[10.17003,56.14394],[10.16899,56.14343],[10.1718,56.14361],[10.17331,56.1441],[10.17538,56.14515],[10.1761,56.14632],[10.17795,56.14768],[10.17851,56.14738],[10.18373,56.14969],[10.18408,56.14999],[10.18441,56.15061],[10.18394,56.15303],[10.1841,56.15304],[10.18447,56.15129],[10.18517,56.15282],[10.18543,56.15279],[10.1847,56.15145],[10.18452,56.15029],[10.18383,56.14956],[10.18966,56.15223],[10.19225,56.15372],[10.19243,56.15364],[10.19312,56.15403],[10.19336,56.15393],[10.19229,56.15315],[10.19193,56.15274],[10.19164,56.15207],[10.19449,56.1541],[10.19501,56.1539],[10.19325,56.15268],[10.19375,56.15249],[10.19495,56.15336],[10.19532,56.15322],[10.19309,56.15161],[10.19115,56.15083],[10.19187,56.15023],[10.1934,56.15064],[10.19353,56.15051],[10.19392,56.15064],[10.19406,56.15054],[10.19228,56.14985],[10.19139,56.14967],[10.19779,56.14958],[10.20107,56.14978],[10.2038,56.15013],[10.20374,56.15025],[10.2053,56.15049],[10.20533,56.15066],[10.20567,56.15072],[10.2058,56.15047],[10.20679,56.15063],[10.20705,56.15071],[10.20704,56.15088],[10.20761,56.15091],[10.2076,56.15101],[10.21059,56.15112],[10.21195,56.1515],[10.21247,56.15176],[10.21287,56.15219],[10.21305,56.15217],[10.21338,56.15276],[10.2132,56.15349],[10.21336,56.15351],[10.21351,56.15299],[10.21342,56.15253],[10.2132,56.15209],[10.2127,56.15165],[10.21164,56.15117],[10.20991,56.15082],[10.2116,56.15043],[10.21238,56.15007],[10.21299,56.14945],[10.2131,56.14898],[10.21444,56.15042],[10.21437,56.15138],[10.21468,56.15186],[10.21588,56.15252],[10.21809,56.15425],[10.21932,56.15561],[10.21808,56.15408],[10.21605,56.15248],[10.21467,56.15166],[10.21455,56.15136],[10.2147,56.15072],[10.2146,56.1503],[10.21567,56.15132],[10.21808,56.15245],[10.22041,56.15442],[10.22061,56.15435],[10.21801,56.15227],[10.22027,56.15271],[10.22033,56.15261],[10.21733,56.15197],[10.21561,56.15105],[10.21464,56.15016],[10.21581,56.15099],[10.21889,56.15167],[10.22007,56.15244],[10.21894,56.15151],[10.21566,56.15076],[10.21044,56.14554],[10.21018,56.14563],[10.20935,56.14477],[10.20912,56.14401],[10.20935,56.14331],[10.21076,56.14391],[10.21278,56.14566],[10.21292,56.14564],[10.21606,56.14817],[10.21631,56.14819],[10.21063,56.14372],[10.21291,56.14458],[10.21676,56.14783],[10.21965,56.14989],[10.22123,56.15144],[10.22207,56.15265],[10.22661,56.15776],[10.22672,56.15773],[10.22236,56.15284],[10.22136,56.15134],[10.21991,56.1499],[10.21973,56.14891],[10.21916,56.14821],[10.21871,56.14785]]]},"properties":{"STRKAFS":237000,"NAVN":"Aarhus H","HOVER_NAME":"Aarhus H","TIB":"36,37,1023,1024","BANENR":"23b","FRA_KM":105.4,"TIL_KM":111.8,"FORKORTELSE":"Ar","BANENR_NAVN":"(Vejle) - Aarhus H","HVDSTRK_NAVN":"Fredericia - Aarhus H","DELSTRK_NAVN":"Aarhus H","BTRTYPETEKST":"Station","BANEKLASSETEKST":"Hovedbane"}},{"type":"Feature","id":367603,"geometry":{"type":"Polygon","coordinates":[[[10.15014,56.14668],[10.15576,56.14538],[10.15559,56.14517],[10.14736,56.14695],[10.13959,56.14776],[10.13718,56.14784],[10.13697,56.14801],[10.12974,56.14877],[10.1259,56.14975],[10.11951,56.15206],[10.11969,56.15227],[10.12115,56.15184],[10.12693,56.14968],[10.12995,56.14898],[10.14846,56.14703],[10.15014,56.14668]]]},"properties":{"STRKAFS":242112,"NAVN":"Aarhus H - Brabrand","HOVER_NAME":"Aarhus H - Brabrand","TIB":"1024","BANENR":"24","FRA_KM":111.8,"TIL_KM":114.2,"FORKORTELSE":"Ar-Br","BANENR_NAVN":"(Aarhus H) - Langå","HVDSTRK_NAVN":"Aarhus H - Aalborg","DELSTRK_NAVN":"Aarhus H - Langå","BTRTYPETEKST":"Fri Bane","BANEKLASSETEKST":"Hovedbane"}},{"type":"Feature","id":367604,"geometry":{"type":"Polygon","coordinates":[[[10.10095,56.1547],[10.1029,56.15477],[10.105,56.15456],[10.10724,56.15425],[10.10723,56.15413],[10.11669,56.15296],[10.11669,56.15284],[10.11778,56.15265],[10.11906,56.15265],[10.11904,56.15242],[10.11969,56.15227],[10.11951,56.15206],[10.11624,56.15276],[10.10626,56.15401],[10.10379,56.15418],[10.10379,56.15429],[10.09439,56.15459],[10.09448,56.15485],[10.09707,56.15468],[10.09819,56.15471],[10.09824,56.15491],[10.10054,56.15473],[10.10095,56.1547]]]},"properties":{"STRKAFS":242115,"NAVN":"Brabrand","HOVER_NAME":"Brabrand","TIB":"1024","BANENR":"24","FRA_KM":114.2,"TIL_KM":115.8,"FORKORTELSE":"Br","BANENR_NAVN":"(Aarhus H) - Langå","HVDSTRK_NAVN":"Aarhus H - Aalborg","DELSTRK_NAVN":"Aarhus H - Langå","BTRTYPETEKST":"Teknisk Station","BANEKLASSETEKST":"Hovedbane"}},{"type":"Feature","id":367605,"geometry":{"type":"Polygon","coordinates":[[[10.09442,56.15467],[10.09341,56.15469],[10.09009,56.15536],[10.08732,56.15637],[10.08585,56.15717],[10.08629,56.15739],[10.0892,56.15602],[10.08964,56.15601],[10.09234,56.15516],[10.09445,56.15476],[10.09442,56.15467]]]},"properties":{"STRKAFS":242116,"NAVN":"Brabrand - Aarhus Logistikparken","HOVER_NAME":"Brabrand - Aarhus Logistikparken","TIB":"1024","BANENR":"24","FRA_KM":115.8,"TIL_KM":116.4,"FORKORTELSE":"Br-Arl","BANENR_NAVN":"(Aarhus H) - Langå","HVDSTRK_NAVN":"Aarhus H - Aalborg","DELSTRK_NAVN":"Aarhus H - Langå","BTRTYPETEKST":"Fri Bane","BANEKLASSETEKST":"Hovedbane"}},{"type":"Feature","id":367606,"geometry":{"type":"Polygon","coordinates":[[[10.07828,56.16237],[10.07884,56.16215],[10.07773,56.16267],[10.07824,56.163],[10.07895,56.16269],[10.07875,56.16252],[10.07966,56.16209],[10.07985,56.16227],[10.08122,56.1615],[10.08385,56.15951],[10.0838,56.15935],[10.0853,56.15838],[10.08548,56.15799],[10.08629,56.15739],[10.08585,56.15717],[10.0852,56.15748],[10.08247,56.15996],[10.08063,56.16113],[10.07592,56.16244],[10.06081,56.16538],[10.06207,56.16714],[10.07594,56.1633],[10.07819,56.16241],[10.07828,56.16237]]]},"properties":{"STRKAFS":242117,"NAVN":"Aarhus Logistikparken","HOVER_NAME":"Aarhus Logistikparken","TIB":"1024","BANENR":"24","FRA_KM":116.4,"TIL_KM":117.2,"FORKORTELSE":"Arl","BANENR_NAVN":"(Aarhus H) - Langå","HVDSTRK_NAVN":"Aarhus H - Aalborg","DELSTRK_NAVN":"Aarhus H - Langå","BTRTYPETEKST":"Teknisk Station","BANEKLASSETEKST":"Hovedbane"}},{"type":"Feature","id":367607,"geometry":{"type":"Polygon","coordinates":[[[10.07284,56.23352],[10.07325,56.23337],[10.07343,56.23354],[10.0775,56.2324],[10.07734,56.23224],[10.07783,56.23211],[10.07798,56.23224],[10.07982,56.2317],[10.07971,56.23158],[10.08284,56.23037],[10.08332,56.2304],[10.08605,56.22888],[10.08597,56.22864],[10.08669,56.22812],[10.0872,56.22806],[10.08853,56.22698],[10.08843,56.22675],[10.09834,56.21887],[10.1014,56.21601],[10.10172,56.21588],[10.10269,56.21429],[10.10311,56.21297],[10.10288,56.21284],[10.10304,56.21157],[10.10294,56.21079],[10.10231,56.20855],[10.10039,56.20556],[10.09774,56.20213],[10.09811,56.20196],[10.09699,56.20084],[10.09492,56.19931],[10.09154,56.19782],[10.0914,56.19797],[10.08915,56.197],[10.08659,56.19534],[10.0837,56.19252],[10.08307,56.19182],[10.08333,56.19174],[10.0826,56.19125],[10.08194,56.19042],[10.07889,56.18826],[10.07619,56.18695],[10.07438,56.18635],[10.06549,56.18442],[10.06569,56.18413],[10.06096,56.18295],[10.06036,56.18313],[10.058,56.18229],[10.05707,56.18183],[10.05743,56.18161],[10.05537,56.18036],[10.05515,56.18043],[10.05445,56.17977],[10.05462,56.17968],[10.05376,56.17885],[10.05317,56.17794],[10.05274,56.17668],[10.05272,56.17531],[10.05221,56.17526],[10.05273,56.17356],[10.05312,56.17282],[10.05464,56.1712],[10.05778,56.16909],[10.06087,56.16797],[10.06209,56.16769],[10.06225,56.16788],[10.0715,56.16531],[10.07149,56.16508],[10.07443,56.16432],[10.07824,56.163],[10.07773,56.16267],[10.07474,56.16387],[10.05919,56.16823],[10.05576,56.16971],[10.05366,56.17138],[10.05217,56.17381],[10.05182,56.17574],[10.05187,56.1765],[10.05231,56.17795],[10.05305,56.17923],[10.05391,56.18023],[10.05579,56.18153],[10.05791,56.18252],[10.06183,56.18374],[10.06751,56.18523],[10.07232,56.18614],[10.07686,56.18762],[10.07902,56.18872],[10.08029,56.18963],[10.08314,56.19235],[10.08306,56.19264],[10.08359,56.19326],[10.08659,56.1958],[10.08903,56.19723],[10.09504,56.20009],[10.09647,56.2012],[10.09858,56.20378],[10.09876,56.20463],[10.09923,56.20467],[10.10179,56.20827],[10.10245,56.21002],[10.10263,56.21182],[10.10215,56.21395],[10.10123,56.21566],[10.10022,56.21683],[10.08557,56.22863],[10.08365,56.22972],[10.08118,56.2308],[10.07159,56.23355],[10.06909,56.23448],[10.06643,56.23581],[10.06441,56.23723],[10.06353,56.23808],[10.06181,56.24027],[10.0578,56.24704],[10.0567,56.24923],[10.05557,56.25202],[10.05535,56.25392],[10.05549,56.25529],[10.0559,56.25661],[10.05695,56.25848],[10.05738,56.25841],[10.05615,56.2562],[10.05582,56.25498],[10.05576,56.25346],[10.05596,56.25238],[10.05633,56.25121],[10.05665,56.25113],[10.05783,56.24843],[10.05908,56.24619],[10.05883,56.24596],[10.06178,56.24098],[10.06328,56.23874],[10.06372,56.23867],[10.06562,56.23691],[10.06532,56.23686],[10.06803,56.23528],[10.07177,56.23389],[10.07284,56.23352]]]},"properties":{"STRKAFS":242118,"NAVN":"Aarhus Logistikparken - Hinnerup","HOVER_NAME":"Aarhus Logistikparken - Hinnerup","TIB":"1024","BANENR":"24","FRA_KM":117.2,"TIL_KM":131.2,"FORKORTELSE":"Arl-Hn","BANENR_NAVN":"(Aarhus H) - Langå","HVDSTRK_NAVN":"Aarhus H - Aalborg","DELSTRK_NAVN":"Aarhus H - Langå","BTRTYPETEKST":"Fri Bane","BANEKLASSETEKST":"Hovedbane"}},{"type":"Feature","id":367608,"geometry":{"type":"Polygon","coordinates":[[[10.06413,56.26764],[10.064,56.2674],[10.06367,56.26746],[10.06036,56.26397],[10.06066,56.26354],[10.06007,56.26276],[10.05937,56.26234],[10.05738,56.25841],[10.05695,56.25848],[10.05949,56.26336],[10.06033,56.26441],[10.0633,56.26747],[10.06436,56.26839],[10.06466,56.26829],[10.06397,56.26768],[10.06413,56.26764]]]},"properties":{"STRKAFS":242131,"NAVN":"Hinnerup","HOVER_NAME":"Hinnerup","TIB":"1024","BANENR":"24","FRA_KM":131.2,"TIL_KM":132.4,"FORKORTELSE":"Hn","BANENR_NAVN":"(Aarhus H) - Langå","HVDSTRK_NAVN":"Aarhus H - Aalborg","DELSTRK_NAVN":"Aarhus H - Langå","BTRTYPETEKST":"Station","BANEKLASSETEKST":"Hovedbane"}},{"type":"Feature","id":367609,"geometry":{"type":"Polygon","coordinates":[[[9.5867,55.68949],[9.58959,55.68944],[9.59205,55.68962],[9.59311,55.68988],[9.59575,55.69015],[9.59613,55.69004],[9.59972,55.69058],[9.60053,55.69055],[9.60263,55.69101],[9.60369,55.69091],[9.60856,55.69144],[9.60975,55.69173],[9.61669,55.6922],[9.62572,55.6923],[9.6299,55.69258],[9.63427,55.69238],[9.63861,55.69171],[9.6431,55.69073],[9.64629,55.68969],[9.64904,55.68827],[9.64964,55.68763],[9.6514,55.68635],[9.65161,55.68643],[9.65402,55.6847],[9.65639,55.68351],[9.65739,55.68322],[9.6582,55.68258],[9.66078,55.68134],[9.66181,55.68038],[9.6623,55.68016],[9.66374,55.67868],[9.6647,55.67665],[9.66469,55.67633],[9.66499,55.67597],[9.66501,55.67416],[9.66436,55.67245],[9.6614,55.66872],[9.66142,55.66837],[9.66112,55.66792],[9.66034,55.66711],[9.6599,55.66711],[9.65957,55.66678],[9.65821,55.66473],[9.65395,55.65984],[9.65303,55.65846],[9.65252,55.65818],[9.65198,55.65718],[9.64851,55.65334],[9.6476,55.65167],[9.64724,55.6506],[9.6472,55.64974],[9.64674,55.64975],[9.64733,55.65192],[9.6486,55.65428],[9.64951,55.65513],[9.6512,55.65732],[9.65224,55.6583],[9.65324,55.65969],[9.65392,55.66028],[9.65473,55.6615],[9.65438,55.66177],[9.65442,55.66202],[9.65657,55.66344],[9.65811,55.66567],[9.66104,55.66901],[9.66104,55.6693],[9.66266,55.67094],[9.66352,55.67215],[9.66382,55.67318],[9.66425,55.67365],[9.6644,55.67415],[9.66427,55.67627],[9.66409,55.67684],[9.66324,55.67837],[9.66232,55.67959],[9.66143,55.68034],[9.65945,55.68139],[9.65918,55.68179],[9.65769,55.68247],[9.65633,55.68271],[9.65578,55.68329],[9.65414,55.68391],[9.65325,55.68443],[9.64917,55.68746],[9.64691,55.68882],[9.64428,55.68989],[9.64234,55.69043],[9.6364,55.69165],[9.63252,55.69217],[9.61798,55.69189],[9.61745,55.69172],[9.61171,55.69152],[9.60942,55.69113],[9.60745,55.69116],[9.60365,55.69068],[9.60298,55.69046],[9.60197,55.69055],[9.60082,55.69023],[9.59967,55.69018],[9.5985,55.68991],[9.59599,55.68986],[9.59515,55.68957],[9.59185,55.68941],[9.5909,55.68896],[9.58735,55.68887],[9.58448,55.68932],[9.58358,55.68967],[9.58091,55.69017],[9.57473,55.69119],[9.56905,55.69317],[9.56731,55.69354],[9.56602,55.69414],[9.5637,55.69477],[9.56174,55.69602],[9.55771,55.69775],[9.55385,55.69873],[9.54882,55.69941],[9.5489,55.69961],[9.55058,55.69943],[9.55609,55.69853],[9.56029,55.69721],[9.56574,55.69468],[9.57208,55.69243],[9.57323,55.69228],[9.57947,55.6907],[9.58562,55.68959],[9.5867,55.68949]]]},"properties":{"STRKAFS":232014,"NAVN":"Børkop - Vejle","HOVER_NAME":"Børkop - Vejle","TIB":"1023","BANENR":"23a","FRA_KM":12.8,"TIL_KM":24.400000000000002,"FORKORTELSE":"Bk-Vj","BANENR_NAVN":"(Fredericia) - Vejle","HVDSTRK_NAVN":"Fredericia - Aarhus H","DELSTRK_NAVN":"Fredericia - Vejle","BTRTYPETEKST":"Fri Bane","BANEKLASSETEKST":"Hovedbane"}},{"type":"Feature","id":367610,"geometry":{"type":"Polygon","coordinates":[[[9.66034,55.66711],[9.6599,55.66711],[9.65907,55.66604],[9.65859,55.66617],[9.65955,55.6674],[9.6604,55.6672],[9.66034,55.66711]]]},"properties":{"STRKAFS":232015,"NAVN":"Brejning","HOVER_NAME":"Brejning","TIB":"1023","BANENR":"23a","FRA_KM":14.777000000000001,"TIL_KM":14.928,"FORKORTELSE":"Bet","BANENR_NAVN":"(Fredericia) - Vejle","HVDSTRK_NAVN":"Fredericia - Aarhus H","DELSTRK_NAVN":"Fredericia - Vejle","BTRTYPETEKST":"Trinbræt","BANEKLASSETEKST":"Hovedbane"}},{"type":"Feature","id":367611,"geometry":{"type":"Polygon","coordinates":[[[9.67301,55.59534],[9.67284,55.59527],[9.67186,55.59608],[9.67151,55.59615],[9.67079,55.59671],[9.66555,55.59966],[9.66472,55.59988],[9.6632,55.60072],[9.66308,55.60094],[9.66326,55.60108],[9.66187,55.60252],[9.66158,55.60253],[9.6612,55.60339],[9.66004,55.60478],[9.65973,55.60567],[9.66006,55.60596],[9.65946,55.60809],[9.65962,55.60811],[9.65893,55.60936],[9.65894,55.60953],[9.65934,55.60955],[9.65897,55.61089],[9.65922,55.6109],[9.65939,55.60993],[9.65996,55.60902],[9.65985,55.60841],[9.66021,55.60718],[9.66076,55.60679],[9.66156,55.60468],[9.66287,55.60268],[9.66284,55.6025],[9.66361,55.60173],[9.66508,55.60067],[9.66581,55.59978],[9.67181,55.59648],[9.67212,55.5962],[9.67196,55.59612],[9.67304,55.59535],[9.67301,55.59534]]]},"properties":{"STRKAFS":232707,"NAVN":"Pjedsted","HOVER_NAME":"Pjedsted","TIB":null,"BANENR":"23a","FRA_KM":6.011,"TIL_KM":8.1,"FORKORTELSE":"Pj","BANENR_NAVN":"(Fredericia) - Vejle","HVDSTRK_NAVN":"Fredericia - Aarhus H","DELSTRK_NAVN":"Fredericia - Vejle","BTRTYPETEKST":"VM-station","BANEKLASSETEKST":"Hovedbane"}},{"type":"Feature","id":367612,"geometry":{"type":"Polygon","coordinates":[[[9.53849,55.7106],[9.539,55.71087],[9.53925,55.71074],[9.53838,55.71004],[9.53814,55.70965],[9.53761,55.707],[9.53696,55.70519],[9.53685,55.70438],[9.5374,55.70428],[9.53885,55.705],[9.5408,55.70553],[9.54139,55.70588],[9.54182,55.70664],[9.54257,55.70722],[9.54392,55.70789],[9.54603,55.70844],[9.54612,55.70837],[9.54519,55.70807],[9.55127,55.70721],[9.55118,55.7071],[9.54544,55.70795],[9.54451,55.70791],[9.54283,55.70721],[9.54418,55.70728],[9.5497,55.70629],[9.54961,55.70612],[9.54552,55.70677],[9.54423,55.70715],[9.5432,55.70716],[9.54248,55.70698],[9.54205,55.70666],[9.54142,55.70564],[9.544,55.7062],[9.55154,55.70523],[9.55899,55.70401],[9.55893,55.70388],[9.55,55.7053],[9.54439,55.70603],[9.54349,55.70603],[9.54161,55.70555],[9.55718,55.70319],[9.55711,55.70306],[9.5423,55.70535],[9.54126,55.70539],[9.53871,55.70475],[9.53744,55.70395],[9.53726,55.70319],[9.53796,55.70178],[9.53838,55.70146],[9.54,55.70084],[9.54738,55.69989],[9.54732,55.6998],[9.5489,55.69961],[9.54882,55.69941],[9.54723,55.6996],[9.54486,55.69917],[9.54381,55.69927],[9.54213,55.6997],[9.54139,55.70015],[9.53911,55.70066],[9.53608,55.7021],[9.53484,55.7025],[9.53267,55.70385],[9.53279,55.70393],[9.53398,55.70323],[9.53477,55.70365],[9.53376,55.70424],[9.53419,55.70445],[9.53562,55.70349],[9.53548,55.70426],[9.53581,55.70427],[9.53649,55.7063],[9.53609,55.70636],[9.53648,55.70745],[9.53698,55.70741],[9.53712,55.70782],[9.53698,55.70874],[9.53817,55.71074],[9.538,55.71154],[9.53821,55.71156],[9.53833,55.7114],[9.5385,55.7108],[9.53849,55.7106]]]},"properties":{"STRKAFS":233000,"NAVN":"Vejle","HOVER_NAME":"Vejle","TIB":"1023,1033","BANENR":"23a","FRA_KM":24.400000000000002,"TIL_KM":26.2,"FORKORTELSE":"Vj","BANENR_NAVN":"(Fredericia) - Vejle","HVDSTRK_NAVN":"Fredericia - Aarhus H","DELSTRK_NAVN":"Vejle","BTRTYPETEKST":"Station","BANEKLASSETEKST":"Hovedbane"}},{"type":"Feature","id":367613,"geometry":{"type":"Polygon","coordinates":[[[9.69505,55.73727],[9.69391,55.73641],[9.6938,55.73657],[9.6923,55.73549],[9.69027,55.73442],[9.68989,55.73443],[9.68634,55.73308],[9.68031,55.73176],[9.67876,55.73113],[9.67256,55.72971],[9.66958,55.72922],[9.66842,55.72847],[9.66762,55.72869],[9.66668,55.72833],[9.66561,55.72828],[9.65907,55.72621],[9.65543,55.72525],[9.64185,55.72242],[9.63815,55.72147],[9.6357,55.72012],[9.63452,55.71971],[9.63361,55.71858],[9.63246,55.71784],[9.63132,55.71627],[9.62861,55.71371],[9.6277,55.71344],[9.62588,55.71237],[9.62555,55.71202],[9.62291,55.7108],[9.62031,55.71],[9.61711,55.70936],[9.61351,55.70925],[9.60652,55.70993],[9.60279,55.70976],[9.5975,55.70863],[9.59525,55.70786],[9.58342,55.70574],[9.57875,55.70544],[9.57557,55.70568],[9.57247,55.70632],[9.57094,55.70682],[9.56438,55.70965],[9.56184,55.71034],[9.55992,55.71067],[9.55403,55.71111],[9.54827,55.71203],[9.54534,55.71226],[9.54439,55.71224],[9.54202,55.71185],[9.54034,55.71132],[9.53925,55.71074],[9.539,55.71087],[9.54191,55.71204],[9.54474,55.71244],[9.54875,55.71223],[9.55331,55.71143],[9.56106,55.71075],[9.56622,55.70938],[9.56732,55.70871],[9.57022,55.70742],[9.57333,55.70634],[9.57508,55.706],[9.57975,55.70584],[9.5837,55.70615],[9.58685,55.70681],[9.59295,55.70766],[9.59693,55.70906],[9.59827,55.7091],[9.59921,55.70952],[9.60439,55.71017],[9.60755,55.71009],[9.60996,55.70982],[9.61131,55.71],[9.61206,55.70966],[9.61285,55.70954],[9.61587,55.70963],[9.6197,55.7101],[9.6209,55.71043],[9.62389,55.71155],[9.62802,55.71398],[9.62897,55.71481],[9.62976,55.7152],[9.63037,55.7158],[9.63046,55.71625],[9.63187,55.71767],[9.63222,55.71848],[9.63302,55.71945],[9.63435,55.7199],[9.63497,55.7205],[9.63804,55.72171],[9.64186,55.72271],[9.65589,55.7256],[9.66016,55.72683],[9.66151,55.7274],[9.66761,55.72913],[9.66814,55.72951],[9.66894,55.72934],[9.68433,55.73296],[9.68843,55.73418],[9.69139,55.73559],[9.69328,55.73683],[9.6948,55.7382],[9.69625,55.74024],[9.697,55.74194],[9.69684,55.74369],[9.69714,55.744],[9.69744,55.74656],[9.69755,55.74992],[9.69778,55.75169],[9.6978,55.75456],[9.69818,55.75908],[9.69871,55.75907],[9.69852,55.75886],[9.69849,55.75849],[9.69883,55.75839],[9.6987,55.75636],[9.69865,55.75567],[9.69836,55.75495],[9.69794,55.74908],[9.69797,55.74747],[9.69777,55.74627],[9.6978,55.744],[9.69746,55.74201],[9.69794,55.74199],[9.6978,55.74117],[9.69678,55.73915],[9.69547,55.73769],[9.69505,55.73727]]]},"properties":{"STRKAFS":234028,"NAVN":"Vejle - Hedensted","HOVER_NAME":"Vejle - Hedensted","TIB":"1023","BANENR":"23b","FRA_KM":26.2,"TIL_KM":39.800000000000004,"FORKORTELSE":"Vj-Hed","BANENR_NAVN":"(Vejle) - Aarhus H","HVDSTRK_NAVN":"Fredericia - Aarhus H","DELSTRK_NAVN":"Vejle - Skanderborg","BTRTYPETEKST":"Fri Bane","BANEKLASSETEKST":"Hovedbane"}},{"type":"Feature","id":367614,"geometry":{"type":"Polygon","coordinates":[[[9.69871,55.7614],[9.69854,55.75987],[9.69871,55.75907],[9.69818,55.75908],[9.69823,55.75988],[9.6976,55.75941],[9.6963,55.7591],[9.68932,55.75949],[9.68815,55.75925],[9.68641,55.75831],[9.68534,55.75811],[9.68531,55.75822],[9.68633,55.75842],[9.68752,55.75915],[9.68903,55.75969],[9.696,55.75927],[9.69742,55.75954],[9.69802,55.75995],[9.69819,55.7602],[9.6983,55.76173],[9.69841,55.7678],[9.69879,55.76964],[9.69909,55.77523],[9.69973,55.77522],[9.69939,55.77428],[9.69934,55.77173],[9.6995,55.7717],[9.69933,55.7713],[9.69921,55.7697],[9.69922,55.76921],[9.69959,55.76886],[9.69956,55.76783],[9.69947,55.76696],[9.69903,55.76558],[9.69887,55.76297],[9.69904,55.76292],[9.69884,55.762],[9.69871,55.7614]]]},"properties":{"STRKAFS":234041,"NAVN":"Hedensted","HOVER_NAME":"Hedensted","TIB":"1023","BANENR":"23b","FRA_KM":39.800000000000004,"TIL_KM":41.6,"FORKORTELSE":"Hed","BANENR_NAVN":"(Vejle) - Aarhus H","HVDSTRK_NAVN":"Fredericia - Aarhus H","DELSTRK_NAVN":"Vejle - Skanderborg","BTRTYPETEKST":"Station","BANEKLASSETEKST":"Hovedbane"}},{"type":"Feature","id":367615,"geometry":{"type":"Polygon","coordinates":[[[10.20986,57.47076],[10.20762,57.47052],[10.20787,57.4703],[10.19999,57.46956],[10.19736,57.46893],[10.19183,57.46713],[10.19157,57.46679],[10.191,57.46726],[10.19164,57.46723],[10.1965,57.46904],[10.2014,57.47024],[10.20289,57.47041],[10.20373,57.47033],[10.20976,57.47103],[10.20982,57.47087],[10.20986,57.47076]]]},"properties":{"STRKAFS":254309,"NAVN":"Sindal","HOVER_NAME":"Sindal","TIB":"1025","BANENR":"25","FRA_KM":309.40000000000003,"TIL_KM":310.6,"FORKORTELSE":"Sa","BANENR_NAVN":"(Aalborg) - Frederikshavn","HVDSTRK_NAVN":"Aalborg - Frederikshavn","DELSTRK_NAVN":"Hjørring - Frederikshavn","BTRTYPETEKST":"Station","BANEKLASSETEKST":"Regionalbane"}},{"type":"Feature","id":367616,"geometry":{"type":"Polygon","coordinates":[[[10.34315,57.48639],[10.34694,57.48604],[10.34938,57.48538],[10.34952,57.48557],[10.34977,57.48549],[10.35487,57.48352],[10.35794,57.48259],[10.35787,57.48243],[10.36274,57.48053],[10.36563,57.47888],[10.36748,57.4782],[10.36802,57.47804],[10.3682,57.4782],[10.37009,57.47768],[10.36995,57.47749],[10.37229,57.47694],[10.37244,57.47711],[10.37474,57.47656],[10.37459,57.47638],[10.3779,57.47562],[10.38175,57.47512],[10.38296,57.4748],[10.3834,57.47475],[10.38345,57.47493],[10.38604,57.47461],[10.38671,57.47449],[10.38718,57.47419],[10.39111,57.47387],[10.39464,57.47374],[10.39992,57.47401],[10.4033,57.47385],[10.40323,57.47364],[10.39993,57.47373],[10.39261,57.4735],[10.38903,57.47368],[10.38706,57.47406],[10.38684,57.47388],[10.38355,57.47434],[10.3834,57.47457],[10.3817,57.47469],[10.37723,57.47547],[10.37445,57.47626],[10.37397,57.47613],[10.37046,57.47701],[10.37061,57.4772],[10.36983,57.47737],[10.36971,57.47718],[10.36777,57.47769],[10.36784,57.4779],[10.3663,57.47838],[10.36232,57.48013],[10.35907,57.48184],[10.35499,57.48304],[10.35074,57.48466],[10.34884,57.48519],[10.34312,57.48615],[10.33742,57.48593],[10.33337,57.4854],[10.32596,57.48578],[10.31509,57.48598],[10.3111,57.48554],[10.31117,57.48528],[10.30867,57.48508],[10.30346,57.4833],[10.30243,57.48262],[10.30137,57.48219],[10.3013,57.48189],[10.30055,57.48153],[10.29885,57.48027],[10.29809,57.47996],[10.29778,57.48006],[10.29751,57.47969],[10.29625,57.4791],[10.29629,57.47892],[10.29528,57.47845],[10.29501,57.47811],[10.29322,57.47716],[10.29256,57.47707],[10.29247,57.47682],[10.29196,57.4767],[10.29141,57.47612],[10.29087,57.47584],[10.28962,57.47531],[10.28933,57.47542],[10.28751,57.47448],[10.28668,57.47429],[10.28408,57.47309],[10.28284,57.47271],[10.2819,57.47263],[10.28208,57.47244],[10.27682,57.47141],[10.27125,57.47085],[10.26653,57.47086],[10.25986,57.47125],[10.25949,57.4715],[10.25643,57.47167],[10.25628,57.47144],[10.25071,57.47185],[10.2506,57.47205],[10.2489,57.47218],[10.23343,57.47303],[10.23095,57.47274],[10.23042,57.47272],[10.23043,57.47291],[10.22874,57.47277],[10.22484,57.47234],[10.22488,57.47214],[10.22242,57.47191],[10.22186,57.47207],[10.2202,57.47189],[10.21977,57.47162],[10.21642,57.4713],[10.21605,57.47147],[10.21468,57.4711],[10.21326,57.47097],[10.21292,57.47113],[10.20986,57.47076],[10.20976,57.47103],[10.21192,57.47118],[10.21334,57.47138],[10.21338,57.47151],[10.23232,57.47317],[10.23662,57.47311],[10.24935,57.47228],[10.24938,57.47247],[10.25644,57.47205],[10.25642,57.47184],[10.25692,57.4718],[10.2596,57.47185],[10.26837,57.47135],[10.27223,57.47149],[10.27665,57.47196],[10.27932,57.47243],[10.2798,57.47231],[10.27997,57.47258],[10.28159,57.47297],[10.28187,57.47281],[10.28361,57.47355],[10.28476,57.47375],[10.28648,57.47439],[10.28715,57.47482],[10.28862,57.4753],[10.28905,57.47555],[10.28896,57.47573],[10.28941,57.47598],[10.29181,57.47709],[10.29233,57.47716],[10.29252,57.47726],[10.29252,57.47748],[10.29297,57.47773],[10.29343,57.47778],[10.29393,57.47805],[10.29522,57.47895],[10.29586,57.47921],[10.29609,57.47953],[10.29795,57.48074],[10.30043,57.48211],[10.30117,57.48232],[10.30177,57.48283],[10.305,57.48433],[10.30924,57.48557],[10.31407,57.48629],[10.31459,57.48617],[10.31664,57.48634],[10.32074,57.4863],[10.32246,57.4861],[10.33135,57.48573],[10.33728,57.48606],[10.33947,57.48643],[10.34143,57.48636],[10.34142,57.48654],[10.34315,57.48653],[10.34315,57.48639]]]},"properties":{"STRKAFS":254312,"NAVN":"Sindal - Kvissel","HOVER_NAME":"Sindal - Kvissel","TIB":"1025","BANENR":"25","FRA_KM":310.6,"TIL_KM":323.2,"FORKORTELSE":"Sa-Kv","BANENR_NAVN":"(Aalborg) - Frederikshavn","HVDSTRK_NAVN":"Aalborg - Frederikshavn","DELSTRK_NAVN":"Hjørring - Frederikshavn","BTRTYPETEKST":"Fri Bane","BANEKLASSETEKST":"Regionalbane"}},{"type":"Feature","id":367617,"geometry":{"type":"Polygon","coordinates":[[[10.3113,57.48557],[10.31106,57.48587],[10.31303,57.48619],[10.31349,57.48623],[10.31369,57.48587],[10.3121,57.4857],[10.3113,57.48557]]]},"properties":{"STRKAFS":254317,"NAVN":"Tolne","HOVER_NAME":"Tolne","TIB":"1025","BANENR":"25","FRA_KM":317.28700000000003,"TIL_KM":317.439,"FORKORTELSE":"To","BANENR_NAVN":"(Aalborg) - Frederikshavn","HVDSTRK_NAVN":"Aalborg - Frederikshavn","DELSTRK_NAVN":"Hjørring - Frederikshavn","BTRTYPETEKST":"Trinbræt","BANEKLASSETEKST":"Regionalbane"}},{"type":"Feature","id":367618,"geometry":{"type":"Polygon","coordinates":[[[10.40408,57.47375],[10.4049,57.47365],[10.405,57.47382],[10.40953,57.47298],[10.41079,57.47268],[10.41071,57.47254],[10.41304,57.4721],[10.41366,57.47182],[10.41909,57.47081],[10.42203,57.47007],[10.42194,57.46994],[10.41844,57.47059],[10.4103,57.47234],[10.40721,57.47284],[10.4044,57.47355],[10.40323,57.47364],[10.4033,57.47385],[10.40408,57.47375]]]},"properties":{"STRKAFS":254323,"NAVN":"Kvissel","HOVER_NAME":"Kvissel","TIB":"1025","BANENR":"25","FRA_KM":323.2,"TIL_KM":324.40000000000003,"FORKORTELSE":"Kv","BANENR_NAVN":"(Aalborg) - Frederikshavn","HVDSTRK_NAVN":"Aalborg - Frederikshavn","DELSTRK_NAVN":"Hjørring - Frederikshavn","BTRTYPETEKST":"Station","BANEKLASSETEKST":"Regionalbane"}},{"type":"Feature","id":367619,"geometry":{"type":"MultiPolygon","coordinates":[[[[10.42203,57.47007],[10.42323,57.46982],[10.42329,57.47001],[10.4253,57.46965],[10.42531,57.4695],[10.42646,57.46929],[10.42924,57.46891],[10.46333,57.46471],[10.47413,57.4628],[10.47435,57.46298],[10.479,57.46214],[10.47887,57.46194],[10.48602,57.46067],[10.48618,57.46083],[10.49005,57.46016],[10.49042,57.4599],[10.49852,57.45853],[10.51171,57.45729],[10.51497,57.45742],[10.52307,57.45841],[10.52689,57.45836],[10.53079,57.45795],[10.53526,57.45673],[10.53772,57.45577],[10.5399,57.45445],[10.54123,57.45297],[10.54097,57.45292],[10.54024,57.45387],[10.5387,57.45512],[10.53564,57.45645],[10.53194,57.45741],[10.52892,57.45792],[10.52516,57.45815],[10.52275,57.45811],[10.51578,57.45722],[10.51258,57.45707],[10.51256,57.4569],[10.49918,57.45829],[10.49322,57.45917],[10.47919,57.46174],[10.47891,57.4616],[10.47679,57.46195],[10.4738,57.46249],[10.4739,57.46269],[10.46295,57.46461],[10.42698,57.469],[10.42493,57.46939],[10.42435,57.46928],[10.42305,57.4695],[10.42318,57.46969],[10.42194,57.46994],[10.42199,57.47002],[10.42203,57.47007]]],[[[10.5411052956423,57.453434560237],[10.5411028763268,57.4534340238073],[10.5411017128815,57.4534356066718],[10.5411052956423,57.453434560237]]]]},"properties":{"STRKAFS":254326,"NAVN":"Kvissel - Frederikshavn","HOVER_NAME":"Kvissel - Frederikshavn","TIB":"1025","BANENR":"25","FRA_KM":324.40000000000003,"TIL_KM":332,"FORKORTELSE":"Kv-Fh","BANENR_NAVN":"(Aalborg) - Frederikshavn","HVDSTRK_NAVN":"Aalborg - Frederikshavn","DELSTRK_NAVN":"Hjørring - Frederikshavn","BTRTYPETEKST":"Fri Bane","BANEKLASSETEKST":"Regionalbane"}},{"type":"Feature","id":367620,"geometry":{"type":"Polygon","coordinates":[[[10.54305,57.4421],[10.54298,57.44176],[10.54311,57.44139],[10.54408,57.44062],[10.54554,57.43977],[10.54735,57.43911],[10.55102,57.43682],[10.54715,57.43909],[10.54583,57.43955],[10.54687,57.43881],[10.54671,57.43876],[10.54565,57.43956],[10.54356,57.44076],[10.54283,57.4414],[10.54246,57.44079],[10.54252,57.44028],[10.54237,57.44025],[10.54231,57.44089],[10.542,57.44092],[10.54222,57.4417],[10.54115,57.44182],[10.5409,57.44112],[10.54073,57.44114],[10.54062,57.44085],[10.54048,57.43962],[10.54023,57.4391],[10.53784,57.43707],[10.53702,57.4354],[10.53649,57.43478],[10.53582,57.43436],[10.53673,57.43523],[10.53754,57.43694],[10.54,57.43902],[10.54031,57.43949],[10.54034,57.44125],[10.53994,57.4413],[10.54065,57.44319],[10.54033,57.44322],[10.54104,57.44475],[10.54102,57.44577],[10.5413,57.44657],[10.54144,57.44797],[10.54205,57.44957],[10.54159,57.45141],[10.54097,57.45292],[10.54141,57.453],[10.54191,57.45199],[10.54378,57.44572],[10.54376,57.44481],[10.54323,57.44277],[10.54305,57.4421]]]},"properties":{"STRKAFS":255000,"NAVN":"Frederikshavn","HOVER_NAME":"Frederikshavn","TIB":"669,1025","BANENR":"25","FRA_KM":332,"TIL_KM":333.399,"FORKORTELSE":"Fh","BANENR_NAVN":"(Aalborg) - Frederikshavn","HVDSTRK_NAVN":"Aalborg - Frederikshavn","DELSTRK_NAVN":"Frederikshavn","BTRTYPETEKST":"Station","BANEKLASSETEKST":"Regionalbane"}},{"type":"Feature","id":367621,"geometry":{"type":"Polygon","coordinates":[[[9.70942,55.55778],[9.71485,55.55772],[9.71482,55.55743],[9.70972,55.55756],[9.70456,55.55727],[9.6976,55.5561],[9.69737,55.55587],[9.692,55.55512],[9.69034,55.55504],[9.6595,55.55036],[9.65658,55.55],[9.65651,55.55016],[9.69008,55.55516],[9.69091,55.55549],[9.694,55.55575],[9.69543,55.55616],[9.69614,55.55608],[9.70311,55.55733],[9.7067,55.55777],[9.70814,55.55814],[9.7089,55.55793],[9.70942,55.55778]]]},"properties":{"STRKAFS":262004,"NAVN":"Fredericia - Taulov","HOVER_NAME":"Fredericia - Taulov","TIB":"26","BANENR":"26","FRA_KM":2.205,"TIL_KM":5.994000000000001,"FORKORTELSE":"Fa-Tl","BANENR_NAVN":"(Fredericia) - Lunderskov","HVDSTRK_NAVN":"Fredericia - Padborg","DELSTRK_NAVN":"Fredericia - Lunderskov","BTRTYPETEKST":"Fri Bane","BANEKLASSETEKST":"Hovedbane"}},{"type":"Feature","id":367622,"geometry":{"type":"Polygon","coordinates":[[[9.65315,55.54908],[9.65428,55.54909],[9.65427,55.54892],[9.65035,55.54886],[9.6425,55.5479],[9.64257,55.54779],[9.64051,55.54746],[9.64036,55.54756],[9.62692,55.54551],[9.62721,55.54537],[9.62147,55.54488],[9.6233,55.54436],[9.62515,55.54435],[9.6255,55.54418],[9.62317,55.54409],[9.6234,55.5435],[9.6233,55.54222],[9.62343,55.5415],[9.62374,55.54156],[9.62459,55.54065],[9.62778,55.54008],[9.62763,55.53982],[9.61431,55.54202],[9.61438,55.54212],[9.61622,55.54182],[9.61843,55.54172],[9.61836,55.54146],[9.62418,55.5405],[9.62324,55.54141],[9.62313,55.54342],[9.62283,55.54399],[9.62238,55.54434],[9.62162,55.54462],[9.62047,55.54464],[9.61964,55.54405],[9.61947,55.54299],[9.6192,55.543],[9.61939,55.54409],[9.6198,55.54451],[9.62049,55.5448],[9.6141,55.54479],[9.60963,55.54435],[9.60509,55.54311],[9.6014,55.54146],[9.60107,55.54163],[9.60535,55.54359],[9.61093,55.5448],[9.61617,55.54526],[9.61951,55.54528],[9.61953,55.54505],[9.62447,55.5454],[9.65527,55.55],[9.65651,55.55016],[9.65658,55.55],[9.65373,55.54956],[9.65315,55.54908]]]},"properties":{"STRKAFS":262009,"NAVN":"Taulov","HOVER_NAME":"Taulov","TIB":"1,26","BANENR":"26","FRA_KM":5.994000000000001,"TIL_KM":9.662,"FORKORTELSE":"Tl","BANENR_NAVN":"(Fredericia) - Lunderskov","HVDSTRK_NAVN":"Fredericia - Padborg","DELSTRK_NAVN":"Fredericia - Lunderskov","BTRTYPETEKST":"Station","BANEKLASSETEKST":"Hovedbane"}},{"type":"Feature","id":367623,"geometry":{"type":"Polygon","coordinates":[[[10.0317,56.4537],[10.0317,56.45279],[10.03119,56.45282],[10.02975,56.4511],[10.02811,56.44992],[10.02673,56.44926],[10.01818,56.44684],[10.01467,56.44566],[10.00792,56.44406],[10.00511,56.44317],[10.00058,56.4426],[10.00053,56.44271],[9.98258,56.44233],[9.97964,56.44196],[9.97796,56.44196],[9.97654,56.44156],[9.97641,56.44205],[9.9713,56.44166],[9.96885,56.44119],[9.96628,56.44047],[9.96409,56.43953],[9.96171,56.43797],[9.9617,56.43768],[9.96127,56.4374],[9.95735,56.43241],[9.95712,56.43248],[9.95623,56.43134],[9.95652,56.43125],[9.95357,56.42744],[9.95223,56.42614],[9.94833,56.42135],[9.94643,56.41964],[9.94469,56.4185],[9.94116,56.41685],[9.93805,56.41593],[9.92529,56.41324],[9.92098,56.41217],[9.91588,56.41022],[9.91355,56.40903],[9.91153,56.40777],[9.90866,56.40528],[9.90753,56.40393],[9.90669,56.40254],[9.90459,56.39839],[9.90463,56.39813],[9.90382,56.39653],[9.90364,56.3965],[9.90252,56.39419],[9.90057,56.39105],[9.89992,56.39119],[9.90076,56.39218],[9.90321,56.39645],[9.90503,56.40035],[9.90641,56.4027],[9.9062,56.40274],[9.90633,56.40293],[9.90652,56.4029],[9.90737,56.40428],[9.90819,56.40524],[9.9105,56.40735],[9.91227,56.40861],[9.91619,56.41069],[9.92056,56.41229],[9.92403,56.41324],[9.93846,56.41629],[9.94225,56.41755],[9.94445,56.41867],[9.94584,56.41955],[9.948,56.42147],[9.95205,56.42647],[9.9532,56.42818],[9.95703,56.43284],[9.95702,56.43309],[9.95735,56.43353],[9.9571,56.43359],[9.95617,56.43313],[9.95569,56.43306],[9.95405,56.43322],[9.95412,56.43332],[9.95466,56.43325],[9.95513,56.43418],[9.9555,56.43413],[9.95526,56.4336],[9.95544,56.43356],[9.9562,56.43354],[9.95749,56.434],[9.95846,56.43527],[9.95908,56.43542],[9.96099,56.43806],[9.96132,56.43801],[9.96309,56.43932],[9.9648,56.4402],[9.96645,56.44088],[9.96983,56.4418],[9.97647,56.44268],[9.97884,56.44286],[9.98366,56.44268],[9.99607,56.44285],[9.99603,56.44303],[10.00201,56.44334],[10.00213,56.44316],[10.00728,56.44419],[10.02103,56.44806],[10.02202,56.44816],[10.02517,56.44905],[10.02712,56.44979],[10.02868,56.45073],[10.02983,56.45182],[10.03052,56.45297],[10.03077,56.45426],[10.03072,56.45609],[10.02974,56.45841],[10.02836,56.45923],[10.02877,56.45945],[10.03027,56.45835],[10.03114,56.45732],[10.03137,56.45595],[10.03129,56.45474],[10.03142,56.45396],[10.0317,56.4537]]]},"properties":{"STRKAFS":244156,"NAVN":"Langå - Randers","HOVER_NAME":"Langå - Randers","TIB":"1024","BANENR":"71","FRA_KM":154.8,"TIL_KM":167.20000000000002,"FORKORTELSE":"Lg-Rd","BANENR_NAVN":"(Langå) - Aalborg","HVDSTRK_NAVN":"Aarhus H - Aalborg","DELSTRK_NAVN":"Langå - Hobro","BTRTYPETEKST":"Fri Bane","BANEKLASSETEKST":"Hovedbane"}},{"type":"Feature","id":367624,"geometry":{"type":"Polygon","coordinates":[[[10.06448,56.4686],[10.05751,56.465],[10.0561,56.46396],[10.04362,56.45969],[10.04262,56.45914],[10.0451,56.45972],[10.05034,56.46128],[10.05044,56.46117],[10.04237,56.45892],[10.04183,56.45857],[10.04114,56.45769],[10.05025,56.46032],[10.04159,56.45776],[10.04047,56.45724],[10.04325,56.45759],[10.04511,56.45808],[10.04516,56.45799],[10.04363,56.45754],[10.04127,56.45725],[10.04754,56.4578],[10.04759,56.45766],[10.04188,56.4571],[10.0403,56.4571],[10.03796,56.45659],[10.03442,56.45688],[10.03224,56.45762],[10.03043,56.45843],[10.03027,56.45835],[10.02877,56.45945],[10.02836,56.45923],[10.02484,56.46065],[10.01895,56.46142],[10.01867,56.46109],[10.01786,56.46124],[10.01505,56.46262],[10.0132,56.46309],[10.00829,56.46297],[10.00815,56.4631],[10.0084,56.46386],[10.00522,56.46428],[10.00526,56.4644],[10.00645,56.46436],[10.00648,56.46461],[10.00792,56.46427],[10.00802,56.46439],[10.02196,56.46212],[10.02456,56.46152],[10.02597,56.461],[10.03001,56.45882],[10.03341,56.45731],[10.03539,56.45682],[10.0386,56.45678],[10.04048,56.45741],[10.04166,56.45864],[10.04315,56.45965],[10.05605,56.46414],[10.05701,56.46484],[10.05453,56.46426],[10.0545,56.46437],[10.05632,56.46478],[10.05719,56.46519],[10.05781,56.46577],[10.05872,56.4663],[10.05815,56.46668],[10.06055,56.4679],[10.06187,56.46849],[10.06242,56.46831],[10.06411,56.4687],[10.06536,56.46932],[10.06713,56.47085],[10.0688,56.47363],[10.06953,56.47443],[10.07286,56.47667],[10.07309,56.47654],[10.06964,56.47432],[10.06699,56.47037],[10.06614,56.4696],[10.06465,56.46874],[10.06448,56.4686]]]},"properties":{"STRKAFS":244167,"NAVN":"Randers","HOVER_NAME":"Randers","TIB":"1024","BANENR":"71","FRA_KM":167.20000000000002,"TIL_KM":168.6,"FORKORTELSE":"Rd","BANENR_NAVN":"(Langå) - Aalborg","HVDSTRK_NAVN":"Aarhus H - Aalborg","DELSTRK_NAVN":"Langå - Hobro","BTRTYPETEKST":"Station","BANEKLASSETEKST":"Hovedbane"}},{"type":"Feature","id":367625,"geometry":{"type":"Polygon","coordinates":[[[9.88089,56.52142],[9.8823,56.52043],[9.88246,56.52046],[9.88341,56.51957],[9.88509,56.51852],[9.88873,56.51658],[9.89237,56.51522],[9.89945,56.51315],[9.90235,56.51204],[9.90441,56.51104],[9.90453,56.5112],[9.90808,56.50929],[9.90806,56.50905],[9.90962,56.50818],[9.90987,56.50829],[9.9121,56.50707],[9.9119,56.5069],[9.91581,56.50472],[9.91785,56.50315],[9.91865,56.50276],[9.91857,56.50256],[9.92192,56.50005],[9.92214,56.50017],[9.92304,56.49952],[9.92277,56.49939],[9.9284,56.49513],[9.93302,56.49203],[9.93592,56.49039],[9.93615,56.49055],[9.94175,56.48808],[9.94153,56.4879],[9.94415,56.48678],[9.9442,56.48701],[9.94641,56.4861],[9.94611,56.48598],[9.94656,56.48578],[9.95161,56.48371],[9.95177,56.48385],[9.95694,56.48172],[9.95673,56.48156],[9.96344,56.47906],[9.96323,56.47889],[9.96745,56.47752],[9.97533,56.4759],[9.98057,56.47542],[9.98051,56.47522],[9.98238,56.47501],[9.98642,56.47419],[9.99053,56.47296],[9.99265,56.47216],[10.00284,56.46649],[10.00802,56.46439],[10.00792,56.46427],[10.00648,56.46461],[10.00389,56.46555],[9.99527,56.47031],[9.99434,56.47048],[9.9921,56.47161],[9.99174,56.47187],[9.99188,56.47196],[9.99011,56.47275],[9.98906,56.4731],[9.98841,56.47304],[9.98567,56.4741],[9.98399,56.47449],[9.98388,56.4743],[9.97882,56.47505],[9.97885,56.47526],[9.9716,56.47632],[9.96787,56.47715],[9.96507,56.47798],[9.95866,56.48046],[9.95155,56.48346],[9.95123,56.48347],[9.93682,56.48965],[9.9335,56.49138],[9.92966,56.49394],[9.91755,56.50292],[9.91735,56.50285],[9.91477,56.50463],[9.91422,56.50516],[9.90445,56.51077],[9.89908,56.51296],[9.88797,56.51638],[9.88803,56.51647],[9.88637,56.5172],[9.85557,56.53898],[9.8553,56.53902],[9.85576,56.53922],[9.87981,56.52221],[9.88089,56.52142]]]},"properties":{"STRKAFS":244170,"NAVN":"Randers - Fårup","HOVER_NAME":"Randers - Fårup","TIB":"1024","BANENR":"71","FRA_KM":168.6,"TIL_KM":181.4,"FORKORTELSE":"Rd-Fp","BANENR_NAVN":"(Langå) - Aalborg","HVDSTRK_NAVN":"Aarhus H - Aalborg","DELSTRK_NAVN":"Langå - Hobro","BTRTYPETEKST":"Fri Bane","BANEKLASSETEKST":"Hovedbane"}},{"type":"Feature","id":367626,"geometry":{"type":"Polygon","coordinates":[[[9.85557,56.53914],[9.8553,56.53902],[9.85271,56.54103],[9.84451,56.54668],[9.83973,56.55019],[9.83937,56.55048],[9.83959,56.55056],[9.83641,56.55368],[9.83655,56.55372],[9.83858,56.55162],[9.83886,56.55155],[9.84049,56.55021],[9.84046,56.55004],[9.84168,56.54933],[9.84458,56.54718],[9.84624,56.54653],[9.84741,56.54577],[9.84886,56.54469],[9.8512,56.54257],[9.85574,56.53929],[9.85563,56.53916],[9.85557,56.53914]]]},"properties":{"STRKAFS":244183,"NAVN":"Fårup","HOVER_NAME":"Fårup","TIB":"1024","BANENR":"71","FRA_KM":181.4,"TIL_KM":183,"FORKORTELSE":"Fp","BANENR_NAVN":"(Langå) - Aalborg","HVDSTRK_NAVN":"Aarhus H - Aalborg","DELSTRK_NAVN":"Langå - Hobro","BTRTYPETEKST":"Teknisk Station","BANEKLASSETEKST":"Hovedbane"}},{"type":"Feature","id":367627,"geometry":{"type":"Polygon","coordinates":[[[9.77224,56.6318],[9.77142,56.63138],[9.77111,56.63148],[9.76529,56.62894],[9.76342,56.62834],[9.76136,56.62738],[9.75996,56.62697],[9.75866,56.62629],[9.75778,56.62602],[9.75707,56.62562],[9.75722,56.62553],[9.75473,56.62423],[9.75416,56.62415],[9.7536,56.62385],[9.75371,56.6237],[9.75218,56.62294],[9.75191,56.62306],[9.74841,56.62183],[9.73574,56.61666],[9.73453,56.61649],[9.7335,56.61583],[9.73122,56.61492],[9.72866,56.61362],[9.72847,56.61371],[9.72673,56.61254],[9.72581,56.61178],[9.72599,56.61165],[9.72461,56.61001],[9.72438,56.61003],[9.72338,56.60832],[9.72361,56.60811],[9.72342,56.60749],[9.72352,56.60727],[9.72346,56.60493],[9.72321,56.60493],[9.72321,56.60469],[9.72366,56.60299],[9.72398,56.60302],[9.72422,56.60228],[9.72389,56.60226],[9.72438,56.60079],[9.72467,56.60025],[9.72499,56.60028],[9.72645,56.59693],[9.72709,56.59599],[9.72855,56.59451],[9.73087,56.59268],[9.73109,56.59285],[9.73203,56.59218],[9.73185,56.59192],[9.73502,56.58942],[9.73891,56.58554],[9.73923,56.58563],[9.74012,56.58439],[9.74039,56.58447],[9.74084,56.58407],[9.74054,56.58398],[9.74106,56.58352],[9.74161,56.58333],[9.74218,56.58282],[9.74645,56.58006],[9.74617,56.57999],[9.74931,56.57786],[9.75034,56.577],[9.75065,56.57711],[9.7526,56.57597],[9.75475,56.57502],[9.75824,56.57396],[9.75818,56.57379],[9.76488,56.57234],[9.78376,56.56914],[9.78389,56.56935],[9.78683,56.56882],[9.78672,56.56862],[9.78911,56.56822],[9.78922,56.56841],[9.79847,56.5668],[9.79836,56.56659],[9.81886,56.56315],[9.82264,56.56232],[9.82793,56.56035],[9.83165,56.55824],[9.83387,56.55641],[9.83793,56.55206],[9.83959,56.55056],[9.83937,56.55048],[9.83827,56.55143],[9.83386,56.55615],[9.83199,56.55779],[9.83009,56.55905],[9.82761,56.56031],[9.82511,56.56131],[9.82286,56.562],[9.81633,56.56334],[9.79792,56.56648],[9.79725,56.56658],[9.79715,56.56641],[9.79691,56.56644],[9.78906,56.56778],[9.78099,56.56917],[9.77983,56.56943],[9.77962,56.56963],[9.7643,56.57225],[9.75889,56.57329],[9.75513,56.57433],[9.75294,56.57516],[9.75138,56.57598],[9.7486,56.57782],[9.748,56.57796],[9.74567,56.57983],[9.74548,56.57978],[9.74424,56.58057],[9.74304,56.58172],[9.74154,56.58265],[9.73761,56.58621],[9.73454,56.58934],[9.72796,56.59416],[9.72634,56.59574],[9.72538,56.5972],[9.72304,56.60327],[9.72263,56.6051],[9.72249,56.60728],[9.72268,56.60826],[9.72292,56.60828],[9.72323,56.60922],[9.72378,56.61018],[9.72602,56.61256],[9.72786,56.61383],[9.73125,56.61555],[9.73175,56.61562],[9.73378,56.6166],[9.73414,56.61652],[9.73454,56.61667],[9.74474,56.62077],[9.75025,56.62281],[9.75178,56.6236],[9.75344,56.62414],[9.75833,56.62674],[9.77022,56.63138],[9.77293,56.63292],[9.77442,56.63427],[9.77534,56.63574],[9.77594,56.63564],[9.77555,56.63476],[9.77475,56.63407],[9.77504,56.63397],[9.77332,56.63251],[9.77224,56.6318]]]},"properties":{"STRKAFS":244184,"NAVN":"Fårup - Hobro","HOVER_NAME":"Fårup - Hobro","TIB":"1024","BANENR":"71","FRA_KM":183,"TIL_KM":198,"FORKORTELSE":"Fp-Hb","BANENR_NAVN":"(Langå) - Aalborg","HVDSTRK_NAVN":"Aarhus H - Aalborg","DELSTRK_NAVN":"Langå - Hobro","BTRTYPETEKST":"Fri Bane","BANEKLASSETEKST":"Hovedbane"}},{"type":"Feature","id":367628,"geometry":{"type":"Polygon","coordinates":[[[9.78294,56.6471],[9.78324,56.64611],[9.78309,56.64376],[9.78288,56.64283],[9.7831,56.64277],[9.78259,56.64175],[9.78251,56.64084],[9.78205,56.6405],[9.78131,56.64033],[9.78039,56.63968],[9.77978,56.63979],[9.77906,56.63894],[9.77814,56.6383],[9.7778,56.63768],[9.7779,56.63708],[9.77716,56.63668],[9.77646,56.63693],[9.77651,56.6366],[9.77611,56.63582],[9.77594,56.63564],[9.77534,56.63574],[9.77609,56.63697],[9.77635,56.63773],[9.77729,56.63852],[9.77729,56.63873],[9.77847,56.63986],[9.77916,56.64036],[9.77942,56.64029],[9.7811,56.64199],[9.78136,56.64264],[9.78152,56.64404],[9.78135,56.64542],[9.78178,56.64602],[9.78172,56.64683],[9.78236,56.64681],[9.78226,56.64722],[9.78293,56.64725],[9.78294,56.6471]]]},"properties":{"STRKAFS":245000,"NAVN":"Hobro","HOVER_NAME":"Hobro","TIB":"1024","BANENR":"71","FRA_KM":198,"TIL_KM":199.4,"FORKORTELSE":"Hb","BANENR_NAVN":"(Langå) - Aalborg","HVDSTRK_NAVN":"Aarhus H - Aalborg","DELSTRK_NAVN":"Hobro","BTRTYPETEKST":"Station","BANEKLASSETEKST":"Hovedbane"}},{"type":"Feature","id":367629,"geometry":{"type":"Polygon","coordinates":[[[9.88085,56.81897],[9.88054,56.81815],[9.88023,56.81819],[9.87489,56.80319],[9.87469,56.80214],[9.87496,56.80214],[9.87496,56.80202],[9.8747,56.80151],[9.87442,56.79848],[9.87374,56.79628],[9.87252,56.79423],[9.86821,56.78872],[9.86684,56.78662],[9.86439,56.77992],[9.86412,56.77855],[9.86357,56.77758],[9.86389,56.77757],[9.86325,56.7757],[9.86244,56.77353],[9.8622,56.7734],[9.86207,56.77305],[9.8625,56.77299],[9.86264,56.77321],[9.86288,56.77316],[9.8619,56.77194],[9.86072,56.76965],[9.86048,56.76971],[9.85978,56.76871],[9.85861,56.76677],[9.85906,56.76671],[9.85847,56.76564],[9.85799,56.76568],[9.85715,56.76398],[9.85655,56.76168],[9.85652,56.76142],[9.85694,56.76139],[9.85625,56.75797],[9.8561,56.75798],[9.85585,56.75692],[9.85552,56.75668],[9.85435,56.75104],[9.85481,56.75096],[9.85463,56.75019],[9.85421,56.75021],[9.85303,56.7445],[9.85347,56.74446],[9.85293,56.74181],[9.85246,56.74182],[9.85207,56.73987],[9.8525,56.73986],[9.85227,56.73871],[9.85184,56.73871],[9.8513,56.73621],[9.85175,56.73619],[9.85153,56.73529],[9.85109,56.73534],[9.85099,56.73477],[9.8506,56.7341],[9.85092,56.73391],[9.85049,56.73294],[9.85014,56.73297],[9.84935,56.73116],[9.84965,56.73112],[9.84861,56.7287],[9.84831,56.72869],[9.84767,56.72725],[9.84793,56.72721],[9.84771,56.72667],[9.8474,56.7266],[9.8471,56.72594],[9.84739,56.7258],[9.84618,56.72303],[9.84586,56.72307],[9.84392,56.71858],[9.843,56.71639],[9.84328,56.71613],[9.84289,56.71524],[9.84255,56.71529],[9.84233,56.71481],[9.84262,56.71463],[9.84092,56.71069],[9.84037,56.7098],[9.84006,56.70985],[9.83979,56.70945],[9.84026,56.70935],[9.83959,56.70866],[9.83929,56.70866],[9.8372,56.70572],[9.83671,56.70417],[9.83693,56.70412],[9.83699,56.70193],[9.83682,56.70034],[9.83671,56.69999],[9.83623,56.69976],[9.83513,56.69776],[9.83549,56.69773],[9.83382,56.69514],[9.83349,56.69519],[9.83213,56.69303],[9.83018,56.69038],[9.83056,56.6903],[9.82857,56.68816],[9.82816,56.68815],[9.82567,56.68581],[9.82297,56.68386],[9.82032,56.68168],[9.8206,56.68157],[9.81946,56.68044],[9.81912,56.68052],[9.8168,56.67808],[9.81511,56.67553],[9.81538,56.67549],[9.81414,56.67295],[9.81389,56.67298],[9.81313,56.67147],[9.81308,56.67122],[9.81331,56.67119],[9.81219,56.66877],[9.81133,56.66756],[9.81106,56.66759],[9.81045,56.66695],[9.81066,56.66685],[9.80949,56.66586],[9.80691,56.66436],[9.80625,56.66431],[9.80615,56.66412],[9.80256,56.66292],[9.79372,56.66155],[9.79385,56.66135],[9.79232,56.66094],[9.79012,56.66006],[9.78988,56.66022],[9.7873,56.65857],[9.78434,56.65642],[9.7841,56.65578],[9.7836,56.65558],[9.783,56.6548],[9.7829,56.65457],[9.78326,56.6545],[9.78266,56.65369],[9.78192,56.65315],[9.78166,56.6518],[9.78235,56.6494],[9.7822,56.64926],[9.78267,56.6481],[9.78294,56.64779],[9.78293,56.64725],[9.78226,56.64722],[9.78196,56.64832],[9.78084,56.65088],[9.78081,56.65157],[9.78094,56.65269],[9.78135,56.65374],[9.78294,56.65601],[9.78324,56.65626],[9.78358,56.65631],[9.78533,56.65779],[9.78811,56.65966],[9.79092,56.66102],[9.79405,56.66193],[9.80072,56.66297],[9.80312,56.66355],[9.80724,56.66515],[9.80922,56.66644],[9.81033,56.66751],[9.81175,56.66969],[9.8142,56.67488],[9.81588,56.67756],[9.81962,56.68154],[9.82105,56.68285],[9.8254,56.68608],[9.82748,56.68792],[9.82947,56.69003],[9.83092,56.69187],[9.83527,56.69861],[9.83568,56.69941],[9.83602,56.70066],[9.83614,56.70361],[9.8367,56.70566],[9.83777,56.70741],[9.83934,56.7093],[9.84066,56.71184],[9.84155,56.71393],[9.84091,56.71401],[9.84283,56.71811],[9.84355,56.71852],[9.85069,56.73528],[9.8521,56.7419],[9.85208,56.74238],[9.85263,56.74435],[9.85285,56.7461],[9.85679,56.76407],[9.85836,56.76712],[9.85947,56.76877],[9.85937,56.7688],[9.8597,56.76947],[9.86102,56.77165],[9.86319,56.77764],[9.8632,56.77805],[9.86409,56.78037],[9.86545,56.78484],[9.86635,56.78677],[9.87251,56.79487],[9.87321,56.79605],[9.874,56.79824],[9.87427,56.80191],[9.87498,56.80509],[9.87575,56.80671],[9.87601,56.8079],[9.87754,56.81174],[9.87865,56.81519],[9.87982,56.81796],[9.8804,56.82007],[9.88127,56.82194],[9.8839,56.82927],[9.88395,56.82983],[9.8841,56.83016],[9.88476,56.83008],[9.88396,56.82844],[9.88322,56.82578],[9.883,56.82566],[9.88275,56.82511],[9.88103,56.82022],[9.88107,56.81998],[9.88058,56.819],[9.88085,56.81897]]]},"properties":{"STRKAFS":246200,"NAVN":"Hobro - Skørping","HOVER_NAME":"Hobro - Skørping","TIB":"1024","BANENR":"71","FRA_KM":199.4,"TIL_KM":221.4,"FORKORTELSE":"Hb-Sø","BANENR_NAVN":"(Langå) - Aalborg","HVDSTRK_NAVN":"Aarhus H - Aalborg","DELSTRK_NAVN":"Hobro - Aalborg","BTRTYPETEKST":"Fri Bane","BANEKLASSETEKST":"Hovedbane"}},{"type":"Feature","id":367630,"geometry":{"type":"Polygon","coordinates":[[[9.86103,56.7702],[9.86072,56.76965],[9.86048,56.76971],[9.85974,56.76862],[9.8594,56.76869],[9.86021,56.77033],[9.86103,56.7702]]]},"properties":{"STRKAFS":246215,"NAVN":"Arden","HOVER_NAME":"Arden","TIB":"1024","BANENR":"71","FRA_KM":214.363,"TIL_KM":214.55200000000002,"FORKORTELSE":"Ad","BANENR_NAVN":"(Langå) - Aalborg","HVDSTRK_NAVN":"Aarhus H - Aalborg","DELSTRK_NAVN":"Hobro - Aalborg","BTRTYPETEKST":"Trinbræt","BANEKLASSETEKST":"Hovedbane"}},{"type":"Feature","id":367631,"geometry":{"type":"Polygon","coordinates":[[[9.88506,56.83108],[9.88476,56.83008],[9.8841,56.83016],[9.88652,56.83484],[9.88745,56.83697],[9.88813,56.83905],[9.88825,56.84202],[9.88753,56.84445],[9.88716,56.84521],[9.88721,56.84547],[9.88693,56.8459],[9.88752,56.84595],[9.88865,56.84257],[9.88904,56.8406],[9.88894,56.83965],[9.88924,56.83907],[9.88898,56.83893],[9.88872,56.83761],[9.88837,56.83678],[9.88726,56.83503],[9.88706,56.83498],[9.88621,56.83327],[9.88609,56.83272],[9.88561,56.83208],[9.88506,56.83108]]]},"properties":{"STRKAFS":246221,"NAVN":"Skørping","HOVER_NAME":"Skørping","TIB":"1024","BANENR":"71","FRA_KM":221.4,"TIL_KM":223.20000000000002,"FORKORTELSE":"Sø","BANENR_NAVN":"(Langå) - Aalborg","HVDSTRK_NAVN":"Aarhus H - Aalborg","DELSTRK_NAVN":"Hobro - Aalborg","BTRTYPETEKST":"Station","BANEKLASSETEKST":"Hovedbane"}},{"type":"Feature","id":367632,"geometry":{"type":"Polygon","coordinates":[[[9.91191,57.0206],[9.9117,57.01926],[9.91128,57.01796],[9.91047,57.01648],[9.90954,57.01534],[9.90979,57.01527],[9.90952,57.01495],[9.90963,57.01492],[9.90749,57.01299],[9.90614,57.01211],[9.90586,57.01221],[9.90014,57.00894],[9.89972,57.00848],[9.89439,57.00586],[9.88297,56.99959],[9.88317,56.99944],[9.88014,56.99784],[9.87993,56.99799],[9.87948,56.99776],[9.87911,56.99751],[9.87938,56.99737],[9.87796,56.9966],[9.8777,56.99672],[9.87338,56.99434],[9.87363,56.9942],[9.8722,56.99343],[9.87195,56.99355],[9.86749,56.99098],[9.86515,56.98911],[9.86348,56.98727],[9.8638,56.98721],[9.86106,56.98286],[9.86077,56.98291],[9.85932,56.9807],[9.85967,56.98064],[9.8577,56.97729],[9.85717,56.97513],[9.85683,56.97512],[9.85651,56.97328],[9.85676,56.97329],[9.8566,56.97208],[9.85671,56.96905],[9.85697,56.96905],[9.85695,56.96876],[9.85649,56.96874],[9.85684,56.96771],[9.85796,56.96585],[9.85999,56.96337],[9.86052,56.96329],[9.86335,56.9607],[9.86309,56.9606],[9.8641,56.95968],[9.86447,56.95972],[9.86497,56.95926],[9.86615,56.95815],[9.86598,56.95807],[9.86725,56.95682],[9.86757,56.95692],[9.86874,56.95591],[9.86839,56.9558],[9.87198,56.95259],[9.87274,56.95231],[9.87353,56.95156],[9.87344,56.95129],[9.87594,56.94909],[9.87722,56.94672],[9.87761,56.94558],[9.87771,56.9446],[9.8776,56.94334],[9.87785,56.94301],[9.87768,56.94218],[9.87734,56.94218],[9.87619,56.93826],[9.87629,56.93825],[9.87519,56.93372],[9.87456,56.93334],[9.87388,56.93211],[9.87365,56.93209],[9.87312,56.93154],[9.87358,56.93161],[9.87189,56.92983],[9.87138,56.92995],[9.87052,56.92938],[9.87058,56.92922],[9.86851,56.92789],[9.86707,56.92669],[9.8599,56.9191],[9.86016,56.91901],[9.86012,56.91889],[9.85589,56.91434],[9.85563,56.91442],[9.85455,56.91326],[9.85481,56.91318],[9.85422,56.91262],[9.85398,56.91269],[9.85186,56.91047],[9.8508,56.90928],[9.8509,56.90894],[9.84915,56.90706],[9.84886,56.90719],[9.84764,56.90585],[9.84759,56.90566],[9.84781,56.90562],[9.84728,56.90507],[9.84693,56.90514],[9.84591,56.90399],[9.84627,56.90389],[9.84494,56.90213],[9.84459,56.90217],[9.84418,56.90128],[9.84442,56.90112],[9.84401,56.90019],[9.84367,56.90022],[9.84335,56.89929],[9.84373,56.89926],[9.84353,56.89807],[9.84312,56.89809],[9.84314,56.89684],[9.84366,56.89626],[9.84487,56.89138],[9.84445,56.89138],[9.84461,56.89065],[9.84483,56.89062],[9.84495,56.88916],[9.84531,56.8876],[9.8456,56.88762],[9.84854,56.8776],[9.84925,56.87637],[9.8501,56.87539],[9.84991,56.87521],[9.8523,56.87345],[9.85493,56.8723],[9.85793,56.87178],[9.85959,56.8711],[9.86402,56.86983],[9.87059,56.86827],[9.87562,56.86656],[9.87608,56.86642],[9.8763,56.86654],[9.88068,56.86373],[9.88087,56.86378],[9.88202,56.86304],[9.88186,56.86276],[9.88382,56.86147],[9.88489,56.8603],[9.88528,56.85964],[9.88582,56.85944],[9.88638,56.85824],[9.88641,56.85763],[9.88606,56.85766],[9.88618,56.85685],[9.88606,56.85589],[9.88644,56.85571],[9.88606,56.85313],[9.88585,56.85312],[9.88599,56.85267],[9.88602,56.85066],[9.88752,56.84595],[9.88693,56.8459],[9.88669,56.84636],[9.88673,56.84691],[9.88557,56.84924],[9.88325,56.85252],[9.88064,56.85518],[9.87776,56.85745],[9.87706,56.85772],[9.87683,56.85802],[9.87019,56.86208],[9.86848,56.86272],[9.86611,56.86454],[9.86552,56.86452],[9.86378,56.86544],[9.86383,56.86569],[9.86342,56.86593],[9.86281,56.866],[9.86244,56.86622],[9.86048,56.8678],[9.85879,56.86862],[9.85841,56.86865],[9.85738,56.86926],[9.85714,56.86915],[9.85591,56.86981],[9.85418,56.87148],[9.85221,56.87254],[9.85068,56.8737],[9.84859,56.87573],[9.84753,56.87758],[9.84594,56.88421],[9.84453,56.8891],[9.84424,56.88966],[9.84405,56.89109],[9.84386,56.89114],[9.84358,56.89204],[9.84343,56.89203],[9.84298,56.89356],[9.84252,56.89388],[9.84235,56.89442],[9.84252,56.8951],[9.84225,56.89597],[9.84265,56.89842],[9.84309,56.89974],[9.84303,56.89999],[9.84351,56.90083],[9.8436,56.90137],[9.84536,56.90384],[9.86742,56.92763],[9.86832,56.9284],[9.87223,56.93111],[9.87356,56.93249],[9.87412,56.93326],[9.87475,56.93474],[9.87722,56.94327],[9.87729,56.9448],[9.87681,56.9468],[9.87604,56.94819],[9.87499,56.94943],[9.85884,56.96407],[9.85751,56.9657],[9.85652,56.96734],[9.85596,56.96894],[9.85582,56.97076],[9.85545,56.97086],[9.85554,56.97321],[9.85587,56.97345],[9.85618,56.97344],[9.85661,56.97631],[9.85752,56.97849],[9.86349,56.98787],[9.86598,56.99031],[9.86799,56.9917],[9.88576,57.00155],[9.88402,57.00151],[9.88155,57.00244],[9.8817,57.00252],[9.88366,57.00173],[9.88429,57.00164],[9.88528,57.00164],[9.88641,57.0019],[9.89762,57.00794],[9.8974,57.00807],[9.89759,57.0082],[9.90268,57.01081],[9.90298,57.01082],[9.90531,57.01218],[9.90595,57.01274],[9.90671,57.01375],[9.90731,57.01357],[9.90811,57.01428],[9.90973,57.01605],[9.91073,57.01766],[9.91123,57.01887],[9.91146,57.02029],[9.91151,57.0241],[9.91186,57.02409],[9.91188,57.02086],[9.91191,57.0206]]]},"properties":{"STRKAFS":246224,"NAVN":"Skørping - Aalborg","HOVER_NAME":"Skørping - Aalborg","TIB":"1024","BANENR":"71","FRA_KM":223.20000000000002,"TIL_KM":246.20000000000002,"FORKORTELSE":"Sø-Ab","BANENR_NAVN":"(Langå) - Aalborg","HVDSTRK_NAVN":"Aarhus H - Aalborg","DELSTRK_NAVN":"Hobro - Aalborg","BTRTYPETEKST":"Fri Bane","BANEKLASSETEKST":"Hovedbane"}},{"type":"Feature","id":367633,"geometry":{"type":"Polygon","coordinates":[[[9.84456,56.89264],[9.84477,56.89179],[9.84368,56.89173],[9.84328,56.89254],[9.84386,56.89258],[9.84456,56.89264]]]},"properties":{"STRKAFS":246229,"NAVN":"Støvring","HOVER_NAME":"Støvring","TIB":"1024","BANENR":"71","FRA_KM":229.473,"TIL_KM":229.565,"FORKORTELSE":"Sr","BANENR_NAVN":"(Langå) - Aalborg","HVDSTRK_NAVN":"Aarhus H - Aalborg","DELSTRK_NAVN":"Hobro - Aalborg","BTRTYPETEKST":"Trinbræt","BANEKLASSETEKST":"Hovedbane"}},{"type":"Feature","id":367634,"geometry":{"type":"Polygon","coordinates":[[[9.8566,56.97208],[9.85661,56.97166],[9.85545,56.97169],[9.85549,56.9725],[9.85666,56.97246],[9.8566,56.97208]]]},"properties":{"STRKAFS":246239,"NAVN":"Svenstrup Jylland","HOVER_NAME":"Svenstrup Jylland","TIB":"1024","BANENR":"71","FRA_KM":239.187,"TIL_KM":239.27700000000002,"FORKORTELSE":"Sn","BANENR_NAVN":"(Langå) - Aalborg","HVDSTRK_NAVN":"Aarhus H - Aalborg","DELSTRK_NAVN":"Hobro - Aalborg","BTRTYPETEKST":"Trinbræt","BANEKLASSETEKST":"Hovedbane"}},{"type":"Feature","id":367635,"geometry":{"type":"Polygon","coordinates":[[[9.89793,57.00769],[9.8978,57.00762],[9.8974,57.00781],[9.89762,57.00794],[9.8974,57.00807],[9.89823,57.00852],[9.89895,57.00813],[9.8984,57.0079],[9.89793,57.00769]]]},"properties":{"STRKAFS":246245,"NAVN":"Skalborg","HOVER_NAME":"Skalborg","TIB":"1024","BANENR":"71","FRA_KM":244.091,"TIL_KM":244.184,"FORKORTELSE":"Og","BANENR_NAVN":"(Langå) - Aalborg","HVDSTRK_NAVN":"Aarhus H - Aalborg","DELSTRK_NAVN":"Hobro - Aalborg","BTRTYPETEKST":"Trinbræt","BANEKLASSETEKST":"Hovedbane"}},{"type":"Feature","id":367636,"geometry":{"type":"Polygon","coordinates":[[[9.918,57.03936],[9.91843,57.03925],[9.92059,57.04211],[9.92301,57.0417],[9.9242,57.04216],[9.92591,57.04106],[9.92903,57.04201],[9.92919,57.04188],[9.92603,57.0407],[9.9213,57.03996],[9.92557,57.04054],[9.92715,57.04101],[9.92731,57.04084],[9.9258,57.04033],[9.92303,57.03995],[9.92121,57.0399],[9.92082,57.03952],[9.91988,57.03955],[9.91977,57.03929],[9.91919,57.03893],[9.91847,57.03812],[9.91825,57.03751],[9.91881,57.03661],[9.92014,57.03607],[9.92329,57.03581],[9.92323,57.03565],[9.92121,57.03576],[9.91953,57.03604],[9.91853,57.03657],[9.91807,57.03701],[9.91772,57.03626],[9.9171,57.03572],[9.91501,57.03466],[9.91391,57.0333],[9.91361,57.03267],[9.91212,57.02573],[9.91205,57.0245],[9.91187,57.0245],[9.91186,57.02409],[9.91151,57.0241],[9.91231,57.03016],[9.91285,57.03322],[9.91345,57.03524],[9.91372,57.03523],[9.91414,57.03667],[9.91487,57.0366],[9.91638,57.03887],[9.91672,57.03964],[9.9167,57.04062],[9.91634,57.04239],[9.91536,57.0442],[9.91357,57.04635],[9.90967,57.0502],[9.90827,57.05264],[9.90774,57.05376],[9.90765,57.05444],[9.90784,57.05574],[9.90827,57.05658],[9.90913,57.05636],[9.90838,57.05524],[9.90831,57.05421],[9.90885,57.05253],[9.90965,57.05075],[9.91069,57.04943],[9.91249,57.0479],[9.91747,57.04307],[9.91823,57.04071],[9.91827,57.04012],[9.918,57.03936]]]},"properties":{"STRKAFS":247000,"NAVN":"Aalborg","HOVER_NAME":"Aalborg","TIB":"1024,1025","BANENR":"71","FRA_KM":246.20000000000002,"TIL_KM":250,"FORKORTELSE":"Ab","BANENR_NAVN":"(Langå) - Aalborg","HVDSTRK_NAVN":"Aarhus H - Aalborg","DELSTRK_NAVN":"Aalborg","BTRTYPETEKST":"Station","BANEKLASSETEKST":"Hovedbane"}},{"type":"Feature","id":367637,"geometry":{"type":"Polygon","coordinates":[[[9.9081,57.05385],[9.90845,57.05382],[9.9089,57.05243],[9.90839,57.05243],[9.90773,57.05383],[9.9081,57.05385]]]},"properties":{"STRKAFS":247249,"NAVN":"Aalborg Vestby","HOVER_NAME":"Aalborg Vestby","TIB":"1024,1025","BANENR":"71","FRA_KM":249.53500000000003,"TIL_KM":249.70000000000002,"FORKORTELSE":"Abv","BANENR_NAVN":"(Langå) - Aalborg","HVDSTRK_NAVN":"Aarhus H - Aalborg","DELSTRK_NAVN":"Aalborg","BTRTYPETEKST":"Trinbræt","BANEKLASSETEKST":"Hovedbane"}},{"type":"Feature","id":367638,"geometry":{"type":"Polygon","coordinates":[[[9.97153,57.06237],[9.97163,57.06186],[9.97185,57.06167],[9.9735,57.0608],[9.97337,57.0607],[9.97183,57.06143],[9.97129,57.06196],[9.97123,57.06221],[9.96798,57.05884],[9.96714,57.05773],[9.96613,57.05693],[9.96294,57.05483],[9.95787,57.05215],[9.95668,57.051],[9.95479,57.04997],[9.95183,57.04796],[9.94846,57.04688],[9.94751,57.04679],[9.93801,57.04702],[9.93697,57.04686],[9.93635,57.04658],[9.93586,57.04614],[9.93394,57.04353],[9.93265,57.04269],[9.93003,57.04209],[9.92592,57.04061],[9.9213,57.03996],[9.92603,57.0407],[9.93016,57.04224],[9.93256,57.04281],[9.93384,57.04369],[9.9364,57.04706],[9.92993,57.04821],[9.92997,57.04831],[9.93192,57.04798],[9.93094,57.04851],[9.92846,57.04907],[9.92858,57.0492],[9.92545,57.04975],[9.92384,57.05025],[9.92224,57.05089],[9.92115,57.05159],[9.9177,57.053],[9.9185,57.05283],[9.92224,57.05133],[9.92167,57.05144],[9.9223,57.05101],[9.92384,57.05038],[9.92566,57.04983],[9.92695,57.04964],[9.92593,57.04987],[9.926,57.04997],[9.92994,57.04899],[9.93285,57.04781],[9.93652,57.04717],[9.93713,57.048],[9.93596,57.04794],[9.93594,57.04806],[9.93722,57.04812],[9.93782,57.04857],[9.93406,57.04851],[9.93404,57.04862],[9.93994,57.049],[9.93997,57.0489],[9.93835,57.04863],[9.94133,57.04881],[9.93825,57.04825],[9.93734,57.04784],[9.93675,57.04718],[9.94294,57.04698],[9.94428,57.04714],[9.94597,57.04799],[9.94636,57.04835],[9.94677,57.04917],[9.94808,57.04998],[9.94829,57.05043],[9.94852,57.05042],[9.94838,57.05004],[9.95096,57.05125],[9.95143,57.05216],[9.95111,57.0523],[9.95655,57.05457],[9.95666,57.0545],[9.95189,57.05236],[9.95154,57.052],[9.95111,57.05114],[9.94746,57.0494],[9.94693,57.04901],[9.94651,57.04812],[9.94436,57.04703],[9.94691,57.04691],[9.94851,57.04703],[9.95113,57.04786],[9.95403,57.04977],[9.95677,57.05134],[9.95725,57.05219],[9.95687,57.05311],[9.95664,57.05442],[9.95673,57.05453],[9.95691,57.05454],[9.95757,57.05265],[9.95753,57.05216],[9.96256,57.05481],[9.96423,57.0558],[9.96524,57.05671],[9.9655,57.05674],[9.96678,57.05768],[9.96751,57.05887],[9.96805,57.05919],[9.9698,57.06101],[9.9707,57.06259],[9.97124,57.0632],[9.97145,57.06318],[9.97086,57.06247],[9.97051,57.06173],[9.97209,57.06343],[9.97234,57.06339],[9.97171,57.06268],[9.97153,57.06237]]]},"properties":{"STRKAFS":247901,"NAVN":"Aalborg Havn","HOVER_NAME":"Aalborg Havn","TIB":null,"BANENR":"71","FRA_KM":0,"TIL_KM":0,"FORKORTELSE":"Abh","BANENR_NAVN":"(Langå) - Aalborg","HVDSTRK_NAVN":"Aarhus H - Aalborg","DELSTRK_NAVN":"Aalborg","BTRTYPETEKST":"Teknisk Station","BANEKLASSETEKST":"Hovedbane"}},{"type":"Feature","id":367639,"geometry":{"type":"Polygon","coordinates":[[[9.91005,57.05767],[9.90923,57.05678],[9.90942,57.0567],[9.90913,57.05636],[9.90827,57.05658],[9.90854,57.05704],[9.90912,57.05691],[9.91222,57.06055],[9.9123,57.06106],[9.91214,57.06165],[9.91086,57.06299],[9.91151,57.06318],[9.91197,57.06281],[9.91186,57.0624],[9.9125,57.06146],[9.9126,57.06089],[9.91231,57.06026],[9.91074,57.05845],[9.91005,57.05767]]]},"properties":{"STRKAFS":252250,"NAVN":"Aalborg - Lindholm","HOVER_NAME":"Aalborg - Lindholm","TIB":"1025","BANENR":"25","FRA_KM":250,"TIL_KM":250.8,"FORKORTELSE":"Ab-Lih","BANENR_NAVN":"(Aalborg) - Frederikshavn","HVDSTRK_NAVN":"Aalborg - Frederikshavn","DELSTRK_NAVN":"Aalborg - Hjørring ","BTRTYPETEKST":"Fri Bane","BANEKLASSETEKST":"Regionalbane"}},{"type":"Feature","id":367640,"geometry":{"type":"Polygon","coordinates":[[[9.89693,57.0766],[9.89741,57.0747],[9.89839,57.07588],[9.89852,57.07585],[9.89817,57.07544],[9.89854,57.07557],[9.898,57.07522],[9.89748,57.0745],[9.89815,57.07271],[9.89906,57.07134],[9.89996,57.07038],[9.9019,57.06896],[9.90457,57.0674],[9.90473,57.06747],[9.90716,57.06587],[9.90858,57.06533],[9.90975,57.06427],[9.91151,57.06318],[9.91086,57.06299],[9.90454,57.06683],[9.9032,57.06687],[9.90249,57.06667],[9.89992,57.06496],[9.89973,57.06505],[9.90283,57.06694],[9.90455,57.06695],[9.90067,57.0693],[9.89941,57.0705],[9.8979,57.07232],[9.89665,57.07536],[9.8955,57.07645],[9.89576,57.07656],[9.89672,57.07573],[9.89619,57.07824],[9.89626,57.08013],[9.8966,57.08108],[9.89756,57.08279],[9.8983,57.08375],[9.89859,57.08371],[9.89757,57.08226],[9.89689,57.08066],[9.89657,57.07895],[9.89673,57.07739],[9.89693,57.0766]]]},"properties":{"STRKAFS":252251,"NAVN":"Lindholm","HOVER_NAME":"Lindholm","TIB":"1025,1052","BANENR":"25","FRA_KM":250.8,"TIL_KM":253.4,"FORKORTELSE":"Lih","BANENR_NAVN":"(Aalborg) - Frederikshavn","HVDSTRK_NAVN":"Aalborg - Frederikshavn","DELSTRK_NAVN":"Aalborg - Hjørring ","BTRTYPETEKST":"Station","BANEKLASSETEKST":"Regionalbane"}},{"type":"Feature","id":367641,"geometry":{"type":"Polygon","coordinates":[[[9.9482,57.14363],[9.94796,57.14288],[9.9476,57.14292],[9.94631,57.14032],[9.94513,57.13878],[9.9455,57.13876],[9.94429,57.13689],[9.94381,57.1367],[9.94155,57.13232],[9.93984,57.12964],[9.93733,57.12599],[9.93399,57.1218],[9.92778,57.11543],[9.92823,57.11537],[9.92542,57.1128],[9.9246,57.11224],[9.92449,57.11229],[9.9178,57.10554],[9.91815,57.10546],[9.91742,57.10472],[9.9171,57.10482],[9.91373,57.10142],[9.911,57.09824],[9.90468,57.09145],[9.90143,57.08762],[9.90055,57.08637],[9.90071,57.08598],[9.89957,57.08451],[9.89919,57.08455],[9.89859,57.08371],[9.8983,57.08375],[9.9019,57.08867],[9.90405,57.09108],[9.90398,57.0912],[9.90428,57.09155],[9.90459,57.09167],[9.91446,57.1026],[9.92273,57.11085],[9.92435,57.11258],[9.92403,57.11263],[9.92589,57.11455],[9.92642,57.11486],[9.92664,57.1148],[9.92933,57.11773],[9.93359,57.12188],[9.93419,57.12264],[9.93435,57.12328],[9.93466,57.12322],[9.93725,57.12655],[9.94118,57.13239],[9.94281,57.13562],[9.94508,57.13908],[9.94728,57.14284],[9.94771,57.14443],[9.94785,57.14625],[9.94738,57.15203],[9.94711,57.15362],[9.94717,57.15481],[9.94635,57.16401],[9.94675,57.16402],[9.94742,57.15478],[9.94765,57.1534],[9.94768,57.1516],[9.9481,57.15127],[9.94823,57.14964],[9.94788,57.14962],[9.94813,57.14547],[9.94849,57.14519],[9.94832,57.14401],[9.9482,57.14363]]]},"properties":{"STRKAFS":252254,"NAVN":"Lindholm - Sulsted","HOVER_NAME":"Lindholm - Sulsted","TIB":"1025","BANENR":"25","FRA_KM":253.4,"TIL_KM":263,"FORKORTELSE":"Lih-Su","BANENR_NAVN":"(Aalborg) - Frederikshavn","HVDSTRK_NAVN":"Aalborg - Frederikshavn","DELSTRK_NAVN":"Aalborg - Hjørring ","BTRTYPETEKST":"Fri Bane","BANEKLASSETEKST":"Regionalbane"}},{"type":"Feature","id":367642,"geometry":{"type":"Polygon","coordinates":[[[9.94672,57.16783],[9.94672,57.16744],[9.94646,57.16745],[9.94675,57.16402],[9.94635,57.16401],[9.94579,57.16909],[9.94528,57.17657],[9.9457,57.17658],[9.94612,57.17136],[9.94634,57.17132],[9.94674,57.16845],[9.94672,57.16783]]]},"properties":{"STRKAFS":252263,"NAVN":"Sulsted","HOVER_NAME":"Sulsted","TIB":"1025","BANENR":"25","FRA_KM":263,"TIL_KM":264.4,"FORKORTELSE":"Su","BANENR_NAVN":"(Aalborg) - Frederikshavn","HVDSTRK_NAVN":"Aalborg - Frederikshavn","DELSTRK_NAVN":"Aalborg - Hjørring ","BTRTYPETEKST":"Teknisk Station","BANEKLASSETEKST":"Regionalbane"}},{"type":"Feature","id":367643,"geometry":{"type":"Polygon","coordinates":[[[9.94717,57.25973],[9.94739,57.25847],[9.94758,57.25848],[9.94766,57.25831],[9.94764,57.25686],[9.94781,57.25674],[9.94796,57.25592],[9.9483,57.25562],[9.94911,57.25522],[9.95265,57.25494],[9.95262,57.25478],[9.9494,57.25502],[9.94781,57.25569],[9.94783,57.2542],[9.94819,57.25397],[9.94824,57.25285],[9.94786,57.25286],[9.94791,57.25251],[9.94827,57.25251],[9.94833,57.24908],[9.94806,57.24914],[9.94713,57.24252],[9.94666,57.24041],[9.94555,57.23349],[9.94514,57.22639],[9.94374,57.22029],[9.94347,57.21838],[9.9431,57.21847],[9.94307,57.2182],[9.94341,57.21807],[9.94314,57.21647],[9.94278,57.21651],[9.94266,57.21549],[9.94264,57.21326],[9.94317,57.20668],[9.94328,57.20599],[9.94361,57.20599],[9.94385,57.20291],[9.94347,57.20291],[9.94349,57.2024],[9.9439,57.20205],[9.94401,57.20086],[9.94366,57.20086],[9.94395,57.19691],[9.94411,57.19686],[9.9442,57.19619],[9.94444,57.19619],[9.94482,57.19089],[9.94451,57.19088],[9.94491,57.18601],[9.94525,57.18601],[9.94546,57.18302],[9.9455,57.18232],[9.94527,57.18235],[9.9457,57.17658],[9.94528,57.17657],[9.94405,57.19207],[9.94375,57.1942],[9.94364,57.19689],[9.94346,57.19707],[9.94358,57.19793],[9.94228,57.21437],[9.94282,57.21885],[9.94678,57.24325],[9.94655,57.24332],[9.94683,57.24357],[9.94769,57.24968],[9.94754,57.25392],[9.94691,57.25763],[9.94695,57.25846],[9.9467,57.26003],[9.94601,57.2631],[9.94462,57.26601],[9.94514,57.2661],[9.94576,57.26514],[9.94641,57.26335],[9.94707,57.26044],[9.94717,57.25973]]]},"properties":{"STRKAFS":252266,"NAVN":"Sulsted - Brønderslev","HOVER_NAME":"Sulsted - Brønderslev","TIB":"1025","BANENR":"25","FRA_KM":264.4,"TIL_KM":274.40000000000003,"FORKORTELSE":"Su-Bl","BANENR_NAVN":"(Aalborg) - Frederikshavn","HVDSTRK_NAVN":"Aalborg - Frederikshavn","DELSTRK_NAVN":"Aalborg - Hjørring ","BTRTYPETEKST":"Fri Bane","BANEKLASSETEKST":"Regionalbane"}},{"type":"Feature","id":367644,"geometry":{"type":"Polygon","coordinates":[[[9.93944,57.2755],[9.94091,57.2731],[9.94202,57.27208],[9.94294,57.27179],[9.94295,57.27162],[9.94337,57.27133],[9.94379,57.27061],[9.94335,57.26917],[9.94411,57.26758],[9.9443,57.26749],[9.94514,57.2661],[9.94462,57.26601],[9.94171,57.27082],[9.94152,57.27084],[9.94034,57.27236],[9.94007,57.27349],[9.93919,57.27472],[9.93841,57.27669],[9.93779,57.27986],[9.93816,57.27989],[9.93853,57.27793],[9.93922,57.27592],[9.93944,57.2755]]]},"properties":{"STRKAFS":252275,"NAVN":"Brønderslev","HOVER_NAME":"Brønderslev","TIB":"1025","BANENR":"25","FRA_KM":274.40000000000003,"TIL_KM":276,"FORKORTELSE":"Bl","BANENR_NAVN":"(Aalborg) - Frederikshavn","HVDSTRK_NAVN":"Aalborg - Frederikshavn","DELSTRK_NAVN":"Aalborg - Hjørring ","BTRTYPETEKST":"Station","BANEKLASSETEKST":"Regionalbane"}},{"type":"Feature","id":367645,"geometry":{"type":"Polygon","coordinates":[[[9.93837,57.35057],[9.93534,57.34784],[9.93501,57.34794],[9.9345,57.3475],[9.93289,57.34592],[9.93301,57.34587],[9.93167,57.34421],[9.93096,57.34301],[9.9272,57.33511],[9.92745,57.33478],[9.92671,57.33109],[9.92635,57.3311],[9.92628,57.33046],[9.92665,57.33044],[9.92667,57.33],[9.92663,57.32464],[9.92625,57.32465],[9.92627,57.32012],[9.92662,57.32008],[9.92664,57.31796],[9.92662,57.31782],[9.92634,57.31789],[9.92633,57.31761],[9.92664,57.31755],[9.92663,57.31581],[9.92627,57.31582],[9.92626,57.31559],[9.92664,57.31535],[9.92675,57.3137],[9.92631,57.31232],[9.92629,57.31168],[9.92644,57.30723],[9.9263,57.30561],[9.92666,57.3056],[9.92676,57.30086],[9.92639,57.30086],[9.92648,57.30032],[9.92689,57.30034],[9.92705,57.29942],[9.92669,57.29935],[9.92756,57.29793],[9.92748,57.29775],[9.92772,57.29731],[9.92798,57.29691],[9.9283,57.29693],[9.93392,57.28807],[9.9343,57.28793],[9.93407,57.28775],[9.93528,57.28593],[9.93492,57.28589],[9.93755,57.28164],[9.93816,57.27989],[9.93779,57.27986],[9.93658,57.28279],[9.92757,57.29695],[9.9269,57.29767],[9.92645,57.29863],[9.92642,57.29932],[9.92602,57.30082],[9.92594,57.30211],[9.92601,57.30654],[9.92581,57.30756],[9.926,57.31123],[9.926,57.32598],[9.92594,57.33027],[9.92569,57.33047],[9.92633,57.33337],[9.92707,57.33565],[9.92858,57.33902],[9.9302,57.34215],[9.9301,57.34218],[9.93133,57.34439],[9.93269,57.34614],[9.93732,57.35041],[9.93814,57.35113],[9.93876,57.35093],[9.93837,57.35057]]]},"properties":{"STRKAFS":252278,"NAVN":"Brønderslev - Vrå","HOVER_NAME":"Brønderslev - Vrå","TIB":"1025","BANENR":"25","FRA_KM":276,"TIL_KM":284.2,"FORKORTELSE":"Bl-Vr","BANENR_NAVN":"(Aalborg) - Frederikshavn","HVDSTRK_NAVN":"Aalborg - Frederikshavn","DELSTRK_NAVN":"Aalborg - Hjørring ","BTRTYPETEKST":"Fri Bane","BANEKLASSETEKST":"Regionalbane"}},{"type":"Feature","id":367646,"geometry":{"type":"Polygon","coordinates":[[[9.94678,57.36397],[9.9466,57.36328],[9.94623,57.36329],[9.94611,57.36282],[9.94638,57.3628],[9.94631,57.36192],[9.94561,57.35846],[9.94385,57.35574],[9.94347,57.35585],[9.94258,57.35464],[9.94177,57.35411],[9.94056,57.35303],[9.94011,57.35242],[9.9398,57.35236],[9.93855,57.35115],[9.93887,57.35105],[9.93876,57.35093],[9.93814,57.35113],[9.94146,57.35417],[9.94269,57.35548],[9.94384,57.35702],[9.9444,57.35794],[9.94453,57.35867],[9.94511,57.35991],[9.9463,57.36458],[9.94695,57.36453],[9.94684,57.36417],[9.94678,57.36397]]]},"properties":{"STRKAFS":252285,"NAVN":"Vrå","HOVER_NAME":"Vrå","TIB":"1025","BANENR":"25","FRA_KM":284.2,"TIL_KM":285.8,"FORKORTELSE":"Vr","BANENR_NAVN":"(Aalborg) - Frederikshavn","HVDSTRK_NAVN":"Aalborg - Frederikshavn","DELSTRK_NAVN":"Aalborg - Hjørring ","BTRTYPETEKST":"Station","BANEKLASSETEKST":"Regionalbane"}},{"type":"Feature","id":367647,"geometry":{"type":"Polygon","coordinates":[[[9.9738,57.43678],[9.96882,57.42986],[9.96864,57.42917],[9.96811,57.42928],[9.96791,57.42898],[9.96822,57.42897],[9.96621,57.42611],[9.96588,57.42617],[9.9646,57.42442],[9.9638,57.42249],[9.96306,57.42205],[9.96236,57.42121],[9.96142,57.4199],[9.96166,57.41967],[9.96091,57.41852],[9.96058,57.41858],[9.96007,57.41768],[9.96035,57.41752],[9.95963,57.41551],[9.95861,57.41154],[9.9581,57.41091],[9.95675,57.4055],[9.9568,57.40525],[9.95504,57.39864],[9.95539,57.39857],[9.95508,57.39715],[9.95457,57.39528],[9.95419,57.3953],[9.95399,57.39444],[9.95433,57.3944],[9.95417,57.39361],[9.95382,57.3923],[9.95343,57.39232],[9.95304,57.3903],[9.95304,57.3894],[9.95263,57.38875],[9.95222,57.38723],[9.95258,57.3872],[9.95176,57.38396],[9.95147,57.38401],[9.95118,57.3827],[9.95126,57.38249],[9.95111,57.38237],[9.95069,57.38041],[9.95085,57.38036],[9.95046,57.37995],[9.95016,57.37905],[9.95007,57.37829],[9.95038,57.37816],[9.95021,57.37749],[9.94973,57.37589],[9.94944,57.37579],[9.94774,57.36926],[9.9481,57.36924],[9.94778,57.36789],[9.94737,57.3679],[9.94727,57.36734],[9.94767,57.36731],[9.94732,57.36582],[9.94695,57.36453],[9.9463,57.36458],[9.94759,57.36968],[9.94828,57.3731],[9.95002,57.37971],[9.95003,57.38028],[9.95062,57.38189],[9.95262,57.39045],[9.95571,57.40242],[9.9552,57.40288],[9.95641,57.40734],[9.95689,57.40735],[9.95779,57.41126],[9.95925,57.41651],[9.96059,57.41915],[9.9631,57.42292],[9.96569,57.42631],[9.97494,57.43946],[9.97566,57.44126],[9.97576,57.4427],[9.97591,57.44299],[9.97594,57.44471],[9.97561,57.44623],[9.97583,57.44669],[9.97585,57.44739],[9.97544,57.44831],[9.97543,57.44871],[9.97639,57.44872],[9.97618,57.44719],[9.97643,57.44635],[9.97624,57.44489],[9.97627,57.44285],[9.97655,57.44284],[9.97636,57.44137],[9.97602,57.44049],[9.97644,57.4403],[9.9758,57.43984],[9.97449,57.43774],[9.97433,57.43706],[9.97364,57.43706],[9.97347,57.43679],[9.9738,57.43678]]]},"properties":{"STRKAFS":252286,"NAVN":"Vrå - Hjørring","HOVER_NAME":"Vrå - Hjørring","TIB":"1025","BANENR":"25","FRA_KM":285.8,"TIL_KM":295.40000000000003,"FORKORTELSE":"Vr-Hj","BANENR_NAVN":"(Aalborg) - Frederikshavn","HVDSTRK_NAVN":"Aalborg - Frederikshavn","DELSTRK_NAVN":"Aalborg - Hjørring ","BTRTYPETEKST":"Fri Bane","BANEKLASSETEKST":"Regionalbane"}},{"type":"Feature","id":367648,"geometry":{"type":"Polygon","coordinates":[[[9.98797,57.45652],[9.99244,57.45627],[9.99883,57.45561],[9.99875,57.45539],[9.99393,57.45591],[9.98923,57.45609],[9.98839,57.45592],[9.98754,57.45593],[9.98738,57.45606],[9.98389,57.45601],[9.98041,57.45552],[9.97825,57.45459],[9.97701,57.45345],[9.97656,57.45235],[9.97639,57.44872],[9.97543,57.44871],[9.9758,57.44959],[9.97587,57.45224],[9.97604,57.45286],[9.97652,57.45371],[9.9779,57.45488],[9.9783,57.45503],[9.9781,57.45519],[9.98037,57.45599],[9.98374,57.45665],[9.98693,57.45676],[9.98714,57.45655],[9.98797,57.45652]]]},"properties":{"STRKAFS":253000,"NAVN":"Hjørring","HOVER_NAME":"Hjørring","TIB":"668,1025","BANENR":"25","FRA_KM":295.40000000000003,"TIL_KM":297.40000000000003,"FORKORTELSE":"Hj","BANENR_NAVN":"(Aalborg) - Frederikshavn","HVDSTRK_NAVN":"Aalborg - Frederikshavn","DELSTRK_NAVN":"Hjørring","BTRTYPETEKST":"Station","BANEKLASSETEKST":"Regionalbane"}},{"type":"Feature","id":367649,"geometry":{"type":"Polygon","coordinates":[[[10.19156,57.46677],[10.1902,57.46629],[10.18998,57.46649],[10.18897,57.46606],[10.18928,57.46597],[10.18786,57.46547],[10.18765,57.46564],[10.18539,57.46486],[10.18521,57.46458],[10.18389,57.46411],[10.18315,57.46409],[10.17815,57.46224],[10.17628,57.46175],[10.1761,57.46142],[10.17471,57.46106],[10.17456,57.46122],[10.17277,57.46077],[10.17234,57.46036],[10.16761,57.45946],[10.16744,57.45906],[10.16726,57.45901],[10.16618,57.45904],[10.16149,57.45788],[10.16139,57.45764],[10.16064,57.45738],[10.15723,57.45677],[10.15718,57.45657],[10.15621,57.45633],[10.15604,57.4565],[10.15342,57.45579],[10.1535,57.45556],[10.15108,57.45498],[10.14838,57.45444],[10.14833,57.45461],[10.14578,57.45424],[10.14537,57.45396],[10.13844,57.45299],[10.13777,57.4529],[10.13768,57.45309],[10.13609,57.45289],[10.13306,57.45239],[10.13315,57.45219],[10.13083,57.45187],[10.13077,57.45203],[10.12915,57.45192],[10.12952,57.45176],[10.12862,57.45166],[10.12351,57.4516],[10.11941,57.45181],[10.11945,57.45201],[10.11235,57.45216],[10.11241,57.45235],[10.10506,57.45308],[10.10477,57.45291],[10.1011,57.45331],[10.10116,57.4535],[10.09572,57.45409],[10.09532,57.45391],[10.08095,57.45534],[10.081,57.45553],[10.07243,57.45544],[10.07203,57.45521],[10.05747,57.45498],[10.05752,57.45515],[10.05621,57.45516],[10.04891,57.45484],[10.03467,57.45451],[10.03367,57.45425],[10.03274,57.45363],[10.03141,57.45174],[10.03243,57.45245],[10.03323,57.45355],[10.03367,57.45345],[10.033,57.45249],[10.03138,57.45151],[10.0303,57.44995],[10.03008,57.45001],[10.03248,57.45365],[10.03318,57.4542],[10.03439,57.45454],[10.03106,57.4547],[10.01442,57.45425],[10.00834,57.45449],[10.00823,57.45425],[10.00161,57.45494],[10.00166,57.45511],[9.99875,57.45539],[9.99883,57.45561],[10.00032,57.45547],[10.00037,57.45558],[10.00243,57.45536],[10.00235,57.45524],[10.00865,57.45474],[10.00868,57.45462],[10.01442,57.45447],[10.01991,57.4547],[10.04529,57.45503],[10.05755,57.45536],[10.05757,57.45554],[10.07193,57.4558],[10.07256,57.4556],[10.08076,57.4557],[10.0808,57.45589],[10.08491,57.45561],[10.09329,57.45469],[10.09319,57.4545],[10.09526,57.45428],[10.0953,57.45447],[10.09604,57.45439],[10.09599,57.4542],[10.10125,57.45366],[10.10134,57.45382],[10.10524,57.45341],[10.10534,57.45324],[10.10877,57.45284],[10.10882,57.45302],[10.11518,57.45255],[10.11517,57.45234],[10.11946,57.45215],[10.11949,57.45233],[10.12545,57.45212],[10.12844,57.45226],[10.12884,57.45211],[10.1299,57.45223],[10.12986,57.45251],[10.13585,57.45319],[10.13593,57.45301],[10.13658,57.4531],[10.13651,57.45328],[10.14485,57.45453],[10.14617,57.45444],[10.14839,57.45479],[10.14824,57.45496],[10.15281,57.45606],[10.15302,57.45592],[10.15388,57.4563],[10.15531,57.45649],[10.15517,57.45666],[10.15713,57.4572],[10.15727,57.45702],[10.1586,57.45739],[10.1586,57.45756],[10.15958,57.45788],[10.16125,57.45823],[10.16213,57.45819],[10.16625,57.4593],[10.16613,57.45944],[10.16675,57.45963],[10.1702,57.46053],[10.17038,57.46037],[10.1714,57.46059],[10.17114,57.46071],[10.17402,57.46128],[10.17431,57.46159],[10.17576,57.46199],[10.17643,57.46199],[10.17824,57.4626],[10.17806,57.46276],[10.179,57.46309],[10.18052,57.46335],[10.18464,57.4648],[10.18447,57.46495],[10.18769,57.46611],[10.1883,57.46608],[10.18962,57.46654],[10.18943,57.4667],[10.191,57.46726],[10.19157,57.46679],[10.19156,57.46677]]]},"properties":{"STRKAFS":254298,"NAVN":"Hjørring - Sindal","HOVER_NAME":"Hjørring - Sindal","TIB":"1025","BANENR":"25","FRA_KM":297.40000000000003,"TIL_KM":309.40000000000003,"FORKORTELSE":"Hj-Sa","BANENR_NAVN":"(Aalborg) - Frederikshavn","HVDSTRK_NAVN":"Aalborg - Frederikshavn","DELSTRK_NAVN":"Hjørring - Frederikshavn","BTRTYPETEKST":"Fri Bane","BANEKLASSETEKST":"Regionalbane"}},{"type":"Feature","id":367650,"geometry":{"type":"Polygon","coordinates":[[[10.00627,57.45485],[10.00698,57.45488],[10.00683,57.45442],[10.00486,57.45461],[10.00499,57.45498],[10.00627,57.45485]]]},"properties":{"STRKAFS":254299,"NAVN":"Hjørring Øst","HOVER_NAME":"Hjørring Øst","TIB":"1025","BANENR":"25","FRA_KM":297.776,"TIL_KM":297.896,"FORKORTELSE":"Hjø","BANENR_NAVN":"(Aalborg) - Frederikshavn","HVDSTRK_NAVN":"Aalborg - Frederikshavn","DELSTRK_NAVN":"Hjørring - Frederikshavn","BTRTYPETEKST":"Trinbræt","BANEKLASSETEKST":"Regionalbane"}},{"type":"Feature","id":367651,"geometry":{"type":"Polygon","coordinates":[[[9.29591,55.43565],[9.29706,55.43597],[9.29819,55.43605],[9.31136,55.43456],[9.31126,55.43433],[9.29849,55.43592],[9.29765,55.43592],[9.29652,55.43568],[9.29597,55.43541],[9.29333,55.43336],[9.29053,55.43093],[9.29221,55.43156],[9.29291,55.43207],[9.29417,55.43257],[9.29497,55.43311],[9.29516,55.43303],[9.29494,55.43284],[9.29449,55.43252],[9.29324,55.43206],[9.29147,55.43073],[9.29127,55.43081],[9.29185,55.43124],[9.29046,55.4307],[9.28936,55.42995],[9.288,55.42872],[9.28971,55.42889],[9.29161,55.42866],[9.29478,55.42733],[9.29537,55.42668],[9.29595,55.42633],[9.2984,55.42532],[9.29985,55.42517],[9.30112,55.42555],[9.30393,55.42789],[9.30411,55.42829],[9.30404,55.42883],[9.30388,55.42914],[9.30336,55.42952],[9.30239,55.42995],[9.30286,55.42991],[9.30411,55.42921],[9.30441,55.42838],[9.30425,55.42781],[9.30119,55.42539],[9.3001,55.42505],[9.29901,55.42505],[9.30342,55.42324],[9.30325,55.42309],[9.29625,55.42603],[9.29519,55.42659],[9.29444,55.42736],[9.29171,55.4285],[9.28912,55.42877],[9.28821,55.42865],[9.28572,55.42699],[9.28172,55.42385],[9.2816,55.42358],[9.28002,55.4222],[9.27924,55.42112],[9.27859,55.41999],[9.27839,55.41895],[9.27784,55.41901],[9.27833,55.42045],[9.27885,55.42142],[9.28044,55.42334],[9.28754,55.42909],[9.28733,55.42916],[9.28762,55.4294],[9.28746,55.42945],[9.2886,55.43049],[9.29033,55.4315],[9.29503,55.43543],[9.29526,55.43536],[9.29673,55.43711],[9.29688,55.43708],[9.29586,55.43588],[9.29609,55.43582],[9.29591,55.43565]]]},"properties":{"STRKAFS":264039,"NAVN":"Vamdrup","HOVER_NAME":"Vamdrup","TIB":"26","BANENR":"98","FRA_KM":37.843,"TIL_KM":39.980000000000004,"FORKORTELSE":"Vm","BANENR_NAVN":"(Lunderskov) - Tinglev","HVDSTRK_NAVN":"Fredericia - Padborg","DELSTRK_NAVN":"Lunderskov - Vojens","BTRTYPETEKST":"Station","BANEKLASSETEKST":"Hovedbane"}},{"type":"Feature","id":367652,"geometry":{"type":"Polygon","coordinates":[[[9.27836,55.41875],[9.27832,55.41855],[9.27803,55.41858],[9.27794,55.41831],[9.27782,55.41784],[9.27792,55.41762],[9.2773,55.41596],[9.27673,55.41322],[9.27643,55.41286],[9.27591,55.41139],[9.27172,55.39701],[9.27127,55.39567],[9.27085,55.3957],[9.27552,55.41124],[9.27588,55.41285],[9.2757,55.4134],[9.27593,55.41341],[9.27784,55.41901],[9.27839,55.41895],[9.27836,55.41875]]]},"properties":{"STRKAFS":264040,"NAVN":"Vamdrup - Farris","HOVER_NAME":"Vamdrup - Farris","TIB":"26","BANENR":"98","FRA_KM":39.980000000000004,"TIL_KM":42.612,"FORKORTELSE":"Vm-Fz","BANENR_NAVN":"(Lunderskov) - Tinglev","HVDSTRK_NAVN":"Fredericia - Padborg","DELSTRK_NAVN":"Lunderskov - Vojens","BTRTYPETEKST":"Fri Bane","BANEKLASSETEKST":"Hovedbane"}},{"type":"Feature","id":367653,"geometry":{"type":"Polygon","coordinates":[[[9.27089,55.37997],[9.27075,55.37997],[9.27014,55.38461],[9.26989,55.38464],[9.27001,55.38494],[9.26977,55.38523],[9.27001,55.38576],[9.26958,55.38986],[9.26987,55.39238],[9.27085,55.3957],[9.27127,55.39567],[9.27024,55.39209],[9.27004,55.39031],[9.27005,55.38985],[9.27033,55.38984],[9.27062,55.38717],[9.2705,55.3867],[9.27076,55.38439],[9.27062,55.38363],[9.27115,55.37998],[9.27095,55.37998],[9.27089,55.37997]]]},"properties":{"STRKAFS":264043,"NAVN":"Farris","HOVER_NAME":"Farris","TIB":"26","BANENR":"98","FRA_KM":42.612,"TIL_KM":44.372,"FORKORTELSE":"Fz","BANENR_NAVN":"(Lunderskov) - Tinglev","HVDSTRK_NAVN":"Fredericia - Padborg","DELSTRK_NAVN":"Lunderskov - Vojens","BTRTYPETEKST":"Teknisk Station","BANEKLASSETEKST":"Hovedbane"}},{"type":"Feature","id":367654,"geometry":{"type":"Polygon","coordinates":[[[9.27201,55.37284],[9.272,55.37246],[9.27232,55.37246],[9.27245,55.37127],[9.27219,55.37127],[9.27327,55.36217],[9.27358,55.36217],[9.27363,55.36161],[9.27336,55.3616],[9.27391,55.3579],[9.27398,55.35627],[9.27423,55.35445],[9.2745,55.35444],[9.27482,55.35235],[9.2745,55.35237],[9.27513,55.34717],[9.27561,55.34696],[9.27544,55.34679],[9.27594,55.34298],[9.27611,55.34296],[9.27686,55.34012],[9.27869,55.33593],[9.27839,55.33598],[9.27917,55.33405],[9.27951,55.33402],[9.27992,55.33304],[9.27986,55.33286],[9.28021,55.33186],[9.27997,55.33189],[9.28012,55.33148],[9.28095,55.32952],[9.28123,55.32956],[9.28197,55.32797],[9.28226,55.32715],[9.28195,55.32709],[9.28287,55.32495],[9.28252,55.32491],[9.27883,55.33346],[9.27628,55.3397],[9.27526,55.34309],[9.27487,55.34619],[9.27474,55.34618],[9.27481,55.34664],[9.27422,55.35175],[9.27075,55.37997],[9.27115,55.37998],[9.27125,55.37888],[9.27156,55.37886],[9.27173,55.3775],[9.27171,55.37697],[9.27151,55.37696],[9.27193,55.37355],[9.27201,55.37284]]]},"properties":{"STRKAFS":264046,"NAVN":"Farris - Sommersted","HOVER_NAME":"Farris - Sommersted","TIB":"26","BANENR":"98","FRA_KM":44.372,"TIL_KM":50.563,"FORKORTELSE":"Fz-Sst","BANENR_NAVN":"(Lunderskov) - Tinglev","HVDSTRK_NAVN":"Fredericia - Padborg","DELSTRK_NAVN":"Lunderskov - Vojens","BTRTYPETEKST":"Fri Bane","BANEKLASSETEKST":"Hovedbane"}},{"type":"Feature","id":367655,"geometry":{"type":"Polygon","coordinates":[[[9.28652,55.31634],[9.28759,55.31406],[9.28736,55.31403],[9.28763,55.3133],[9.28793,55.31334],[9.28948,55.30968],[9.28884,55.3096],[9.28702,55.31404],[9.28652,55.31413],[9.28633,55.31454],[9.28577,55.31591],[9.2858,55.31616],[9.28494,55.31818],[9.28472,55.31837],[9.28499,55.3186],[9.28489,55.31894],[9.28429,55.32004],[9.28252,55.32491],[9.28287,55.32495],[9.28615,55.31713],[9.28652,55.31634]]]},"properties":{"STRKAFS":264051,"NAVN":"Sommersted","HOVER_NAME":"Sommersted","TIB":"26","BANENR":"98","FRA_KM":50.563,"TIL_KM":52.315000000000005,"FORKORTELSE":"Sst","BANENR_NAVN":"(Lunderskov) - Tinglev","HVDSTRK_NAVN":"Fredericia - Padborg","DELSTRK_NAVN":"Lunderskov - Vojens","BTRTYPETEKST":"Teknisk Station","BANEKLASSETEKST":"Hovedbane"}},{"type":"Feature","id":367656,"geometry":{"type":"Polygon","coordinates":[[[9.29091,55.30556],[9.29128,55.30465],[9.29145,55.3048],[9.29192,55.30373],[9.29169,55.30369],[9.29259,55.30142],[9.29286,55.30145],[9.29402,55.29879],[9.29408,55.29845],[9.29381,55.29842],[9.2947,55.29651],[9.29581,55.2934],[9.29959,55.27619],[9.30031,55.27605],[9.29996,55.27533],[9.29975,55.27535],[9.30012,55.27375],[9.30041,55.27371],[9.30072,55.27217],[9.30075,55.27143],[9.30059,55.2714],[9.30124,55.26893],[9.30145,55.2689],[9.30179,55.2676],[9.30244,55.26446],[9.30218,55.26452],[9.30238,55.26357],[9.30198,55.26355],[9.29944,55.27541],[9.29918,55.27546],[9.2989,55.27658],[9.29919,55.27664],[9.29916,55.27684],[9.2991,55.27706],[9.29864,55.277],[9.29896,55.27742],[9.29878,55.27844],[9.29541,55.29354],[9.28884,55.3096],[9.28948,55.30968],[9.29028,55.30758],[9.29012,55.30742],[9.29091,55.30556]]]},"properties":{"STRKAFS":264054,"NAVN":"Sommersted - Vojens","HOVER_NAME":"Sommersted - Vojens","TIB":"26","BANENR":"98","FRA_KM":52.315000000000005,"TIL_KM":57.52,"FORKORTELSE":"Sst-Oj","BANENR_NAVN":"(Lunderskov) - Tinglev","HVDSTRK_NAVN":"Fredericia - Padborg","DELSTRK_NAVN":"Lunderskov - Vojens","BTRTYPETEKST":"Fri Bane","BANEKLASSETEKST":"Hovedbane"}},{"type":"Feature","id":367657,"geometry":{"type":"Polygon","coordinates":[[[9.30467,55.25326],[9.30473,55.25287],[9.30555,55.25299],[9.30707,55.25435],[9.30878,55.2552],[9.30888,55.25508],[9.30769,55.25454],[9.30669,55.25384],[9.30592,55.25309],[9.30537,55.25218],[9.30523,55.25173],[9.30539,55.2504],[9.30595,55.2491],[9.30571,55.24903],[9.30575,55.24851],[9.30557,55.24851],[9.30564,55.24759],[9.30526,55.24731],[9.30546,55.2454],[9.30508,55.24272],[9.30432,55.24099],[9.30398,55.24105],[9.30314,55.24043],[9.29885,55.23977],[9.29881,55.23989],[9.30288,55.24048],[9.30367,55.24091],[9.30414,55.24166],[9.30263,55.24114],[9.29878,55.24058],[9.29873,55.24074],[9.30271,55.24127],[9.30399,55.24174],[9.30448,55.24252],[9.30475,55.24389],[9.30477,55.24465],[9.30447,55.24476],[9.30333,55.24406],[9.29005,55.24229],[9.28906,55.24231],[9.28105,55.24349],[9.2784,55.24341],[9.26747,55.24216],[9.26641,55.2415],[9.26629,55.24117],[9.26641,55.23962],[9.26613,55.2396],[9.26602,55.24116],[9.2663,55.24174],[9.26718,55.24222],[9.2629,55.24171],[9.26142,55.24102],[9.26113,55.24067],[9.26098,55.23991],[9.26138,55.23925],[9.26342,55.23787],[9.26552,55.23764],[9.26553,55.23751],[9.26435,55.23756],[9.26318,55.23781],[9.26365,55.23694],[9.26429,55.23641],[9.26513,55.23605],[9.26651,55.23585],[9.28067,55.23523],[9.26561,55.23583],[9.26471,55.23606],[9.26381,55.23659],[9.26324,55.23716],[9.26265,55.23817],[9.26132,55.23904],[9.26098,55.23942],[9.26109,55.23649],[9.26091,55.23647],[9.26079,55.23708],[9.26066,55.23707],[9.26066,55.2361],[9.26046,55.23609],[9.26039,55.23669],[9.26064,55.23746],[9.26081,55.23904],[9.26081,55.24055],[9.26111,55.24097],[9.26187,55.24152],[9.26312,55.24189],[9.28018,55.24366],[9.28919,55.24239],[9.2902,55.24237],[9.3024,55.24401],[9.30375,55.24438],[9.30432,55.24481],[9.30487,55.24626],[9.30484,55.2468],[9.3044,55.24948],[9.30376,55.24953],[9.30375,55.25092],[9.3039,55.25103],[9.30376,55.25409],[9.30302,55.25876],[9.30198,55.26355],[9.30238,55.26357],[9.30447,55.25427],[9.30467,55.25326]]]},"properties":{"STRKAFS":265000,"NAVN":"Vojens","HOVER_NAME":"Vojens","TIB":"26","BANENR":"98","FRA_KM":57.52,"TIL_KM":60.024,"FORKORTELSE":"Oj","BANENR_NAVN":"(Lunderskov) - Tinglev","HVDSTRK_NAVN":"Fredericia - Padborg","DELSTRK_NAVN":"Vojens","BTRTYPETEKST":"Station","BANEKLASSETEKST":"Hovedbane"}},{"type":"Feature","id":367658,"geometry":{"type":"Polygon","coordinates":[[[9.30233,55.22094],[9.30272,55.21871],[9.30306,55.21864],[9.30319,55.21807],[9.30373,55.21416],[9.30296,55.2104],[9.30237,55.20831],[9.30207,55.20833],[9.30161,55.20645],[9.30148,55.20358],[9.30168,55.20217],[9.3034,55.19623],[9.30373,55.19627],[9.30525,55.19112],[9.30504,55.19113],[9.30554,55.18934],[9.30915,55.17764],[9.31001,55.17574],[9.31038,55.17512],[9.3106,55.17517],[9.31127,55.17416],[9.31157,55.17357],[9.31127,55.17364],[9.31253,55.17165],[9.31354,55.17014],[9.31391,55.1702],[9.31462,55.16919],[9.3149,55.16867],[9.31448,55.16857],[9.31973,55.16059],[9.32601,55.15042],[9.32639,55.14985],[9.32673,55.1499],[9.32894,55.14651],[9.33308,55.13978],[9.33453,55.13662],[9.33426,55.13659],[9.33578,55.13277],[9.33606,55.13217],[9.33634,55.13219],[9.33718,55.13007],[9.33691,55.13003],[9.33722,55.12913],[9.3376,55.12903],[9.33785,55.12864],[9.33918,55.12497],[9.33874,55.12498],[9.33898,55.12344],[9.33895,55.12061],[9.3392,55.1206],[9.33913,55.11959],[9.33926,55.11958],[9.33887,55.11596],[9.33843,55.11592],[9.33785,55.11049],[9.33826,55.11045],[9.33825,55.11024],[9.3379,55.10661],[9.33747,55.10663],[9.33719,55.10388],[9.3372,55.10374],[9.33756,55.10371],[9.33754,55.10341],[9.33705,55.09866],[9.33669,55.09866],[9.33496,55.0822],[9.3354,55.08218],[9.3353,55.08119],[9.33448,55.08124],[9.33711,55.10786],[9.33733,55.10883],[9.33838,55.12017],[9.33862,55.12159],[9.33848,55.1217],[9.33848,55.12244],[9.33864,55.12254],[9.33833,55.125],[9.33785,55.12662],[9.33529,55.13316],[9.33505,55.13372],[9.33481,55.13371],[9.33402,55.13566],[9.33385,55.1362],[9.334,55.1362],[9.33357,55.13737],[9.33245,55.13961],[9.30933,55.17616],[9.30872,55.17774],[9.30377,55.19399],[9.30337,55.19395],[9.30318,55.19454],[9.30335,55.19456],[9.30343,55.19482],[9.30331,55.19551],[9.30146,55.20153],[9.30108,55.20423],[9.30136,55.20715],[9.30272,55.2124],[9.3029,55.21451],[9.3028,55.21574],[9.30083,55.22733],[9.30036,55.22926],[9.29993,55.23259],[9.30023,55.23468],[9.30098,55.23674],[9.30398,55.24105],[9.30432,55.24099],[9.30248,55.23802],[9.30158,55.23623],[9.30151,55.236],[9.30183,55.23596],[9.30112,55.23425],[9.3008,55.23225],[9.30091,55.23223],[9.30092,55.23067],[9.30158,55.22681],[9.3013,55.22676],[9.30221,55.2216],[9.30233,55.22094]]]},"properties":{"STRKAFS":266062,"NAVN":"Vojens - Rødekro","HOVER_NAME":"Vojens - Rødekro","TIB":"26","BANENR":"98","FRA_KM":60.024,"TIL_KM":78.217,"FORKORTELSE":"Oj-Rq","BANENR_NAVN":"(Lunderskov) - Tinglev","HVDSTRK_NAVN":"Fredericia - Padborg","DELSTRK_NAVN":"Vojens - TIinglev","BTRTYPETEKST":"Fri Bane","BANEKLASSETEKST":"Hovedbane"}},{"type":"Feature","id":367659,"geometry":{"type":"Polygon","coordinates":[[[9.39082,54.93552],[9.39805,54.93521],[9.39806,54.93535],[9.39907,54.9353],[9.39919,54.93512],[9.39959,54.93507],[9.4155,54.93429],[9.41734,54.93401],[9.42074,54.93307],[9.42323,54.93216],[9.43146,54.92853],[9.43321,54.92797],[9.45485,54.92444],[9.45805,54.92357],[9.46038,54.92263],[9.46808,54.91868],[9.48477,54.91276],[9.49088,54.91081],[9.49076,54.91066],[9.49166,54.91031],[9.49207,54.91019],[9.49249,54.91033],[9.49304,54.90969],[9.49962,54.90752],[9.5027,54.9069],[9.50746,54.90622],[9.5101,54.90553],[9.51375,54.90418],[9.51795,54.90233],[9.52281,54.90075],[9.52752,54.89945],[9.53152,54.89913],[9.53629,54.89825],[9.53624,54.89816],[9.54431,54.89708],[9.55048,54.89551],[9.55304,54.89553],[9.55745,54.89719],[9.55862,54.89749],[9.56073,54.89849],[9.5635,54.90061],[9.56499,54.90248],[9.56522,54.90305],[9.56664,54.90472],[9.5665,54.90475],[9.56748,54.90613],[9.56769,54.90618],[9.56806,54.90672],[9.56802,54.90688],[9.56942,54.90814],[9.57034,54.9087],[9.57033,54.90883],[9.57199,54.90947],[9.57469,54.90995],[9.57667,54.91009],[9.57864,54.91055],[9.57955,54.91095],[9.58089,54.91197],[9.58123,54.91255],[9.58107,54.91264],[9.58136,54.91287],[9.58194,54.9142],[9.58263,54.91495],[9.58408,54.91577],[9.58478,54.916],[9.58491,54.91583],[9.58428,54.91561],[9.58253,54.91424],[9.58124,54.9121],[9.57971,54.91082],[9.57805,54.9101],[9.57286,54.90938],[9.57052,54.90864],[9.56954,54.908],[9.56879,54.90733],[9.56884,54.90716],[9.56852,54.90673],[9.56826,54.90665],[9.56789,54.90613],[9.568,54.90599],[9.56698,54.90463],[9.56681,54.90467],[9.5658,54.90293],[9.56525,54.90247],[9.56376,54.90051],[9.5638,54.90038],[9.56186,54.89884],[9.55887,54.89743],[9.55428,54.89569],[9.55437,54.89559],[9.55214,54.89525],[9.55084,54.89525],[9.54895,54.89554],[9.54348,54.89704],[9.53679,54.89782],[9.53233,54.8988],[9.52836,54.89921],[9.52615,54.89963],[9.51863,54.90192],[9.50975,54.90547],[9.50735,54.90601],[9.49997,54.90725],[9.49776,54.90786],[9.49362,54.90933],[9.49345,54.90917],[9.49256,54.9094],[9.48832,54.91099],[9.48778,54.91144],[9.48316,54.91307],[9.48227,54.91325],[9.48198,54.91356],[9.46821,54.9185],[9.46518,54.91983],[9.45998,54.92264],[9.45774,54.92354],[9.45331,54.92449],[9.4518,54.92464],[9.45176,54.92452],[9.44978,54.92482],[9.44971,54.92456],[9.44932,54.92463],[9.44937,54.92488],[9.44831,54.92495],[9.44838,54.92508],[9.4468,54.92555],[9.43803,54.9269],[9.43809,54.927],[9.4332,54.92782],[9.43081,54.92867],[9.42176,54.93258],[9.41856,54.93354],[9.41554,54.93405],[9.39163,54.93537],[9.38711,54.93541],[9.37538,54.93457],[9.34701,54.93346],[9.27558,54.92795],[9.27067,54.92789],[9.2611,54.92819],[9.25982,54.92839],[9.25819,54.92902],[9.25733,54.92911],[9.25818,54.92953],[9.25837,54.92941],[9.25831,54.92916],[9.25906,54.92883],[9.25999,54.92854],[9.26175,54.92832],[9.27251,54.9281],[9.27255,54.9283],[9.27456,54.92834],[9.27642,54.92872],[9.27801,54.92852],[9.27818,54.92834],[9.29406,54.92954],[9.29394,54.9296],[9.29563,54.92979],[9.29535,54.92963],[9.30905,54.93071],[9.30966,54.93092],[9.3115,54.93112],[9.31259,54.93118],[9.31284,54.93101],[9.3134,54.93101],[9.32347,54.93179],[9.32388,54.93183],[9.32401,54.93215],[9.32723,54.93238],[9.3273,54.93211],[9.32915,54.93222],[9.34745,54.9337],[9.37461,54.93471],[9.38412,54.93546],[9.38993,54.93557],[9.39082,54.93552]]]},"properties":{"STRKAFS":282018,"NAVN":"Gråsten - Tinglev","HOVER_NAME":"Gråsten - Tinglev","TIB":"28","BANENR":"28","FRA_KM":16.972,"TIL_KM":40.355000000000004,"FORKORTELSE":"Gst-Te","BANENR_NAVN":"Sønderborg - (Tinglev)","HVDSTRK_NAVN":"Sønderborg - Tinglev","DELSTRK_NAVN":"Sønderborg - Tinglev","BTRTYPETEKST":"Fri Bane","BANEKLASSETEKST":"Regionalbane"}},{"type":"Feature","id":367660,"geometry":{"type":"Polygon","coordinates":[[[9.39863,54.93532],[9.39853,54.93497],[9.39648,54.93503],[9.39652,54.93528],[9.39805,54.93521],[9.39806,54.93535],[9.39863,54.93532]]]},"properties":{"STRKAFS":282031,"NAVN":"Kliplev","HOVER_NAME":"Kliplev","TIB":"28","BANENR":"28","FRA_KM":31.249000000000002,"TIL_KM":31.38,"FORKORTELSE":"Kw","BANENR_NAVN":"Sønderborg - (Tinglev)","HVDSTRK_NAVN":"Sønderborg - Tinglev","DELSTRK_NAVN":"Sønderborg - Tinglev","BTRTYPETEKST":"Trinbræt","BANEKLASSETEKST":"Regionalbane"}},{"type":"Feature","id":367661,"geometry":{"type":"Polygon","coordinates":[[[9.28758,55.46849],[9.28238,55.46826],[9.27641,55.46849],[9.27632,55.46828],[9.27209,55.4684],[9.27145,55.46857],[9.26851,55.46871],[9.23503,55.4694],[9.22641,55.46891],[9.22646,55.46869],[9.22533,55.46863],[9.22458,55.4686],[9.22453,55.46879],[9.2227,55.46871],[9.18144,55.46645],[9.179,55.46656],[9.17401,55.46733],[9.14703,55.47314],[9.14714,55.4733],[9.15324,55.47206],[9.17244,55.46787],[9.17263,55.46803],[9.17667,55.4673],[9.17654,55.46708],[9.17765,55.46696],[9.17791,55.46711],[9.17964,55.46705],[9.17964,55.46687],[9.1812,55.46683],[9.1875,55.46716],[9.18747,55.46698],[9.20316,55.4678],[9.23218,55.4694],[9.23691,55.46982],[9.23697,55.46962],[9.24042,55.46959],[9.24044,55.46981],[9.25418,55.46923],[9.27625,55.46866],[9.27625,55.46886],[9.28207,55.46864],[9.28209,55.4685],[9.28568,55.46857],[9.29068,55.46907],[9.29413,55.46983],[9.29593,55.47048],[9.29885,55.47213],[9.30032,55.47357],[9.30117,55.47342],[9.3007,55.47229],[9.29998,55.47214],[9.29842,55.47083],[9.29742,55.47036],[9.29558,55.46969],[9.29387,55.46929],[9.28872,55.4686],[9.28758,55.46849]]]},"properties":{"STRKAFS":292002,"NAVN":"Lunderskov - Vejen","HOVER_NAME":"Lunderskov - Vejen","TIB":"29,1029","BANENR":"29","FRA_KM":0.727,"TIL_KM":10.8,"FORKORTELSE":"Lk-Vn","BANENR_NAVN":"(Lunderskov) - Bramming","HVDSTRK_NAVN":"Lunderskov - Esbjerg","DELSTRK_NAVN":"Lunderskov - Bramming","BTRTYPETEKST":"Fri Bane","BANEKLASSETEKST":"Hovedbane"}},{"type":"Feature","id":367662,"geometry":{"type":"Polygon","coordinates":[[[9.13453,55.47634],[9.13565,55.47602],[9.13573,55.47616],[9.13767,55.47554],[9.14018,55.47501],[9.14046,55.4748],[9.14714,55.4733],[9.14703,55.47314],[9.14659,55.4732],[9.13755,55.4751],[9.12421,55.47933],[9.12441,55.47954],[9.12616,55.47936],[9.13296,55.47716],[9.13317,55.47695],[9.13441,55.47659],[9.13436,55.47649],[9.13453,55.47634]]]},"properties":{"STRKAFS":292011,"NAVN":"Vejen","HOVER_NAME":"Vejen","TIB":"1029","BANENR":"29","FRA_KM":10.8,"TIL_KM":12.4,"FORKORTELSE":"Vn","BANENR_NAVN":"(Lunderskov) - Bramming","HVDSTRK_NAVN":"Lunderskov - Esbjerg","DELSTRK_NAVN":"Lunderskov - Bramming","BTRTYPETEKST":"Station","BANEKLASSETEKST":"Hovedbane"}},{"type":"Feature","id":367663,"geometry":{"type":"Polygon","coordinates":[[[9.09493,55.48621],[9.09488,55.48601],[9.09702,55.48601],[9.09701,55.4859],[9.10178,55.48543],[9.10257,55.48535],[9.10257,55.48549],[9.10824,55.48442],[9.11335,55.48306],[9.12441,55.47954],[9.12421,55.47933],[9.1133,55.48275],[9.10842,55.484],[9.1083,55.4839],[9.10496,55.48454],[9.09969,55.48527],[9.09571,55.48564],[9.09089,55.48579],[9.09087,55.48592],[9.06808,55.48527],[9.06311,55.485],[9.06314,55.48485],[9.06041,55.48485],[9.06041,55.4847],[9.05603,55.48465],[9.04299,55.48399],[9.04301,55.48383],[9.03689,55.48349],[9.03697,55.48364],[9.03201,55.48339],[9.03205,55.48317],[9.02993,55.48308],[9.02984,55.48326],[9.02916,55.48323],[9.02907,55.48304],[9.02731,55.48293],[9.02687,55.48315],[8.99796,55.4817],[8.98949,55.48212],[8.97633,55.48373],[8.97031,55.48416],[8.96113,55.48409],[8.95397,55.48422],[8.95295,55.48436],[8.92499,55.48456],[8.925,55.48482],[8.92669,55.48477],[8.9266,55.48496],[8.93034,55.48492],[8.93028,55.48473],[8.93937,55.48475],[8.94997,55.48454],[8.9532,55.48454],[8.95324,55.48476],[8.95936,55.48473],[8.95936,55.48453],[8.96099,55.48454],[8.96099,55.4847],[8.96906,55.48462],[8.9693,55.48441],[8.97566,55.48403],[8.98528,55.48283],[8.98566,55.4828],[8.98573,55.48302],[8.99134,55.48237],[8.99123,55.48222],[8.99991,55.48198],[9.00446,55.48217],[9.00572,55.48231],[9.00609,55.48253],[9.00952,55.4827],[9.0096,55.48245],[9.01638,55.4829],[9.01805,55.48287],[9.02483,55.48323],[9.02485,55.48343],[9.03195,55.48377],[9.03197,55.48359],[9.03619,55.48379],[9.03681,55.48383],[9.03677,55.48401],[9.04328,55.48439],[9.04328,55.48418],[9.05242,55.48464],[9.05593,55.48483],[9.05591,55.48504],[9.06606,55.48556],[9.06608,55.48537],[9.07894,55.48588],[9.09172,55.48618],[9.09176,55.48634],[9.09493,55.48621]]]},"properties":{"STRKAFS":292014,"NAVN":"Vejen - Holsted","HOVER_NAME":"Vejen - Holsted","TIB":"1029","BANENR":"29","FRA_KM":12.4,"TIL_KM":25.2,"FORKORTELSE":"Vn-Hq","BANENR_NAVN":"(Lunderskov) - Bramming","HVDSTRK_NAVN":"Lunderskov - Esbjerg","DELSTRK_NAVN":"Lunderskov - Bramming","BTRTYPETEKST":"Fri Bane","BANEKLASSETEKST":"Hovedbane"}},{"type":"Feature","id":367664,"geometry":{"type":"Polygon","coordinates":[[[9.33448,55.08124],[9.3353,55.08119],[9.33459,55.07449],[9.33444,55.0745],[9.33422,55.07226],[9.33433,55.07226],[9.33344,55.06918],[9.33391,55.06911],[9.33375,55.06862],[9.33354,55.06864],[9.33336,55.06815],[9.3333,55.06732],[9.33277,55.06733],[9.3321,55.06531],[9.33231,55.06456],[9.33326,55.06319],[9.3364,55.06084],[9.33608,55.06072],[9.33273,55.06327],[9.33198,55.06415],[9.33154,55.06415],[9.33067,55.06149],[9.33016,55.06052],[9.32959,55.05888],[9.32907,55.05894],[9.33108,55.06494],[9.33132,55.0664],[9.33356,55.07275],[9.33361,55.07376],[9.33341,55.07448],[9.33381,55.0745],[9.33422,55.07854],[9.33409,55.07853],[9.3343,55.07981],[9.33418,55.07986],[9.33438,55.08001],[9.33445,55.08096],[9.33448,55.08124]]]},"properties":{"STRKAFS":266079,"NAVN":"Rødekro","HOVER_NAME":"Rødekro","TIB":"26","BANENR":"98","FRA_KM":78.217,"TIL_KM":80.73100000000001,"FORKORTELSE":"Rq","BANENR_NAVN":"(Lunderskov) - Tinglev","HVDSTRK_NAVN":"Fredericia - Padborg","DELSTRK_NAVN":"Vojens - TIinglev","BTRTYPETEKST":"Station","BANEKLASSETEKST":"Hovedbane"}},{"type":"Feature","id":367665,"geometry":{"type":"Polygon","coordinates":[[[9.31692,55.03332],[9.31564,55.03186],[9.31612,55.03188],[9.31288,55.02804],[9.31269,55.02836],[9.30824,55.0231],[9.30852,55.02314],[9.30812,55.02268],[9.30856,55.02256],[9.30768,55.02205],[9.30639,55.0205],[9.30612,55.02051],[9.3014,55.0148],[9.30153,55.01468],[9.29681,55.00939],[9.29387,55.00577],[9.29406,55.00572],[9.29362,55.00491],[9.29268,55.00381],[9.29226,55.00391],[9.28652,54.99706],[9.28676,54.99699],[9.28526,54.9951],[9.28497,54.99517],[9.2837,54.99365],[9.2817,54.99091],[9.2807,54.98911],[9.28028,54.98809],[9.28046,54.98807],[9.28041,54.98791],[9.28016,54.98795],[9.28011,54.98779],[9.28049,54.98772],[9.28045,54.98762],[9.27987,54.98654],[9.27964,54.98655],[9.27653,54.97922],[9.27681,54.97887],[9.27618,54.97736],[9.27578,54.97741],[9.26681,54.95627],[9.26713,54.95623],[9.26551,54.95202],[9.26502,54.952],[9.26385,54.94904],[9.26331,54.94912],[9.26358,54.95007],[9.26399,54.95046],[9.2665,54.95626],[9.26646,54.95665],[9.26829,54.96088],[9.26826,54.96115],[9.26843,54.96114],[9.26897,54.96234],[9.27633,54.9796],[9.27999,54.98836],[9.27994,54.98876],[9.28105,54.99133],[9.28136,54.99141],[9.28224,54.99232],[9.28377,54.99434],[9.30718,55.02229],[9.30703,55.02233],[9.30721,55.02274],[9.30776,55.02291],[9.31344,55.02979],[9.31322,55.02985],[9.31352,55.03023],[9.31382,55.03023],[9.32173,55.03976],[9.32296,55.04166],[9.32367,55.04328],[9.32907,55.05894],[9.32959,55.05888],[9.32558,55.04743],[9.32323,55.04142],[9.32333,55.04141],[9.32214,55.03963],[9.3182,55.03496],[9.31692,55.03332]]]},"properties":{"STRKAFS":266084,"NAVN":"Rødekro - Tinglev","HOVER_NAME":"Rødekro - Tinglev","TIB":"26","BANENR":"98","FRA_KM":80.73100000000001,"TIL_KM":93.732,"FORKORTELSE":"Rq-Te","BANENR_NAVN":"(Lunderskov) - Tinglev","HVDSTRK_NAVN":"Fredericia - Padborg","DELSTRK_NAVN":"Vojens - TIinglev","BTRTYPETEKST":"Fri Bane","BANEKLASSETEKST":"Hovedbane"}},{"type":"Feature","id":367666,"geometry":{"type":"Polygon","coordinates":[[[9.26347,54.94828],[9.26316,54.9476],[9.26348,54.94766],[9.26342,54.94724],[9.26301,54.94652],[9.26269,54.94649],[9.25998,54.94002],[9.26006,54.93992],[9.25965,54.93912],[9.2599,54.93819],[9.25833,54.93447],[9.25888,54.93492],[9.26003,54.93538],[9.26299,54.93564],[9.2661,54.93545],[9.26709,54.93573],[9.26772,54.9361],[9.27008,54.93994],[9.27064,54.94427],[9.2708,54.94427],[9.27024,54.93983],[9.26814,54.93631],[9.26741,54.93573],[9.26572,54.93529],[9.26564,54.93502],[9.26273,54.93541],[9.26259,54.93513],[9.26074,54.93534],[9.25967,54.93515],[9.259,54.93478],[9.25874,54.9345],[9.2581,54.93306],[9.25774,54.93312],[9.25743,54.93247],[9.25722,54.93249],[9.257,54.93224],[9.25673,54.93155],[9.25675,54.9311],[9.25702,54.93112],[9.25734,54.93036],[9.25818,54.92953],[9.25733,54.92911],[9.25584,54.92975],[9.25556,54.92908],[9.25553,54.92793],[9.25515,54.92792],[9.25554,54.93064],[9.2563,54.93216],[9.25632,54.93291],[9.25591,54.93308],[9.25621,54.93399],[9.25672,54.93397],[9.25701,54.93462],[9.25735,54.93466],[9.25779,54.9358],[9.25745,54.93586],[9.25779,54.93671],[9.25815,54.93667],[9.25937,54.93979],[9.25912,54.9411],[9.25871,54.94196],[9.25827,54.94244],[9.25859,54.94253],[9.25897,54.94211],[9.25941,54.94134],[9.25963,54.9403],[9.26331,54.94912],[9.26385,54.94904],[9.26347,54.94828]]]},"properties":{"STRKAFS":267000,"NAVN":"Tinglev","HOVER_NAME":"Tinglev","TIB":"26,28","BANENR":"98","FRA_KM":93.732,"TIL_KM":96.2,"FORKORTELSE":"Te","BANENR_NAVN":"(Lunderskov) - Tinglev","HVDSTRK_NAVN":"Fredericia - Padborg","DELSTRK_NAVN":"Tinglev","BTRTYPETEKST":"Station","BANEKLASSETEKST":"Hovedbane"}},{"type":"Feature","id":367667,"geometry":{"type":"Polygon","coordinates":[[[9.25553,54.92793],[9.2559,54.926],[9.25635,54.92487],[9.25698,54.92385],[9.26614,54.91202],[9.26639,54.91206],[9.26732,54.91097],[9.26723,54.91095],[9.26885,54.90938],[9.26871,54.90934],[9.26952,54.90862],[9.2698,54.90871],[9.27011,54.90844],[9.27322,54.90564],[9.27301,54.90555],[9.2733,54.90528],[9.27463,54.90409],[9.27488,54.90417],[9.2761,54.90313],[9.27744,54.9019],[9.27723,54.9018],[9.27916,54.90007],[9.27941,54.90015],[9.28077,54.89899],[9.28335,54.89665],[9.28311,54.89656],[9.28795,54.89228],[9.28834,54.89194],[9.28863,54.89202],[9.28893,54.89176],[9.29016,54.89065],[9.28991,54.89055],[9.29036,54.89012],[9.29797,54.88343],[9.29767,54.88332],[9.28008,54.8989],[9.27996,54.89886],[9.26919,54.90856],[9.26839,54.90925],[9.26821,54.90922],[9.26699,54.91035],[9.25625,54.92432],[9.25525,54.92648],[9.25538,54.92652],[9.25515,54.92792],[9.25532,54.92792],[9.25553,54.92793]]]},"properties":{"STRKAFS":268098,"NAVN":"Tinglev - Vejbæk","HOVER_NAME":"Tinglev - Vejbæk","TIB":"26","BANENR":"99","FRA_KM":96.2,"TIL_KM":101.9,"FORKORTELSE":"Te-Vk","BANENR_NAVN":"(Tinglev) - Padborg","HVDSTRK_NAVN":"Fredericia - Padborg","DELSTRK_NAVN":"Tinglev - Padborg","BTRTYPETEKST":"Fri Bane","BANEKLASSETEKST":"Hovedbane"}},{"type":"Feature","id":367668,"geometry":{"type":"Polygon","coordinates":[[[9.30366,54.87862],[9.3068,54.87589],[9.30663,54.87573],[9.30704,54.87533],[9.30745,54.87524],[9.31253,54.87052],[9.31222,54.87042],[9.31031,54.87202],[9.30645,54.8756],[9.29767,54.88332],[9.29797,54.88343],[9.30241,54.87973],[9.30366,54.87862]]]},"properties":{"STRKAFS":268103,"NAVN":"Vejbæk","HOVER_NAME":"Vejbæk","TIB":"26","BANENR":"99","FRA_KM":101.9,"TIL_KM":103.61500000000001,"FORKORTELSE":"Vk","BANENR_NAVN":"(Tinglev) - Padborg","HVDSTRK_NAVN":"Fredericia - Padborg","DELSTRK_NAVN":"Tinglev - Padborg","BTRTYPETEKST":"Teknisk Station","BANEKLASSETEKST":"Hovedbane"}},{"type":"Feature","id":367669,"geometry":{"type":"Polygon","coordinates":[[[9.32472,54.85975],[9.32566,54.85892],[9.32583,54.85902],[9.33135,54.85416],[9.33112,54.85407],[9.33901,54.84708],[9.33934,54.84725],[9.34176,54.84509],[9.34169,54.84498],[9.34403,54.84256],[9.35258,54.83485],[9.35245,54.83481],[9.34117,54.84478],[9.34104,54.84475],[9.3395,54.84631],[9.32758,54.85686],[9.32733,54.85674],[9.3254,54.85844],[9.32551,54.85867],[9.31222,54.87042],[9.31253,54.87052],[9.32225,54.86195],[9.32316,54.86117],[9.32351,54.86109],[9.32491,54.85981],[9.32472,54.85975]]]},"properties":{"STRKAFS":268104,"NAVN":"Vejbæk - Padborg","HOVER_NAME":"Vejbæk - Padborg","TIB":"26","BANENR":"99","FRA_KM":103.61500000000001,"TIL_KM":108.349,"FORKORTELSE":"Vk-Pa","BANENR_NAVN":"(Tinglev) - Padborg","HVDSTRK_NAVN":"Fredericia - Padborg","DELSTRK_NAVN":"Tinglev - Padborg","BTRTYPETEKST":"Fri Bane","BANEKLASSETEKST":"Hovedbane"}},{"type":"Feature","id":367670,"geometry":{"type":"Polygon","coordinates":[[[9.34581,54.84128],[9.34594,54.84107],[9.34625,54.84115],[9.34691,54.84061],[9.34737,54.84137],[9.34759,54.84156],[9.34777,54.84151],[9.34717,54.84079],[9.34711,54.84048],[9.34753,54.83964],[9.34765,54.84056],[9.35094,54.84346],[9.35111,54.8434],[9.34789,54.84047],[9.34773,54.83984],[9.34785,54.83949],[9.34827,54.83902],[9.34824,54.83926],[9.34867,54.83989],[9.34901,54.84017],[9.34926,54.84009],[9.34865,54.83947],[9.34851,54.8391],[9.34861,54.83873],[9.34908,54.83827],[9.34894,54.83822],[9.35385,54.83392],[9.35474,54.83212],[9.35484,54.83214],[9.35448,54.83289],[9.35489,54.83293],[9.35497,54.83283],[9.35468,54.83277],[9.3571,54.82995],[9.35787,54.82837],[9.35867,54.82903],[9.35909,54.82906],[9.3581,54.82791],[9.35793,54.82748],[9.35807,54.82675],[9.35929,54.8238],[9.35987,54.82372],[9.36109,54.82304],[9.3614,54.823],[9.36152,54.82328],[9.36172,54.82324],[9.36135,54.82213],[9.36072,54.82132],[9.36054,54.8207],[9.36095,54.8207],[9.36081,54.82015],[9.36116,54.81953],[9.36144,54.81847],[9.36205,54.81756],[9.36234,54.8176],[9.36344,54.8153],[9.36275,54.81517],[9.36227,54.81596],[9.36196,54.81598],[9.36184,54.81663],[9.35937,54.82097],[9.35904,54.82119],[9.35801,54.82282],[9.35751,54.82305],[9.35713,54.82392],[9.35668,54.82445],[9.35497,54.82859],[9.35538,54.82869],[9.35504,54.83056],[9.35398,54.83267],[9.35328,54.83363],[9.34926,54.83739],[9.34942,54.83752],[9.35245,54.83481],[9.35258,54.83485],[9.34565,54.84109],[9.34547,54.84172],[9.34566,54.84235],[9.34776,54.84451],[9.34803,54.84443],[9.34585,54.84224],[9.34573,54.84166],[9.34581,54.84128]]]},"properties":{"STRKAFS":269000,"NAVN":"Padborg","HOVER_NAME":"Padborg","TIB":"26","BANENR":"99","FRA_KM":108.349,"TIL_KM":110.641,"FORKORTELSE":"Pa","BANENR_NAVN":"(Tinglev) - Padborg","HVDSTRK_NAVN":"Fredericia - Padborg","DELSTRK_NAVN":"Padborg","BTRTYPETEKST":"Station","BANEKLASSETEKST":"Hovedbane"}},{"type":"Feature","id":367671,"geometry":{"type":"Polygon","coordinates":[[[9.35484,54.83214],[9.35474,54.83212],[9.35385,54.83392],[9.34894,54.83822],[9.35107,54.83732],[9.35366,54.83512],[9.35451,54.83409],[9.35456,54.83333],[9.35489,54.83293],[9.35448,54.83289],[9.35466,54.83246],[9.35484,54.83214]]]},"properties":{"STRKAFS":269500,"NAVN":"Padborg kombiterminal","HOVER_NAME":"Padborg kombiterminal","TIB":null,"BANENR":"99","FRA_KM":107.914,"TIL_KM":108.679,"FORKORTELSE":"Pak","BANENR_NAVN":"(Tinglev) - Padborg","HVDSTRK_NAVN":"Fredericia - Padborg","DELSTRK_NAVN":"Padborg","BTRTYPETEKST":"Kombiterminal","BANEKLASSETEKST":"Hovedbane"}},{"type":"Feature","id":367672,"geometry":{"type":"Polygon","coordinates":[[[9.36298,54.81521],[9.3627,54.81525],[9.36342,54.81538],[9.36301,54.81522],[9.36298,54.81521]]]},"properties":{"STRKAFS":269700,"NAVN":"Padborg grænse","HOVER_NAME":"Padborg grænse","TIB":"26","BANENR":"99","FRA_KM":110.63600000000001,"TIL_KM":110.641,"FORKORTELSE":"Pagr","BANENR_NAVN":"(Tinglev) - Padborg","HVDSTRK_NAVN":"Fredericia - Padborg","DELSTRK_NAVN":"Padborg","BTRTYPETEKST":"Grænsestation","BANEKLASSETEKST":"Hovedbane"}},{"type":"Feature","id":367673,"geometry":{"type":"Polygon","coordinates":[[[9.67962,55.54277],[9.68678,55.54275],[9.69007,55.54253],[9.70405,55.53955],[9.70572,55.53892],[9.70544,55.53872],[9.70349,55.53943],[9.69315,55.54172],[9.69077,55.54212],[9.68805,55.54236],[9.68062,55.54246],[9.67801,55.5427],[9.67595,55.54307],[9.65971,55.54794],[9.65684,55.54858],[9.65426,55.54889],[9.65428,55.54909],[9.65804,55.54862],[9.67489,55.54362],[9.67899,55.54285],[9.67962,55.54277]]]},"properties":{"STRKAFS":271216,"NAVN":"Snoghøj - Taulov","HOVER_NAME":"Snoghøj - Taulov","TIB":"1","BANENR":"27","FRA_KM":216.56900000000002,"TIL_KM":220.05,"FORKORTELSE":"Sno-Tl","BANENR_NAVN":"(Snoghøj) - (Taulov)","HVDSTRK_NAVN":"Snoghøj - Taulov","DELSTRK_NAVN":"Snoghøj - Taulov","BTRTYPETEKST":"Fri Bane","BANEKLASSETEKST":"Hovedbane"}},{"type":"Feature","id":367674,"geometry":{"type":"Polygon","coordinates":[[[9.76787,54.91502],[9.7728,54.91456],[9.77329,54.91455],[9.77372,54.91479],[9.77528,54.91462],[9.77519,54.91433],[9.77809,54.91352],[9.77954,54.91242],[9.77865,54.91211],[9.77762,54.91293],[9.7767,54.91333],[9.77349,54.91424],[9.76813,54.91469],[9.76663,54.91512],[9.76501,54.91641],[9.76543,54.91657],[9.76684,54.91547],[9.76776,54.91508],[9.76787,54.91502]]]},"properties":{"STRKAFS":281000,"NAVN":"Sønderborg","HOVER_NAME":"Sønderborg","TIB":"28","BANENR":"28","FRA_KM":0,"TIL_KM":1.108,"FORKORTELSE":"Sdb","BANENR_NAVN":"Sønderborg - (Tinglev)","HVDSTRK_NAVN":"Sønderborg - Tinglev","DELSTRK_NAVN":"Sønderborg","BTRTYPETEKST":"Station","BANEKLASSETEKST":"Regionalbane"}},{"type":"Feature","id":367675,"geometry":{"type":"Polygon","coordinates":[[[9.64444,54.96048],[9.64804,54.96034],[9.65102,54.95999],[9.65252,54.95963],[9.66347,54.95507],[9.66609,54.95438],[9.67025,54.95358],[9.6736,54.95246],[9.68598,54.94727],[9.68682,54.94717],[9.68694,54.94701],[9.68683,54.94694],[9.68949,54.94581],[9.69152,54.94517],[9.6947,54.94447],[9.69458,54.94432],[9.69751,54.94327],[9.72069,54.9363],[9.72313,54.93569],[9.72897,54.93366],[9.72926,54.93368],[9.73371,54.93184],[9.7339,54.93174],[9.73399,54.93135],[9.73854,54.92913],[9.73879,54.92914],[9.74279,54.92652],[9.74493,54.92549],[9.75171,54.92323],[9.75767,54.92185],[9.75795,54.92195],[9.75808,54.9217],[9.75996,54.92107],[9.76109,54.92036],[9.76543,54.91657],[9.76501,54.91641],[9.76185,54.91918],[9.76092,54.9202],[9.75922,54.92124],[9.75028,54.92341],[9.74439,54.92556],[9.74247,54.92653],[9.7402,54.92798],[9.73982,54.92794],[9.73846,54.929],[9.72752,54.93409],[9.69959,54.9425],[9.69889,54.9427],[9.69876,54.94235],[9.69731,54.94313],[9.69028,54.94521],[9.6715,54.95301],[9.66298,54.95507],[9.65232,54.95939],[9.6498,54.95994],[9.64521,54.96027],[9.64517,54.9601],[9.644,54.96009],[9.6439,54.96024],[9.6428,54.9603],[9.64003,54.95961],[9.63784,54.95837],[9.63765,54.9584],[9.63393,54.95619],[9.62994,54.95357],[9.6195,54.94505],[9.61733,54.94273],[9.61628,54.9413],[9.61568,54.94085],[9.61321,54.93815],[9.61303,54.93769],[9.61232,54.93699],[9.61144,54.93542],[9.61038,54.93272],[9.61052,54.9327],[9.61017,54.93174],[9.60999,54.93176],[9.60789,54.92618],[9.60711,54.92502],[9.6043,54.9231],[9.60175,54.92211],[9.60159,54.92225],[9.60366,54.92301],[9.60493,54.92366],[9.60645,54.92479],[9.6071,54.92551],[9.60775,54.92672],[9.60975,54.9317],[9.6096,54.93258],[9.61014,54.9329],[9.61123,54.93551],[9.61252,54.93777],[9.61515,54.94064],[9.61587,54.94175],[9.61665,54.94234],[9.61893,54.94481],[9.62977,54.95389],[9.63104,54.9548],[9.63959,54.95971],[9.6413,54.96035],[9.64388,54.96051],[9.64444,54.96048]]]},"properties":{"STRKAFS":282002,"NAVN":"Sønderborg - Gråsten","HOVER_NAME":"Sønderborg - Gråsten","TIB":"28","BANENR":"28","FRA_KM":1.108,"TIL_KM":15.65,"FORKORTELSE":"Sdb-Gst","BANENR_NAVN":"Sønderborg - (Tinglev)","HVDSTRK_NAVN":"Sønderborg - Tinglev","DELSTRK_NAVN":"Sønderborg - Tinglev","BTRTYPETEKST":"Fri Bane","BANEKLASSETEKST":"Regionalbane"}},{"type":"Feature","id":367676,"geometry":{"type":"Polygon","coordinates":[[[9.59209,54.91722],[9.59145,54.91682],[9.58944,54.91635],[9.5865,54.91617],[9.58491,54.91583],[9.58478,54.916],[9.58629,54.91628],[9.58929,54.91649],[9.59068,54.91688],[9.59223,54.91768],[9.59322,54.91837],[9.59294,54.91851],[9.59465,54.91966],[9.60131,54.92215],[9.60159,54.92225],[9.60175,54.92211],[9.59627,54.92011],[9.59471,54.91902],[9.59497,54.91883],[9.59364,54.91826],[9.5927,54.9176],[9.59209,54.91722]]]},"properties":{"STRKAFS":282015,"NAVN":"Gråsten","HOVER_NAME":"Gråsten","TIB":"28","BANENR":"28","FRA_KM":15.65,"TIL_KM":16.972,"FORKORTELSE":"Gst","BANENR_NAVN":"Sønderborg - (Tinglev)","HVDSTRK_NAVN":"Sønderborg - Tinglev","DELSTRK_NAVN":"Sønderborg - Tinglev","BTRTYPETEKST":"Station","BANEKLASSETEKST":"Regionalbane"}},{"type":"Feature","id":367677,"geometry":{"type":"Polygon","coordinates":[[[9.58574,55.5344],[9.5831,55.53391],[9.57848,55.53341],[9.57717,55.53363],[9.57483,55.53336],[9.57229,55.53347],[9.57071,55.53328],[9.5657,55.53316],[9.55483,55.53203],[9.55056,55.53113],[9.54938,55.53101],[9.54269,55.52947],[9.53875,55.52802],[9.53538,55.52637],[9.53499,55.52587],[9.53339,55.52496],[9.53311,55.52509],[9.53035,55.52364],[9.5301,55.52337],[9.53018,55.52329],[9.52819,55.52219],[9.52794,55.5222],[9.52683,55.52165],[9.52385,55.51921],[9.52263,55.51756],[9.5198,55.51285],[9.51905,55.51095],[9.51859,55.50868],[9.51776,55.50631],[9.51764,55.50518],[9.51661,55.50359],[9.51517,55.50227],[9.51144,55.50032],[9.50779,55.49923],[9.50776,55.49909],[9.50374,55.49869],[9.49844,55.49791],[9.49831,55.49813],[9.50193,55.49886],[9.5069,55.49937],[9.50952,55.49993],[9.51185,55.5008],[9.51371,55.5018],[9.51528,55.50308],[9.51513,55.50313],[9.51695,55.50557],[9.51935,55.51276],[9.52256,55.51815],[9.52383,55.51983],[9.52481,55.52087],[9.52552,55.52135],[9.52623,55.52162],[9.53458,55.52651],[9.53669,55.52756],[9.54236,55.5296],[9.55255,55.53194],[9.55971,55.53292],[9.56753,55.53357],[9.57259,55.5337],[9.57483,55.53392],[9.57676,55.5338],[9.57753,55.53404],[9.58254,55.53424],[9.58599,55.5347],[9.58919,55.5355],[9.5898,55.53582],[9.5904,55.53585],[9.59155,55.53631],[9.59448,55.53782],[9.60107,55.54163],[9.6014,55.54146],[9.59526,55.53803],[9.59395,55.53691],[9.59334,55.5368],[9.59041,55.53554],[9.58606,55.53441],[9.58574,55.5344]]]},"properties":{"STRKAFS":262010,"NAVN":"Taulov - Kolding","HOVER_NAME":"Taulov - Kolding","TIB":"26","BANENR":"26","FRA_KM":9.662,"TIL_KM":18.55,"FORKORTELSE":"Tl-Kd","BANENR_NAVN":"(Fredericia) - Lunderskov","HVDSTRK_NAVN":"Fredericia - Padborg","DELSTRK_NAVN":"Fredericia - Lunderskov","BTRTYPETEKST":"Fri Bane","BANEKLASSETEKST":"Hovedbane"}},{"type":"Feature","id":367678,"geometry":{"type":"Polygon","coordinates":[[[9.49363,55.49595],[9.49276,55.49511],[9.49234,55.4955],[9.49108,55.49488],[9.49012,55.49404],[9.48977,55.49414],[9.48855,55.49296],[9.48947,55.49313],[9.49155,55.4931],[9.49619,55.49414],[9.49624,55.49404],[9.49175,55.49297],[9.48892,55.49293],[9.48557,55.49176],[9.48476,55.49168],[9.48446,55.49179],[9.48084,55.48972],[9.48244,55.48935],[9.48355,55.48936],[9.48475,55.48969],[9.4856,55.49015],[9.48579,55.49008],[9.48525,55.48978],[9.49328,55.49174],[9.49468,55.49186],[9.49322,55.49161],[9.48423,55.48928],[9.48249,55.48921],[9.48339,55.48878],[9.48454,55.48873],[9.49346,55.49093],[9.49719,55.4911],[9.49718,55.49094],[9.49357,55.49084],[9.48434,55.48857],[9.48299,55.48872],[9.48187,55.48934],[9.4807,55.48957],[9.47875,55.48897],[9.47649,55.48791],[9.47529,55.48767],[9.47427,55.48774],[9.47064,55.48747],[9.46733,55.48781],[9.46744,55.48802],[9.47042,55.48769],[9.47355,55.48784],[9.47476,55.48795],[9.47747,55.48863],[9.47988,55.48991],[9.48023,55.4903],[9.48196,55.49128],[9.48722,55.49375],[9.48719,55.49391],[9.49393,55.49672],[9.49782,55.498],[9.49831,55.49813],[9.49844,55.49791],[9.49389,55.49618],[9.49363,55.49595]]]},"properties":{"STRKAFS":262019,"NAVN":"Kolding","HOVER_NAME":"Kolding","TIB":"26","BANENR":"26","FRA_KM":18.55,"TIL_KM":20.908,"FORKORTELSE":"Kd","BANENR_NAVN":"(Fredericia) - Lunderskov","HVDSTRK_NAVN":"Fredericia - Padborg","DELSTRK_NAVN":"Fredericia - Lunderskov","BTRTYPETEKST":"Station","BANEKLASSETEKST":"Hovedbane"}},{"type":"Feature","id":367679,"geometry":{"type":"Polygon","coordinates":[[[9.36866,55.50262],[9.37188,55.50245],[9.37344,55.50258],[9.37903,55.50222],[9.38224,55.50227],[9.38739,55.50188],[9.39032,55.50139],[9.39393,55.50035],[9.39574,55.49935],[9.40572,55.4952],[9.41015,55.49418],[9.41344,55.49388],[9.41698,55.49402],[9.42526,55.49514],[9.4255,55.49534],[9.42668,55.49562],[9.43171,55.49526],[9.43632,55.49447],[9.44621,55.49168],[9.45554,55.49055],[9.46161,55.48938],[9.46744,55.48802],[9.46711,55.48777],[9.46001,55.48947],[9.45529,55.49034],[9.4541,55.49035],[9.44526,55.49163],[9.44244,55.49231],[9.43525,55.49444],[9.43248,55.49488],[9.42809,55.49504],[9.42549,55.49488],[9.42073,55.49419],[9.41555,55.4937],[9.41285,55.49373],[9.4079,55.49417],[9.40365,55.49576],[9.39552,55.4992],[9.3935,55.49976],[9.39201,55.50043],[9.3917,55.50073],[9.38954,55.50127],[9.38559,55.5018],[9.38283,55.50171],[9.37753,55.50209],[9.37539,55.502],[9.3686,55.50232],[9.35405,55.50143],[9.34575,55.50074],[9.3447,55.50043],[9.34221,55.50053],[9.33465,55.49984],[9.33255,55.4993],[9.33123,55.49869],[9.32899,55.49799],[9.32299,55.4949],[9.31882,55.49221],[9.31769,55.4919],[9.31693,55.49132],[9.31383,55.48996],[9.31372,55.48974],[9.31253,55.48916],[9.31219,55.48937],[9.31443,55.49067],[9.31898,55.49278],[9.31997,55.49352],[9.32206,55.49468],[9.32254,55.49516],[9.32455,55.49646],[9.32565,55.49702],[9.331,55.49907],[9.3347,55.50008],[9.33771,55.50052],[9.3418,55.50086],[9.34543,55.5009],[9.35273,55.50167],[9.36081,55.50204],[9.3654,55.50249],[9.3684,55.50261],[9.36866,55.50262]]]},"properties":{"STRKAFS":262022,"NAVN":"Kolding - Lunderskov","HOVER_NAME":"Kolding - Lunderskov","TIB":"26","BANENR":"26","FRA_KM":20.908,"TIL_KM":31.6,"FORKORTELSE":"Kd-Lk","BANENR_NAVN":"(Fredericia) - Lunderskov","HVDSTRK_NAVN":"Fredericia - Padborg","DELSTRK_NAVN":"Fredericia - Lunderskov","BTRTYPETEKST":"Fri Bane","BANEKLASSETEKST":"Hovedbane"}},{"type":"Feature","id":367680,"geometry":{"type":"Polygon","coordinates":[[[9.6584,55.54828],[9.66543,55.54619],[9.66402,55.54528],[9.65774,55.54739],[9.65323,55.54812],[9.65098,55.54812],[9.64695,55.54765],[9.64675,55.54801],[9.64208,55.54774],[9.64057,55.54747],[9.63781,55.54648],[9.6345,55.54595],[9.6355,55.54587],[9.63993,55.54645],[9.64017,55.54617],[9.63958,55.54604],[9.63656,55.54555],[9.63281,55.54571],[9.63071,55.54538],[9.63178,55.54514],[9.63437,55.54414],[9.63428,55.54406],[9.63132,55.54515],[9.62812,55.54535],[9.63031,55.5447],[9.63584,55.54253],[9.63703,55.5425],[9.63916,55.54301],[9.63654,55.54234],[9.63544,55.54252],[9.62828,55.5452],[9.62691,55.54547],[9.64036,55.54756],[9.64051,55.54746],[9.64257,55.54779],[9.6425,55.5479],[9.65035,55.54886],[9.65427,55.54892],[9.65786,55.54839],[9.6584,55.54828]]]},"properties":{"STRKAFS":262509,"NAVN":"Taulov kombiterminal","HOVER_NAME":"Taulov kombiterminal","TIB":"1,26","BANENR":"26","FRA_KM":6.1850000000000005,"TIL_KM":7.932,"FORKORTELSE":"Tlk","BANENR_NAVN":"(Fredericia) - Lunderskov","HVDSTRK_NAVN":"Fredericia - Padborg","DELSTRK_NAVN":"Fredericia - Lunderskov","BTRTYPETEKST":"Kombiterminal","BANEKLASSETEKST":"Hovedbane"}},{"type":"Feature","id":367681,"geometry":{"type":"Polygon","coordinates":[[[9.30607,55.47813],[9.30526,55.4777],[9.30502,55.47781],[9.30482,55.47769],[9.30442,55.47792],[9.30348,55.47739],[9.30328,55.47706],[9.30308,55.47707],[9.30191,55.47383],[9.30151,55.47242],[9.30162,55.47225],[9.3007,55.47229],[9.30117,55.47342],[9.30092,55.47345],[9.29999,55.47188],[9.29977,55.47191],[9.30066,55.47348],[9.30032,55.47357],[9.30108,55.47464],[9.30214,55.47672],[9.30332,55.48013],[9.30456,55.48222],[9.30693,55.48515],[9.30995,55.48796],[9.31219,55.48937],[9.31253,55.48916],[9.31085,55.48821],[9.3064,55.484],[9.30533,55.48216],[9.3055,55.47995],[9.30627,55.47892],[9.30607,55.47813]]]},"properties":{"STRKAFS":263000,"NAVN":"Lunderskov","HOVER_NAME":"Lunderskov","TIB":"26,29","BANENR":"26","FRA_KM":31.6,"TIL_KM":33.716,"FORKORTELSE":"Lk","BANENR_NAVN":"(Fredericia) - Lunderskov","HVDSTRK_NAVN":"Fredericia - Padborg","DELSTRK_NAVN":"Lunderskov","BTRTYPETEKST":"Station","BANEKLASSETEKST":"Hovedbane"}},{"type":"Feature","id":367682,"geometry":{"type":"Polygon","coordinates":[[[9.30156,55.47194],[9.30122,55.47124],[9.30122,55.47085],[9.30163,55.4708],[9.30121,55.46923],[9.30073,55.46389],[9.30046,55.46391],[9.30019,55.4606],[9.301,55.45139],[9.30137,55.45122],[9.30138,55.45071],[9.30081,55.44859],[9.30039,55.44814],[9.29913,55.44344],[9.29941,55.44341],[9.29895,55.44161],[9.29868,55.44167],[9.29815,55.43981],[9.29841,55.43975],[9.29822,55.43923],[9.29742,55.43763],[9.29688,55.43708],[9.29673,55.43711],[9.29526,55.43536],[9.29503,55.43543],[9.29682,55.43773],[9.29771,55.43963],[9.30046,55.44987],[9.30055,55.45175],[9.29979,55.46051],[9.2984,55.46588],[9.29823,55.4679],[9.29836,55.46896],[9.29935,55.47149],[9.29977,55.47191],[9.29999,55.47188],[9.30016,55.47217],[9.30162,55.47225],[9.30156,55.47194]]]},"properties":{"STRKAFS":264034,"NAVN":"Lunderskov - Vamdrup","HOVER_NAME":"Lunderskov - Vamdrup","TIB":"26","BANENR":"98","FRA_KM":33.716,"TIL_KM":37.843,"FORKORTELSE":"Lk-Vm","BANENR_NAVN":"(Lunderskov) - Tinglev","HVDSTRK_NAVN":"Fredericia - Padborg","DELSTRK_NAVN":"Lunderskov - Vojens","BTRTYPETEKST":"Fri Bane","BANEKLASSETEKST":"Hovedbane"}},{"type":"Feature","id":367683,"geometry":{"type":"Polygon","coordinates":[[[8.47274,55.61228],[8.47223,55.61204],[8.47238,55.61187],[8.47098,55.61142],[8.47079,55.6116],[8.46822,55.61059],[8.46701,55.60996],[8.46553,55.60889],[8.46464,55.60804],[8.46488,55.60792],[8.46302,55.60594],[8.46272,55.60605],[8.46129,55.60457],[8.46161,55.60446],[8.46086,55.60367],[8.45883,55.60175],[8.4586,55.60174],[8.4563,55.59926],[8.4566,55.59916],[8.45536,55.59789],[8.45511,55.59799],[8.45484,55.59775],[8.45371,55.59644],[8.45394,55.59638],[8.45043,55.59246],[8.44884,55.58963],[8.44854,55.58969],[8.44764,55.58776],[8.44721,55.58646],[8.44735,55.58642],[8.4466,55.58483],[8.44629,55.58464],[8.44559,55.58282],[8.44584,55.5829],[8.4442,55.57895],[8.44269,55.57556],[8.44243,55.57575],[8.44186,55.57452],[8.43664,55.56263],[8.43698,55.56256],[8.43551,55.55898],[8.43527,55.55911],[8.43494,55.55804],[8.43471,55.54768],[8.435,55.54635],[8.43577,55.5446],[8.43701,55.54234],[8.43733,55.54239],[8.43828,55.54067],[8.43771,55.54056],[8.43511,55.54528],[8.4345,55.54755],[8.4345,55.55517],[8.43483,55.55881],[8.43516,55.55992],[8.43718,55.5646],[8.44168,55.57468],[8.44333,55.57877],[8.44447,55.58109],[8.44432,55.58113],[8.44539,55.58368],[8.446,55.58452],[8.446,55.58497],[8.44673,55.58665],[8.44739,55.5877],[8.44887,55.59111],[8.45013,55.59311],[8.45188,55.59488],[8.45205,55.59523],[8.46502,55.60876],[8.46725,55.6103],[8.46907,55.6112],[8.47268,55.61235],[8.47274,55.61228]]]},"properties":{"STRKAFS":312064,"NAVN":"Guldager - Varde","HOVER_NAME":"Guldager - Varde","TIB":"1031","BANENR":"90","FRA_KM":63.800000000000004,"TIL_KM":72.4,"FORKORTELSE":"Gu-Va","BANENR_NAVN":"(Esbjerg) - Varde","HVDSTRK_NAVN":"Esbjerg - Struer","DELSTRK_NAVN":"Esbjerg - Skjern","BTRTYPETEKST":"Fri Bane","BANEKLASSETEKST":"Lokalbane I"}},{"type":"Feature","id":367684,"geometry":{"type":"Polygon","coordinates":[[[8.47294,55.61227],[8.47223,55.61204],[8.47238,55.61187],[8.47173,55.61167],[8.4714,55.61199],[8.47287,55.61233],[8.47294,55.61227]]]},"properties":{"STRKAFS":312071,"NAVN":"Varde Kaserne","HOVER_NAME":"Varde Kaserne","TIB":"1031","BANENR":"90","FRA_KM":72.31,"TIL_KM":72.409,"FORKORTELSE":"Vka","BANENR_NAVN":"(Esbjerg) - Varde","HVDSTRK_NAVN":"Esbjerg - Struer","DELSTRK_NAVN":"Esbjerg - Skjern","BTRTYPETEKST":"Trinbræt","BANEKLASSETEKST":"Lokalbane I"}},{"type":"Feature","id":367685,"geometry":{"type":"Polygon","coordinates":[[[8.48501,55.61565],[8.48361,55.61515],[8.48348,55.61524],[8.4797,55.61385],[8.47944,55.61408],[8.47449,55.61261],[8.4744,55.6127],[8.4728,55.61223],[8.47268,55.61235],[8.47624,55.6139],[8.47649,55.61368],[8.47926,55.6145],[8.48689,55.61707],[8.4878,55.6177],[8.48885,55.6188],[8.49037,55.62082],[8.49055,55.62078],[8.48979,55.61974],[8.49009,55.61966],[8.4893,55.61869],[8.49008,55.61814],[8.48759,55.61706],[8.48771,55.61691],[8.48688,55.6166],[8.48642,55.61613],[8.48501,55.61565]]]},"properties":{"STRKAFS":312073,"NAVN":"Varde","HOVER_NAME":"Varde","TIB":"662,1031","BANENR":"90","FRA_KM":72.4,"TIL_KM":73.8,"FORKORTELSE":"Va","BANENR_NAVN":"(Esbjerg) - Varde","HVDSTRK_NAVN":"Esbjerg - Struer","DELSTRK_NAVN":"Esbjerg - Skjern","BTRTYPETEKST":"Station","BANEKLASSETEKST":"Lokalbane I"}},{"type":"Feature","id":367686,"geometry":{"type":"Polygon","coordinates":[[[8.59653,55.71122],[8.59613,55.71018],[8.59586,55.71019],[8.59521,55.7089],[8.59072,55.69791],[8.59107,55.69786],[8.59046,55.69645],[8.59011,55.6965],[8.58978,55.69568],[8.59014,55.69562],[8.58972,55.69463],[8.58937,55.69467],[8.58864,55.69253],[8.58831,55.69212],[8.58792,55.69115],[8.58828,55.69111],[8.58742,55.68909],[8.58707,55.68912],[8.58616,55.68684],[8.5861,55.68633],[8.58565,55.68561],[8.58598,55.68553],[8.58409,55.68079],[8.58362,55.68061],[8.58327,55.67982],[8.5831,55.67911],[8.58335,55.67905],[8.58353,55.67876],[8.58319,55.67788],[8.58233,55.67729],[8.58259,55.67703],[8.5824,55.67658],[8.58052,55.67219],[8.58018,55.6722],[8.57843,55.66795],[8.57878,55.66794],[8.57842,55.66696],[8.57801,55.66611],[8.57768,55.66617],[8.57645,55.66442],[8.57497,55.66303],[8.57219,55.66102],[8.5687,55.65897],[8.56695,55.65813],[8.56716,55.65797],[8.56293,55.65558],[8.56106,55.6546],[8.56084,55.65473],[8.55622,55.65216],[8.55658,55.65195],[8.55553,55.65164],[8.55545,55.65173],[8.55167,55.64982],[8.54657,55.64806],[8.54646,55.64778],[8.54401,55.64693],[8.53847,55.64513],[8.53822,55.64528],[8.53771,55.64512],[8.51465,55.63733],[8.51369,55.63699],[8.51389,55.63679],[8.51149,55.63598],[8.51132,55.63616],[8.50949,55.6355],[8.50968,55.63533],[8.50604,55.63403],[8.50321,55.63272],[8.50283,55.63277],[8.50164,55.63204],[8.50109,55.63149],[8.50065,55.63139],[8.50056,55.63131],[8.50072,55.63109],[8.49927,55.62987],[8.49898,55.62995],[8.49818,55.62931],[8.49812,55.62911],[8.4977,55.6289],[8.49787,55.62869],[8.49608,55.62715],[8.49581,55.62725],[8.49542,55.62698],[8.49567,55.62681],[8.49455,55.62576],[8.49398,55.62528],[8.49379,55.62544],[8.493,55.62472],[8.49238,55.62394],[8.49082,55.62074],[8.49009,55.61966],[8.48979,55.61974],[8.49055,55.62078],[8.49201,55.62376],[8.49298,55.6252],[8.49752,55.62903],[8.49755,55.6292],[8.49801,55.62943],[8.50051,55.63153],[8.50065,55.63179],[8.50403,55.63364],[8.5075,55.63506],[8.5202,55.63955],[8.54645,55.64818],[8.5516,55.65005],[8.55396,55.65115],[8.56689,55.65828],[8.56836,55.65924],[8.57005,55.66003],[8.57249,55.6614],[8.57438,55.66283],[8.57683,55.66542],[8.57761,55.66661],[8.57721,55.66669],[8.57801,55.6685],[8.57853,55.66887],[8.58004,55.67246],[8.58258,55.67913],[8.58308,55.67991],[8.58547,55.68578],[8.58541,55.68594],[8.58654,55.6883],[8.58826,55.69293],[8.58923,55.69491],[8.59497,55.70891],[8.59539,55.71025],[8.59615,55.71196],[8.5968,55.71189],[8.59653,55.71122]]]},"properties":{"STRKAFS":312074,"NAVN":"Varde - Tistrup","HOVER_NAME":"Varde - Tistrup","TIB":"1031","BANENR":"91","FRA_KM":73.8,"TIL_KM":86.8,"FORKORTELSE":"Va-Tr","BANENR_NAVN":"(Varde) - Skjern","HVDSTRK_NAVN":"Esbjerg - Struer","DELSTRK_NAVN":"Esbjerg - Skjern","BTRTYPETEKST":"Fri Bane","BANEKLASSETEKST":"Lokalbane II"}},{"type":"Feature","id":367687,"geometry":{"type":"Polygon","coordinates":[[[8.50072,55.63109],[8.49991,55.63041],[8.49933,55.63062],[8.50027,55.63135],[8.5007,55.6312],[8.50072,55.63109]]]},"properties":{"STRKAFS":312075,"NAVN":"Varde Nord","HOVER_NAME":"Varde Nord","TIB":"1031","BANENR":"91","FRA_KM":75.162,"TIL_KM":75.263,"FORKORTELSE":"Vno","BANENR_NAVN":"(Varde) - Skjern","HVDSTRK_NAVN":"Esbjerg - Struer","DELSTRK_NAVN":"Esbjerg - Skjern","BTRTYPETEKST":"Trinbræt","BANEKLASSETEKST":"Lokalbane II"}},{"type":"Feature","id":367688,"geometry":{"type":"Polygon","coordinates":[[[8.57715,55.66534],[8.5768,55.66539],[8.57734,55.66615],[8.57764,55.6661],[8.57738,55.66567],[8.57715,55.66534]]]},"properties":{"STRKAFS":312081,"NAVN":"Sig","HOVER_NAME":"Sig","TIB":"1031","BANENR":"91","FRA_KM":81.47,"TIL_KM":81.563,"FORKORTELSE":"Is","BANENR_NAVN":"(Varde) - Skjern","HVDSTRK_NAVN":"Esbjerg - Struer","DELSTRK_NAVN":"Esbjerg - Skjern","BTRTYPETEKST":"Trinbræt","BANEKLASSETEKST":"Lokalbane II"}},{"type":"Feature","id":367689,"geometry":{"type":"Polygon","coordinates":[[[8.59874,55.71698],[8.5984,55.71624],[8.59824,55.71626],[8.5968,55.71274],[8.59713,55.71271],[8.5968,55.71189],[8.59615,55.71196],[8.59719,55.71512],[8.59963,55.72058],[8.59969,55.72071],[8.60011,55.72066],[8.59855,55.71702],[8.59874,55.71698]]]},"properties":{"STRKAFS":312087,"NAVN":"Tistrup","HOVER_NAME":"Tistrup","TIB":"1031","BANENR":"91","FRA_KM":86.8,"TIL_KM":87.8,"FORKORTELSE":"Tr","BANENR_NAVN":"(Varde) - Skjern","HVDSTRK_NAVN":"Esbjerg - Struer","DELSTRK_NAVN":"Esbjerg - Skjern","BTRTYPETEKST":"Station","BANEKLASSETEKST":"Lokalbane II"}},{"type":"Feature","id":367690,"geometry":{"type":"Polygon","coordinates":[[[8.62116,55.80315],[8.62101,55.8029],[8.6208,55.80295],[8.62065,55.8023],[8.62093,55.80228],[8.62042,55.80029],[8.62008,55.80032],[8.61972,55.79823],[8.6177,55.79111],[8.61804,55.79107],[8.61761,55.78942],[8.61725,55.78942],[8.61702,55.78798],[8.61619,55.78528],[8.61365,55.77511],[8.61242,55.76869],[8.61277,55.76869],[8.61215,55.76563],[8.61197,55.76564],[8.61128,55.76305],[8.60954,55.75411],[8.60983,55.75369],[8.60936,55.7513],[8.60901,55.75135],[8.6064,55.7376],[8.60565,55.73455],[8.60599,55.73451],[8.60347,55.72812],[8.60298,55.72699],[8.60263,55.72701],[8.60011,55.72066],[8.59969,55.72071],[8.60056,55.72299],[8.60173,55.72546],[8.60155,55.72546],[8.60297,55.72845],[8.60558,55.73518],[8.60878,55.75142],[8.60856,55.75148],[8.60859,55.75176],[8.60912,55.75441],[8.60937,55.75446],[8.61095,55.7628],[8.61083,55.76312],[8.61092,55.76367],[8.61114,55.76368],[8.61219,55.76959],[8.6123,55.76958],[8.61265,55.7712],[8.61354,55.77586],[8.61351,55.7766],[8.61372,55.7766],[8.61662,55.78789],[8.61628,55.78794],[8.61637,55.78836],[8.61674,55.78835],[8.61916,55.79828],[8.61975,55.79984],[8.62127,55.80598],[8.62198,55.80592],[8.62142,55.80376],[8.62116,55.80315]]]},"properties":{"STRKAFS":312088,"NAVN":"Tistrup - Ølgod","HOVER_NAME":"Tistrup - Ølgod","TIB":"1031","BANENR":"91","FRA_KM":87.8,"TIL_KM":97.4,"FORKORTELSE":"Tr-Øg","BANENR_NAVN":"(Varde) - Skjern","HVDSTRK_NAVN":"Esbjerg - Struer","DELSTRK_NAVN":"Esbjerg - Skjern","BTRTYPETEKST":"Fri Bane","BANEKLASSETEKST":"Lokalbane II"}},{"type":"Feature","id":367691,"geometry":{"type":"Polygon","coordinates":[[[8.61222,55.76599],[8.61215,55.76563],[8.61197,55.76564],[8.61186,55.76512],[8.61135,55.76516],[8.61153,55.76603],[8.61174,55.76601],[8.61222,55.76599]]]},"properties":{"STRKAFS":312093,"NAVN":"Gårde","HOVER_NAME":"Gårde","TIB":"1031","BANENR":"91","FRA_KM":92.809,"TIL_KM":92.90700000000001,"FORKORTELSE":"Gå","BANENR_NAVN":"(Varde) - Skjern","HVDSTRK_NAVN":"Esbjerg - Struer","DELSTRK_NAVN":"Esbjerg - Skjern","BTRTYPETEKST":"Trinbræt","BANEKLASSETEKST":"Lokalbane II"}},{"type":"Feature","id":367692,"geometry":{"type":"Polygon","coordinates":[[[8.62391,55.81443],[8.62331,55.81174],[8.62352,55.81172],[8.6232,55.81042],[8.62305,55.81044],[8.62275,55.80929],[8.62242,55.80886],[8.6219,55.80712],[8.62224,55.80708],[8.62198,55.80592],[8.62127,55.80598],[8.62258,55.81083],[8.62236,55.81086],[8.62241,55.81162],[8.62256,55.81236],[8.62282,55.81235],[8.62292,55.81295],[8.6227,55.81296],[8.62321,55.81531],[8.62356,55.81531],[8.62344,55.81663],[8.62421,55.81667],[8.62432,55.81607],[8.62391,55.81443]]]},"properties":{"STRKAFS":312097,"NAVN":"Ølgod","HOVER_NAME":"Ølgod","TIB":"1031","BANENR":"91","FRA_KM":97.4,"TIL_KM":98.60000000000001,"FORKORTELSE":"Øg","BANENR_NAVN":"(Varde) - Skjern","HVDSTRK_NAVN":"Esbjerg - Struer","DELSTRK_NAVN":"Esbjerg - Skjern","BTRTYPETEKST":"Station","BANEKLASSETEKST":"Lokalbane II"}},{"type":"Feature","id":367693,"geometry":{"type":"Polygon","coordinates":[[[8.50593,55.93298],[8.50801,55.92966],[8.50781,55.92969],[8.50829,55.92917],[8.51043,55.92584],[8.51032,55.92572],[8.51061,55.92525],[8.51074,55.92527],[8.5115,55.92408],[8.5187,55.91251],[8.52043,55.91028],[8.52242,55.90844],[8.52733,55.90508],[8.52749,55.90526],[8.52981,55.90354],[8.53034,55.90342],[8.52994,55.90326],[8.53268,55.901],[8.535,55.89863],[8.5351,55.89872],[8.5379,55.89575],[8.5382,55.89584],[8.54137,55.89268],[8.54106,55.89259],[8.55724,55.87634],[8.55787,55.87575],[8.5582,55.87585],[8.55939,55.87467],[8.56068,55.8733],[8.56037,55.87324],[8.56426,55.86926],[8.56596,55.86697],[8.56628,55.86703],[8.56767,55.86483],[8.56737,55.86476],[8.56757,55.86447],[8.56788,55.8644],[8.56829,55.86396],[8.5679,55.86389],[8.56857,55.86281],[8.56897,55.86289],[8.56974,55.86198],[8.56973,55.86125],[8.57205,55.8573],[8.57258,55.85708],[8.57502,55.85409],[8.57477,55.85394],[8.57808,55.85029],[8.57832,55.85047],[8.5794,55.84932],[8.57973,55.84894],[8.57944,55.84885],[8.58186,55.84622],[8.58212,55.84636],[8.58452,55.84415],[8.58548,55.84379],[8.58533,55.8436],[8.58628,55.84301],[8.58607,55.84288],[8.58762,55.84206],[8.60364,55.83612],[8.60388,55.83626],[8.60571,55.8356],[8.60553,55.83544],[8.60992,55.83374],[8.61246,55.83238],[8.61457,55.83063],[8.61985,55.82344],[8.61998,55.82362],[8.62102,55.82228],[8.62357,55.81869],[8.62407,55.81747],[8.62421,55.81667],[8.62344,55.81663],[8.62282,55.81857],[8.62192,55.82014],[8.6146,55.82994],[8.61194,55.8323],[8.61061,55.83311],[8.60806,55.83431],[8.59103,55.84046],[8.58643,55.84244],[8.58598,55.84236],[8.58518,55.84281],[8.58521,55.84296],[8.58354,55.84415],[8.57357,55.85486],[8.57168,55.85747],[8.57154,55.85746],[8.56957,55.86072],[8.56874,55.86104],[8.56705,55.86377],[8.56732,55.86438],[8.56572,55.86696],[8.56404,55.86913],[8.56232,55.87098],[8.55705,55.87627],[8.55673,55.87618],[8.55444,55.8785],[8.55466,55.87856],[8.554,55.87935],[8.53213,55.90116],[8.52908,55.90366],[8.52138,55.90905],[8.5209,55.90936],[8.52072,55.90929],[8.51969,55.91024],[8.52007,55.91035],[8.51876,55.91202],[8.51159,55.92327],[8.51142,55.9233],[8.5103,55.92519],[8.5104,55.92524],[8.50886,55.92746],[8.5076,55.92971],[8.50738,55.92972],[8.5061,55.93167],[8.50537,55.93296],[8.50541,55.93319],[8.50525,55.93321],[8.50476,55.93406],[8.50363,55.93536],[8.49674,55.9424],[8.49702,55.94249],[8.49811,55.94147],[8.49914,55.9408],[8.50427,55.93555],[8.50395,55.93546],[8.50526,55.93393],[8.50575,55.93302],[8.50593,55.93298]]]},"properties":{"STRKAFS":312100,"NAVN":"Ølgod - Skjern","HOVER_NAME":"Ølgod - Skjern","TIB":"1031","BANENR":"91","FRA_KM":98.60000000000001,"TIL_KM":115,"FORKORTELSE":"Øg-Sj","BANENR_NAVN":"(Varde) - Skjern","HVDSTRK_NAVN":"Esbjerg - Struer","DELSTRK_NAVN":"Esbjerg - Skjern","BTRTYPETEKST":"Fri Bane","BANEKLASSETEKST":"Lokalbane II"}},{"type":"Feature","id":367694,"geometry":{"type":"Polygon","coordinates":[[[8.52043,55.91028],[8.52082,55.90992],[8.52022,55.90974],[8.51969,55.91024],[8.52007,55.91035],[8.51934,55.91122],[8.51961,55.91127],[8.52008,55.9107],[8.52043,55.91028]]]},"properties":{"STRKAFS":312111,"NAVN":"Tarm","HOVER_NAME":"Tarm","TIB":"1031","BANENR":"91","FRA_KM":111.07000000000001,"TIL_KM":111.24000000000001,"FORKORTELSE":"Ta","BANENR_NAVN":"(Varde) - Skjern","HVDSTRK_NAVN":"Esbjerg - Struer","DELSTRK_NAVN":"Esbjerg - Skjern","BTRTYPETEKST":"Trinbræt","BANEKLASSETEKST":"Lokalbane II"}},{"type":"Feature","id":367695,"geometry":{"type":"Polygon","coordinates":[[[9.01473,55.48247],[9.01451,55.48245],[9.01429,55.48271],[9.01667,55.48291],[9.01676,55.48264],[9.01598,55.48255],[9.01473,55.48247]]]},"properties":{"STRKAFS":292019,"NAVN":"Brørup","HOVER_NAME":"Brørup","TIB":"1029","BANENR":"29","FRA_KM":19.373,"TIL_KM":19.529,"FORKORTELSE":"Bp","BANENR_NAVN":"(Lunderskov) - Bramming","HVDSTRK_NAVN":"Lunderskov - Esbjerg","DELSTRK_NAVN":"Lunderskov - Bramming","BTRTYPETEKST":"Trinbræt","BANEKLASSETEKST":"Hovedbane"}},{"type":"Feature","id":367696,"geometry":{"type":"Polygon","coordinates":[[[8.92228,55.48503],[8.925,55.48482],[8.92499,55.48456],[8.91166,55.48473],[8.90606,55.4845],[8.90601,55.48474],[8.90866,55.48493],[8.92062,55.48503],[8.92228,55.48503]]]},"properties":{"STRKAFS":292025,"NAVN":"Holsted","HOVER_NAME":"Holsted","TIB":"1029","BANENR":"29","FRA_KM":25.2,"TIL_KM":26.400000000000002,"FORKORTELSE":"Hq","BANENR_NAVN":"(Lunderskov) - Bramming","HVDSTRK_NAVN":"Lunderskov - Esbjerg","DELSTRK_NAVN":"Lunderskov - Bramming","BTRTYPETEKST":"Station","BANEKLASSETEKST":"Hovedbane"}},{"type":"Feature","id":367697,"geometry":{"type":"Polygon","coordinates":[[[8.90349,55.48428],[8.87105,55.47989],[8.87105,55.47976],[8.86877,55.47939],[8.86875,55.47955],[8.83165,55.47294],[8.82378,55.47191],[8.82371,55.47205],[8.80376,55.46981],[8.8023,55.46951],[8.79745,55.469],[8.79752,55.4688],[8.79321,55.46843],[8.79304,55.4686],[8.76472,55.46825],[8.74485,55.46696],[8.74487,55.4668],[8.7404,55.46667],[8.72151,55.4654],[8.7202,55.46515],[8.7201,55.46562],[8.72317,55.46581],[8.7232,55.46566],[8.7412,55.46691],[8.74135,55.46713],[8.7448,55.46733],[8.74483,55.46713],[8.76448,55.46843],[8.7914,55.46875],[8.79406,55.46891],[8.80027,55.46957],[8.80162,55.46986],[8.80347,55.46994],[8.82436,55.47228],[8.82535,55.47242],[8.82529,55.47255],[8.82695,55.47273],[8.827,55.4726],[8.8305,55.47302],[8.84447,55.4754],[8.84438,55.47553],[8.84537,55.47572],[8.84547,55.47558],[8.8582,55.4778],[8.86702,55.47941],[8.86881,55.47986],[8.87106,55.48017],[8.87108,55.48005],[8.90106,55.48438],[8.90109,55.48425],[8.90601,55.48474],[8.90606,55.4845],[8.90412,55.48433],[8.90349,55.48428]]]},"properties":{"STRKAFS":292028,"NAVN":"Holsted - Bramming","HOVER_NAME":"Holsted - Bramming","TIB":"1029","BANENR":"29","FRA_KM":26.400000000000002,"TIL_KM":38.4,"FORKORTELSE":"Hq-Bm","BANENR_NAVN":"(Lunderskov) - Bramming","HVDSTRK_NAVN":"Lunderskov - Esbjerg","DELSTRK_NAVN":"Lunderskov - Bramming","BTRTYPETEKST":"Fri Bane","BANEKLASSETEKST":"Hovedbane"}},{"type":"Feature","id":367698,"geometry":{"type":"Polygon","coordinates":[[[8.79982,55.46923],[8.79966,55.46921],[8.79961,55.46951],[8.80213,55.4699],[8.80223,55.46969],[8.80193,55.46965],[8.80201,55.46948],[8.80021,55.46927],[8.79982,55.46923]]]},"properties":{"STRKAFS":292033,"NAVN":"Gørding","HOVER_NAME":"Gørding","TIB":"1029","BANENR":"29","FRA_KM":33.186,"TIL_KM":33.356,"FORKORTELSE":"Gø","BANENR_NAVN":"(Lunderskov) - Bramming","HVDSTRK_NAVN":"Lunderskov - Esbjerg","DELSTRK_NAVN":"Lunderskov - Bramming","BTRTYPETEKST":"Trinbræt","BANEKLASSETEKST":"Hovedbane"}},{"type":"Feature","id":367699,"geometry":{"type":"Polygon","coordinates":[[[8.7161,55.46475],[8.71605,55.46464],[8.71718,55.46449],[8.7165,55.46422],[8.71597,55.4642],[8.71622,55.46359],[8.7162,55.46261],[8.71602,55.4626],[8.71606,55.46332],[8.7159,55.46394],[8.71508,55.46454],[8.71419,55.46472],[8.71306,55.46472],[8.71278,55.46442],[8.71234,55.46426],[8.71138,55.4645],[8.71119,55.46409],[8.7107,55.46409],[8.71051,55.46385],[8.71031,55.46388],[8.71042,55.46403],[8.70767,55.46379],[8.70761,55.46399],[8.70534,55.46392],[8.70528,55.46419],[8.70187,55.46395],[8.70144,55.46407],[8.70066,55.46396],[8.70067,55.4638],[8.69593,55.46362],[8.69503,55.46359],[8.69498,55.4639],[8.70565,55.46448],[8.70632,55.4648],[8.70795,55.4649],[8.70823,55.46469],[8.7201,55.46562],[8.7202,55.46515],[8.7195,55.46502],[8.71619,55.465],[8.71611,55.46478],[8.7161,55.46475]]]},"properties":{"STRKAFS":293000,"NAVN":"Bramming","HOVER_NAME":"Bramming","TIB":"1029,1030","BANENR":"29","FRA_KM":38.4,"TIL_KM":40,"FORKORTELSE":"Bm","BANENR_NAVN":"(Lunderskov) - Bramming","HVDSTRK_NAVN":"Lunderskov - Esbjerg","DELSTRK_NAVN":"Bramming","BTRTYPETEKST":"Station","BANEKLASSETEKST":"Hovedbane"}},{"type":"Feature","id":367700,"geometry":{"type":"Polygon","coordinates":[[[8.47465,55.47624],[8.48067,55.47551],[8.48047,55.47539],[8.48865,55.47428],[8.49541,55.47358],[8.49622,55.47354],[8.49625,55.47372],[8.50346,55.47329],[8.50352,55.47309],[8.51624,55.47231],[8.51629,55.4725],[8.52589,55.47189],[8.52588,55.4717],[8.52777,55.47158],[8.53354,55.47125],[8.53359,55.47144],[8.53893,55.47108],[8.53891,55.47091],[8.55258,55.47005],[8.553,55.47003],[8.55304,55.47021],[8.55948,55.46988],[8.5625,55.46959],[8.56242,55.46941],[8.56709,55.46895],[8.57668,55.46719],[8.57672,55.46745],[8.57791,55.46728],[8.57823,55.46743],[8.57954,55.46721],[8.58325,55.4664],[8.58755,55.46517],[8.58735,55.46499],[8.58794,55.46489],[8.58847,55.4648],[8.58859,55.465],[8.59307,55.46445],[8.59793,55.46415],[8.59805,55.46403],[8.60264,55.4641],[8.63572,55.46552],[8.63774,55.46572],[8.64895,55.46607],[8.66027,55.46575],[8.66811,55.46523],[8.67698,55.46431],[8.68456,55.46377],[8.68938,55.46365],[8.69498,55.4639],[8.69503,55.46359],[8.68867,55.46345],[8.68451,55.46358],[8.65938,55.46555],[8.65821,55.46561],[8.65817,55.46536],[8.65413,55.46563],[8.65412,55.46576],[8.65045,55.46583],[8.59802,55.46382],[8.59801,55.46361],[8.59308,55.46382],[8.59005,55.46419],[8.58356,55.46552],[8.58294,55.4655],[8.57767,55.46661],[8.57674,55.46695],[8.57103,55.46802],[8.56264,55.46921],[8.56258,55.46906],[8.55331,55.46968],[8.55333,55.46984],[8.53298,55.47109],[8.52948,55.47113],[8.52932,55.47133],[8.52597,55.47154],[8.52562,55.47142],[8.52305,55.47158],[8.52304,55.47171],[8.51278,55.47235],[8.4953,55.47328],[8.49533,55.47342],[8.49275,55.4735],[8.47355,55.47589],[8.4716,55.47589],[8.46917,55.47566],[8.46655,55.47505],[8.46451,55.47425],[8.46428,55.4744],[8.46626,55.47519],[8.46842,55.47574],[8.4684,55.47595],[8.47119,55.47631],[8.47414,55.4763],[8.47465,55.47624]]]},"properties":{"STRKAFS":294042,"NAVN":"Bramming - Esbjerg","HOVER_NAME":"Bramming - Esbjerg","TIB":"1029","BANENR":"97","FRA_KM":40,"TIL_KM":54.800000000000004,"FORKORTELSE":"Bm-Es","BANENR_NAVN":"(Bramming) - Esbjerg","HVDSTRK_NAVN":"Lunderskov - Esbjerg","DELSTRK_NAVN":"Bramming - Esbjerg","BTRTYPETEKST":"Fri Bane","BANEKLASSETEKST":"Hovedbane"}},{"type":"Feature","id":367701,"geometry":{"type":"Polygon","coordinates":[[[8.58085,55.46695],[8.58048,55.46633],[8.58099,55.46622],[8.58079,55.46592],[8.57783,55.46657],[8.57797,55.46682],[8.57823,55.46677],[8.57858,55.46737],[8.5805,55.46702],[8.58085,55.46695]]]},"properties":{"STRKAFS":294047,"NAVN":"Tjæreborg","HOVER_NAME":"Tjæreborg","TIB":"1029","BANENR":"97","FRA_KM":47.274,"TIL_KM":47.475,"FORKORTELSE":"Tb","BANENR_NAVN":"(Bramming) - Esbjerg","HVDSTRK_NAVN":"Lunderskov - Esbjerg","DELSTRK_NAVN":"Bramming - Esbjerg","BTRTYPETEKST":"Trinbræt","BANEKLASSETEKST":"Hovedbane"}},{"type":"Feature","id":367702,"geometry":{"type":"Polygon","coordinates":[[[8.48735,55.47432],[8.48593,55.47441],[8.48598,55.47452],[8.48578,55.47455],[8.48583,55.47467],[8.48722,55.47451],[8.48717,55.47437],[8.48736,55.47433],[8.48735,55.47432]]]},"properties":{"STRKAFS":294053,"NAVN":"Jerne","HOVER_NAME":"Jerne","TIB":"1029","BANENR":"97","FRA_KM":53.28,"TIL_KM":53.383,"FORKORTELSE":"Jne","BANENR_NAVN":"(Bramming) - Esbjerg","HVDSTRK_NAVN":"Lunderskov - Esbjerg","DELSTRK_NAVN":"Bramming - Esbjerg","BTRTYPETEKST":"Trinbræt","BANEKLASSETEKST":"Hovedbane"}},{"type":"Feature","id":367703,"geometry":{"type":"Polygon","coordinates":[[[8.47431,55.47582],[8.47425,55.47571],[8.47337,55.47581],[8.47388,55.47547],[8.47401,55.47442],[8.47377,55.47443],[8.47361,55.47522],[8.47332,55.47567],[8.47164,55.47578],[8.46936,55.47524],[8.46727,55.47499],[8.46481,55.47419],[8.46401,55.47377],[8.46407,55.47369],[8.46263,55.47267],[8.4617,55.47142],[8.46116,55.47106],[8.45974,55.46718],[8.45914,55.46621],[8.4587,55.46494],[8.45816,55.46496],[8.45778,55.46323],[8.45675,55.4624],[8.4552,55.46206],[8.45424,55.46208],[8.45429,55.46223],[8.45531,55.46224],[8.45638,55.46255],[8.45711,55.46316],[8.45763,55.46558],[8.4572,55.46565],[8.45867,55.4696],[8.45888,55.46965],[8.46048,55.47145],[8.46166,55.47464],[8.46202,55.47459],[8.4611,55.4721],[8.46246,55.4733],[8.46428,55.4744],[8.46451,55.47425],[8.46655,55.47505],[8.46917,55.47566],[8.4716,55.47589],[8.47355,55.47589],[8.47431,55.47582]]]},"properties":{"STRKAFS":295000,"NAVN":"Esbjerg","HOVER_NAME":"Esbjerg","TIB":"1029,1031","BANENR":"97","FRA_KM":54.800000000000004,"TIL_KM":56.4,"FORKORTELSE":"Es","BANENR_NAVN":"(Bramming) - Esbjerg","HVDSTRK_NAVN":"Lunderskov - Esbjerg","DELSTRK_NAVN":"Esbjerg","BTRTYPETEKST":"Station","BANEKLASSETEKST":"Hovedbane"}},{"type":"Feature","id":367704,"geometry":{"type":"Polygon","coordinates":[[[8.43763,55.46719],[8.43901,55.4663],[8.44115,55.46532],[8.44746,55.46357],[8.44998,55.46368],[8.45123,55.46347],[8.45329,55.46246],[8.45429,55.46223],[8.45424,55.46208],[8.45294,55.46241],[8.4508,55.4634],[8.44987,55.46357],[8.45369,55.46198],[8.45968,55.46173],[8.45969,55.46151],[8.4708,55.45965],[8.47067,55.45939],[8.46239,55.46068],[8.46398,55.46005],[8.46443,55.45934],[8.46332,55.45461],[8.46306,55.45394],[8.46201,55.45241],[8.46181,55.45245],[8.46311,55.45464],[8.46411,55.45878],[8.464,55.45964],[8.46276,55.46045],[8.46334,55.46005],[8.46349,55.4593],[8.46207,55.4573],[8.46159,55.45695],[8.4605,55.45666],[8.45376,55.45694],[8.44284,55.45781],[8.4429,55.45793],[8.44649,55.45774],[8.45118,55.45735],[8.45047,55.45768],[8.45007,55.4583],[8.45064,55.46147],[8.45091,55.46145],[8.45028,55.45889],[8.45031,55.45825],[8.4508,55.45767],[8.45194,55.4573],[8.45993,55.45673],[8.46169,55.45731],[8.46265,55.45842],[8.46175,55.45811],[8.46038,55.45806],[8.45757,55.45877],[8.45043,55.45933],[8.45044,55.45946],[8.45772,55.45885],[8.46106,55.45817],[8.46194,55.45831],[8.46286,55.45882],[8.46309,55.45912],[8.46318,55.4597],[8.46242,55.46048],[8.46165,55.46071],[8.46211,55.46042],[8.46235,55.45993],[8.46239,55.45947],[8.46228,55.45924],[8.46204,55.45925],[8.46206,55.46003],[8.46176,55.46042],[8.46107,55.4608],[8.45809,55.46144],[8.45355,55.4619],[8.44953,55.46352],[8.44838,55.46343],[8.44726,55.46288],[8.44706,55.46249],[8.44688,55.46131],[8.44667,55.46133],[8.44696,55.46279],[8.4441,55.4614],[8.44393,55.4615],[8.4479,55.46343],[8.44652,55.46364],[8.44247,55.46487],[8.44059,55.46503],[8.43848,55.46483],[8.43619,55.46398],[8.43412,55.46372],[8.43278,55.46316],[8.4324,55.46263],[8.43242,55.46193],[8.43339,55.46114],[8.43436,55.46065],[8.43421,55.46056],[8.43164,55.46213],[8.42917,55.46468],[8.4294,55.46475],[8.43219,55.46196],[8.43204,55.46243],[8.43244,55.46354],[8.43144,55.46606],[8.43174,55.46611],[8.43238,55.46462],[8.4327,55.46375],[8.43261,55.46328],[8.43362,55.46376],[8.43619,55.46417],[8.43766,55.46494],[8.43861,55.4652],[8.44094,55.46527],[8.43852,55.46634],[8.43778,55.46643],[8.43715,55.4663],[8.43554,55.46545],[8.43284,55.46434],[8.43267,55.46447],[8.43722,55.4665],[8.43836,55.46653],[8.43678,55.46733],[8.43519,55.46759],[8.43452,55.46788],[8.42984,55.47148],[8.42958,55.47182],[8.4294,55.47269],[8.42887,55.47342],[8.41997,55.48245],[8.42014,55.48249],[8.42134,55.48134],[8.4291,55.47345],[8.42958,55.4728],[8.42993,55.47174],[8.43044,55.47124],[8.43482,55.46791],[8.43749,55.46719],[8.43763,55.46719]]]},"properties":{"STRKAFS":295901,"NAVN":"Esbjerg Havn","HOVER_NAME":"Esbjerg Havn","TIB":null,"BANENR":"97","FRA_KM":0,"TIL_KM":0,"FORKORTELSE":"Esh","BANENR_NAVN":"(Bramming) - Esbjerg","HVDSTRK_NAVN":"Lunderskov - Esbjerg","DELSTRK_NAVN":"Esbjerg","BTRTYPETEKST":"Teknisk Station","BANEKLASSETEKST":"Hovedbane"}},{"type":"Feature","id":367705,"geometry":{"type":"Polygon","coordinates":[[[8.71946,55.46408],[8.7198,55.46412],[8.72214,55.46273],[8.72294,55.46191],[8.72463,55.45938],[8.7249,55.45951],[8.7281,55.45493],[8.72785,55.45496],[8.72782,55.45483],[8.73032,55.45123],[8.7311,55.44965],[8.73157,55.44791],[8.73179,55.44758],[8.73192,55.4467],[8.73185,55.44631],[8.73164,55.44625],[8.73193,55.4456],[8.73225,55.44407],[8.73229,55.44297],[8.73352,55.43537],[8.73367,55.43517],[8.73364,55.43467],[8.73438,55.42981],[8.73464,55.42924],[8.73485,55.42925],[8.73505,55.42817],[8.73517,55.42724],[8.73492,55.42723],[8.73487,55.42681],[8.7356,55.42201],[8.73594,55.42202],[8.73673,55.41699],[8.73641,55.41697],[8.73662,55.4153],[8.73773,55.4084],[8.73803,55.40839],[8.73831,55.40673],[8.738,55.40671],[8.7381,55.40598],[8.7389,55.40325],[8.7387,55.40323],[8.73786,55.40558],[8.73715,55.41053],[8.7365,55.41377],[8.73619,55.41688],[8.73357,55.43286],[8.73349,55.43422],[8.73255,55.44016],[8.73066,55.44984],[8.72965,55.45185],[8.72268,55.4617],[8.72124,55.46293],[8.72013,55.46358],[8.71812,55.46433],[8.71605,55.46464],[8.71619,55.465],[8.7195,55.46502],[8.71946,55.46408]]]},"properties":{"STRKAFS":302002,"NAVN":"Bramming - Gredstedbro","HOVER_NAME":"Bramming - Gredstedbro","TIB":"1030","BANENR":"94","FRA_KM":0.6,"TIL_KM":7.8,"FORKORTELSE":"Bm-Gs","BANENR_NAVN":"(Bramming) - Ribe","HVDSTRK_NAVN":"Bramming - Tønder Grænse","DELSTRK_NAVN":"Bramming - Tønder","BTRTYPETEKST":"Fri Bane","BANEKLASSETEKST":"Lokalbane I"}},{"type":"Feature","id":367706,"geometry":{"type":"Polygon","coordinates":[[[8.73344,55.43607],[8.73367,55.4352],[8.73333,55.43519],[8.73316,55.43606],[8.7333,55.43606],[8.73344,55.43607]]]},"properties":{"STRKAFS":302005,"NAVN":"Sejstrup","HOVER_NAME":"Sejstrup","TIB":"1030","BANENR":"94","FRA_KM":4.1290000000000004,"TIL_KM":4.226,"FORKORTELSE":"Sej","BANENR_NAVN":"(Bramming) - Ribe","HVDSTRK_NAVN":"Bramming - Tønder Grænse","DELSTRK_NAVN":"Bramming - Tønder","BTRTYPETEKST":"Trinbræt","BANEKLASSETEKST":"Lokalbane I"}},{"type":"Feature","id":367707,"geometry":{"type":"Polygon","coordinates":[[[8.73908,55.40284],[8.73943,55.40197],[8.73962,55.402],[8.73979,55.40176],[8.74106,55.39901],[8.74153,55.39775],[8.74137,55.39721],[8.74247,55.39453],[8.74213,55.39448],[8.74142,55.39637],[8.74119,55.39656],[8.7387,55.40323],[8.7389,55.40325],[8.73908,55.40284]]]},"properties":{"STRKAFS":302007,"NAVN":"Gredstedbro","HOVER_NAME":"Gredstedbro","TIB":"1030","BANENR":"94","FRA_KM":7.8,"TIL_KM":8.8,"FORKORTELSE":"Gs","BANENR_NAVN":"(Bramming) - Ribe","HVDSTRK_NAVN":"Bramming - Tønder Grænse","DELSTRK_NAVN":"Bramming - Tønder","BTRTYPETEKST":"Station","BANEKLASSETEKST":"Lokalbane I"}},{"type":"Feature","id":367708,"geometry":{"type":"Polygon","coordinates":[[[8.74604,55.38565],[8.74625,55.38506],[8.74653,55.38509],[8.74686,55.38424],[8.74658,55.38427],[8.74787,55.38102],[8.74903,55.3782],[8.74934,55.3782],[8.74946,55.37791],[8.74919,55.37792],[8.7512,55.3728],[8.75202,55.37146],[8.75399,55.36904],[8.75442,55.36898],[8.75475,55.36808],[8.76217,55.35894],[8.76245,55.35901],[8.7629,55.35846],[8.7639,55.35721],[8.76362,55.35717],[8.76594,55.35429],[8.76624,55.35441],[8.7679,55.35231],[8.76762,55.35227],[8.76846,55.35127],[8.76875,55.35133],[8.77042,55.34929],[8.77013,55.34922],[8.77395,55.34478],[8.77542,55.3428],[8.77538,55.34238],[8.77575,55.34161],[8.77601,55.34036],[8.776,55.33889],[8.77547,55.33734],[8.77559,55.33729],[8.77307,55.3326],[8.77336,55.33257],[8.77302,55.33177],[8.77225,55.33191],[8.77523,55.33737],[8.77562,55.33861],[8.77569,55.34066],[8.77526,55.34209],[8.77386,55.34425],[8.77248,55.34595],[8.77211,55.34619],[8.7661,55.35364],[8.76532,55.35479],[8.75366,55.36903],[8.7534,55.36903],[8.75339,55.36932],[8.75171,55.37152],[8.75016,55.37464],[8.74633,55.38429],[8.7461,55.38433],[8.74578,55.38565],[8.74213,55.39448],[8.74247,55.39453],[8.74266,55.3941],[8.74556,55.38689],[8.74604,55.38565]]]},"properties":{"STRKAFS":302010,"NAVN":"Gredstedbro - Ribe","HOVER_NAME":"Gredstedbro - Ribe","TIB":"1030","BANENR":"94","FRA_KM":8.8,"TIL_KM":16.2,"FORKORTELSE":"Gs-Rb","BANENR_NAVN":"(Bramming) - Ribe","HVDSTRK_NAVN":"Bramming - Tønder Grænse","DELSTRK_NAVN":"Bramming - Tønder","BTRTYPETEKST":"Fri Bane","BANEKLASSETEKST":"Lokalbane I"}},{"type":"Feature","id":367709,"geometry":{"type":"Polygon","coordinates":[[[8.77604,55.33968],[8.77601,55.33903],[8.77569,55.33905],[8.77575,55.33993],[8.77603,55.33993],[8.77604,55.33968]]]},"properties":{"STRKAFS":302015,"NAVN":"Ribe Nørremark","HOVER_NAME":"Ribe Nørremark","TIB":"1030","BANENR":"94","FRA_KM":15.272,"TIL_KM":15.372,"FORKORTELSE":"Rbn","BANENR_NAVN":"(Bramming) - Ribe","HVDSTRK_NAVN":"Bramming - Tønder Grænse","DELSTRK_NAVN":"Bramming - Tønder","BTRTYPETEKST":"Trinbræt","BANEKLASSETEKST":"Lokalbane I"}},{"type":"Feature","id":367710,"geometry":{"type":"Polygon","coordinates":[[[8.77299,55.33174],[8.77249,55.33171],[8.77201,55.3308],[8.7716,55.32874],[8.77121,55.32805],[8.77074,55.32806],[8.77044,55.32734],[8.76955,55.32605],[8.76965,55.32599],[8.76911,55.32493],[8.7685,55.32504],[8.76838,55.32525],[8.76889,55.32564],[8.76945,55.32646],[8.77057,55.32854],[8.77062,55.32925],[8.77095,55.3295],[8.77165,55.33062],[8.77225,55.33191],[8.77302,55.33177],[8.77299,55.33174]]]},"properties":{"STRKAFS":302017,"NAVN":"Ribe","HOVER_NAME":"Ribe","TIB":"1030","BANENR":"94","FRA_KM":16.2,"TIL_KM":17,"FORKORTELSE":"Rb","BANENR_NAVN":"(Bramming) - Ribe","HVDSTRK_NAVN":"Bramming - Tønder Grænse","DELSTRK_NAVN":"Bramming - Tønder","BTRTYPETEKST":"Station","BANEKLASSETEKST":"Lokalbane I"}},{"type":"Feature","id":367711,"geometry":{"type":"Polygon","coordinates":[[[8.76877,55.32428],[8.76806,55.32297],[8.76817,55.32275],[8.76658,55.3205],[8.76575,55.3187],[8.76206,55.31205],[8.76237,55.31174],[8.76212,55.31126],[8.76195,55.31131],[8.76118,55.30993],[8.76099,55.31],[8.75829,55.30478],[8.75746,55.30363],[8.7564,55.30264],[8.75657,55.30256],[8.75338,55.30007],[8.74898,55.29601],[8.74883,55.29605],[8.74841,55.29573],[8.74824,55.29578],[8.74692,55.29465],[8.74707,55.29459],[8.74645,55.29405],[8.73906,55.28808],[8.73924,55.28801],[8.73875,55.28757],[8.73853,55.28762],[8.73777,55.28696],[8.73795,55.28689],[8.73753,55.28652],[8.73729,55.28652],[8.73657,55.28576],[8.73465,55.2825],[8.73476,55.28245],[8.73425,55.28148],[8.73441,55.28091],[8.73405,55.27986],[8.73209,55.27678],[8.73234,55.27674],[8.72888,55.27085],[8.72827,55.27064],[8.72747,55.26966],[8.7264,55.26747],[8.72628,55.26749],[8.72511,55.26533],[8.72464,55.26361],[8.72449,55.262],[8.72467,55.26056],[8.72668,55.25261],[8.72709,55.25234],[8.72676,55.25228],[8.72767,55.24839],[8.72796,55.24831],[8.7278,55.24798],[8.72874,55.24407],[8.7305,55.23774],[8.73157,55.23291],[8.7318,55.23278],[8.73324,55.22593],[8.73366,55.22535],[8.73356,55.2249],[8.73443,55.2212],[8.7359,55.21523],[8.73603,55.21522],[8.73628,55.21418],[8.73635,55.2134],[8.73766,55.20887],[8.73749,55.20883],[8.73995,55.19888],[8.74027,55.19876],[8.74062,55.19734],[8.74033,55.19732],[8.74051,55.19656],[8.7407,55.19583],[8.74093,55.19585],[8.74122,55.19457],[8.74105,55.19452],[8.74172,55.19237],[8.74287,55.187],[8.74359,55.1847],[8.74511,55.18214],[8.74693,55.17996],[8.7645,55.16433],[8.76488,55.16432],[8.76504,55.16389],[8.76854,55.16128],[8.76818,55.16113],[8.76622,55.16271],[8.76587,55.16266],[8.76534,55.1634],[8.75548,55.17177],[8.75138,55.17569],[8.74675,55.17979],[8.74469,55.18213],[8.7436,55.18391],[8.74294,55.18571],[8.74176,55.18994],[8.74068,55.19448],[8.74033,55.19444],[8.73936,55.1985],[8.73969,55.19863],[8.73956,55.19941],[8.73722,55.20873],[8.73663,55.20916],[8.73712,55.2092],[8.7361,55.21343],[8.73578,55.21351],[8.73574,55.21476],[8.73345,55.22403],[8.7333,55.22404],[8.73288,55.22548],[8.73272,55.22549],[8.73296,55.22605],[8.73057,55.23564],[8.73001,55.23724],[8.72896,55.24225],[8.7275,55.24812],[8.72698,55.24837],[8.727,55.24856],[8.72739,55.2485],[8.72475,55.25931],[8.72461,55.25933],[8.72466,55.25959],[8.72422,55.26125],[8.7242,55.26231],[8.72464,55.26488],[8.72766,55.27074],[8.72741,55.27082],[8.72741,55.27124],[8.72909,55.27424],[8.73006,55.27502],[8.73058,55.27576],[8.73094,55.27585],[8.73199,55.27765],[8.73392,55.28168],[8.73366,55.2817],[8.73395,55.28226],[8.73422,55.28221],[8.73606,55.28553],[8.73715,55.28673],[8.74065,55.28969],[8.74137,55.29087],[8.74192,55.29076],[8.748,55.29609],[8.74926,55.29712],[8.74947,55.29704],[8.75715,55.30363],[8.75859,55.30595],[8.76573,55.31965],[8.76634,55.32052],[8.76667,55.32127],[8.7665,55.32131],[8.76659,55.32154],[8.76801,55.32439],[8.76821,55.32428],[8.7685,55.32504],[8.76911,55.32493],[8.76877,55.32428]]]},"properties":{"STRKAFS":302018,"NAVN":"Ribe - Skærbæk","HOVER_NAME":"Ribe - Skærbæk","TIB":"1030","BANENR":"95","FRA_KM":17,"TIL_KM":36.4,"FORKORTELSE":"Rb-Æk","BANENR_NAVN":"(Ribe) - Tønder","HVDSTRK_NAVN":"Bramming - Tønder Grænse","DELSTRK_NAVN":"Bramming - Tønder","BTRTYPETEKST":"Fri Bane","BANEKLASSETEKST":"Lokalbane II"}},{"type":"Feature","id":367712,"geometry":{"type":"Polygon","coordinates":[[[8.73097,55.2745],[8.73075,55.27415],[8.72928,55.27444],[8.73021,55.27521],[8.73127,55.275],[8.73101,55.27458],[8.73097,55.2745]]]},"properties":{"STRKAFS":302023,"NAVN":"Hviding","HOVER_NAME":"Hviding","TIB":"1030","BANENR":"95","FRA_KM":23.119,"TIL_KM":23.219,"FORKORTELSE":"Vd","BANENR_NAVN":"(Ribe) - Tønder","HVDSTRK_NAVN":"Bramming - Tønder Grænse","DELSTRK_NAVN":"Bramming - Tønder","BTRTYPETEKST":"Trinbræt","BANEKLASSETEKST":"Lokalbane II"}},{"type":"Feature","id":367713,"geometry":{"type":"Polygon","coordinates":[[[8.73219,55.22973],[8.73203,55.22971],[8.73179,55.23059],[8.73218,55.23061],[8.7324,55.22974],[8.73219,55.22973]]]},"properties":{"STRKAFS":302029,"NAVN":"Rejsby","HOVER_NAME":"Rejsby","TIB":"1030","BANENR":"95","FRA_KM":28.169,"TIL_KM":28.267000000000003,"FORKORTELSE":"Rej","BANENR_NAVN":"(Ribe) - Tønder","HVDSTRK_NAVN":"Bramming - Tønder Grænse","DELSTRK_NAVN":"Bramming - Tønder","BTRTYPETEKST":"Trinbræt","BANEKLASSETEKST":"Lokalbane II"}},{"type":"Feature","id":367714,"geometry":{"type":"Polygon","coordinates":[[[8.74089,55.19455],[8.74032,55.19449],[8.7402,55.19498],[8.74111,55.19504],[8.74121,55.19459],[8.74089,55.19455]]]},"properties":{"STRKAFS":302033,"NAVN":"Brøns","HOVER_NAME":"Brøns","TIB":"1030","BANENR":"95","FRA_KM":32.169000000000004,"TIL_KM":32.22,"FORKORTELSE":"Brr","BANENR_NAVN":"(Ribe) - Tønder","HVDSTRK_NAVN":"Bramming - Tønder Grænse","DELSTRK_NAVN":"Bramming - Tønder","BTRTYPETEKST":"Trinbræt","BANEKLASSETEKST":"Lokalbane II"}},{"type":"Feature","id":367715,"geometry":{"type":"Polygon","coordinates":[[[8.76884,55.16104],[8.77042,55.15985],[8.7707,55.15995],[8.77409,55.15738],[8.77501,55.15647],[8.7748,55.15637],[8.77524,55.15604],[8.77825,55.15429],[8.77797,55.1541],[8.77385,55.15637],[8.77175,55.15798],[8.77212,55.15815],[8.77125,55.15859],[8.77091,55.15906],[8.76818,55.16113],[8.76854,55.16128],[8.76884,55.16104]]]},"properties":{"STRKAFS":302037,"NAVN":"Skærbæk","HOVER_NAME":"Skærbæk","TIB":"1030","BANENR":"95","FRA_KM":36.4,"TIL_KM":37.4,"FORKORTELSE":"Æk","BANENR_NAVN":"(Ribe) - Tønder","HVDSTRK_NAVN":"Bramming - Tønder Grænse","DELSTRK_NAVN":"Bramming - Tønder","BTRTYPETEKST":"Station","BANEKLASSETEKST":"Lokalbane II"}},{"type":"Feature","id":367716,"geometry":{"type":"Polygon","coordinates":[[[8.78173,55.15264],[8.79069,55.14881],[8.7915,55.14829],[8.79377,55.14742],[8.79374,55.14727],[8.79467,55.14678],[8.79631,55.14543],[8.79752,55.14374],[8.80035,55.13648],[8.80102,55.13495],[8.80128,55.13485],[8.80133,55.13465],[8.80114,55.1346],[8.80125,55.1343],[8.80604,55.12246],[8.80663,55.12114],[8.80722,55.12072],[8.80698,55.12024],[8.81196,55.10769],[8.81216,55.10763],[8.81204,55.10749],[8.81235,55.10666],[8.81459,55.10124],[8.81485,55.10121],[8.81476,55.10086],[8.81579,55.09817],[8.81659,55.09817],[8.81688,55.09558],[8.81702,55.09557],[8.81694,55.09531],[8.81797,55.09283],[8.81867,55.09236],[8.81832,55.0919],[8.81849,55.09144],[8.82707,55.06986],[8.82745,55.06789],[8.8272,55.06564],[8.82681,55.06483],[8.82698,55.06478],[8.82645,55.0635],[8.82503,55.06067],[8.82476,55.06071],[8.82645,55.06485],[8.82661,55.06495],[8.82699,55.06635],[8.82706,55.06846],[8.82663,55.07043],[8.82433,55.07615],[8.82416,55.07649],[8.82348,55.07667],[8.82406,55.07685],[8.82091,55.08471],[8.82025,55.08494],[8.82055,55.08565],[8.81935,55.0883],[8.81901,55.08873],[8.81926,55.08877],[8.81905,55.08937],[8.81573,55.0976],[8.81532,55.09756],[8.81549,55.09819],[8.81442,55.10079],[8.81401,55.10082],[8.81399,55.10096],[8.81432,55.10101],[8.80768,55.1176],[8.80733,55.11755],[8.80683,55.1187],[8.80669,55.11917],[8.80685,55.11984],[8.80348,55.12791],[8.80291,55.12806],[8.80306,55.12861],[8.80272,55.1293],[8.80234,55.12936],[8.80202,55.13065],[8.80169,55.13089],[8.80192,55.13157],[8.80089,55.13419],[8.80059,55.1345],[8.80089,55.13451],[8.80066,55.13508],[8.80039,55.1353],[8.80009,55.13648],[8.797,55.14393],[8.79577,55.14561],[8.79339,55.14727],[8.77797,55.1541],[8.77825,55.15429],[8.78067,55.1531],[8.78173,55.15264]]]},"properties":{"STRKAFS":302038,"NAVN":"Skærbæk - Bredebro","HOVER_NAME":"Skærbæk - Bredebro","TIB":"1030","BANENR":"95","FRA_KM":37.4,"TIL_KM":48.6,"FORKORTELSE":"Æk-Bw","BANENR_NAVN":"(Ribe) - Tønder","HVDSTRK_NAVN":"Bramming - Tønder Grænse","DELSTRK_NAVN":"Bramming - Tønder","BTRTYPETEKST":"Fri Bane","BANEKLASSETEKST":"Lokalbane II"}},{"type":"Feature","id":367717,"geometry":{"type":"Polygon","coordinates":[[[8.80798,55.11785],[8.80817,55.11738],[8.80776,55.11733],[8.80768,55.1176],[8.80733,55.11755],[8.80724,55.11776],[8.80773,55.11782],[8.80798,55.11785]]]},"properties":{"STRKAFS":302043,"NAVN":"Døstrup Sønderjylland","HOVER_NAME":"Døstrup Sønderjylland","TIB":"1030","BANENR":"95","FRA_KM":42.08,"TIL_KM":42.133,"FORKORTELSE":"Ds","BANENR_NAVN":"(Ribe) - Tønder","HVDSTRK_NAVN":"Bramming - Tønder Grænse","DELSTRK_NAVN":"Bramming - Tønder","BTRTYPETEKST":"Trinbræt","BANEKLASSETEKST":"Lokalbane II"}},{"type":"Feature","id":367718,"geometry":{"type":"Polygon","coordinates":[[[8.82503,55.06067],[8.82423,55.05883],[8.82433,55.05853],[8.82351,55.05673],[8.82324,55.05676],[8.82188,55.05367],[8.82149,55.05373],[8.82213,55.05532],[8.82193,55.05541],[8.8221,55.05576],[8.82232,55.05582],[8.82277,55.05678],[8.82269,55.05718],[8.82303,55.05712],[8.82461,55.06059],[8.82489,55.06069],[8.82503,55.06067]]]},"properties":{"STRKAFS":302049,"NAVN":"Bredebro","HOVER_NAME":"Bredebro","TIB":"1030","BANENR":"95","FRA_KM":48.6,"TIL_KM":49.4,"FORKORTELSE":"Bw","BANENR_NAVN":"(Ribe) - Tønder","HVDSTRK_NAVN":"Bramming - Tønder Grænse","DELSTRK_NAVN":"Bramming - Tønder","BTRTYPETEKST":"Station","BANEKLASSETEKST":"Lokalbane II"}},{"type":"Feature","id":367719,"geometry":{"type":"Polygon","coordinates":[[[8.81989,55.0491],[8.81971,55.04899],[8.81925,55.04767],[8.81754,55.04419],[8.81806,55.04429],[8.81465,55.03848],[8.81444,55.03778],[8.81409,55.03758],[8.80675,55.02395],[8.80603,55.02266],[8.80589,55.02267],[8.80408,55.01931],[8.8035,55.01819],[8.80364,55.01722],[8.80308,55.01712],[8.80283,55.0157],[8.80271,55.0133],[8.80327,55.01347],[8.80267,55.00988],[8.80235,55.00988],[8.80215,55.00739],[8.80223,55.00621],[8.80265,55.00471],[8.80354,55.00291],[8.80461,55.00146],[8.80534,55.00069],[8.80601,55.00029],[8.80572,55.0003],[8.81004,54.99589],[8.8189,54.98697],[8.83297,54.97316],[8.83606,54.97033],[8.83685,54.96939],[8.85397,54.95266],[8.85583,54.95226],[8.8577,54.95238],[8.85844,54.95273],[8.85878,54.95313],[8.85875,54.95413],[8.85955,54.95483],[8.8602,54.95507],[8.86246,54.95531],[8.86251,54.95507],[8.86041,54.95488],[8.85964,54.95454],[8.85936,54.95401],[8.8593,54.95315],[8.85862,54.95241],[8.86411,54.95293],[8.86431,54.95266],[8.85671,54.95196],[8.85573,54.95192],[8.85447,54.95217],[8.85592,54.95056],[8.85706,54.94893],[8.86156,54.93849],[8.86182,54.93765],[8.86183,54.93636],[8.86143,54.93638],[8.86146,54.93749],[8.86128,54.93814],[8.85782,54.94616],[8.858,54.94617],[8.85713,54.94833],[8.85566,54.95057],[8.82155,54.98406],[8.8212,54.98438],[8.82046,54.98442],[8.82061,54.98497],[8.80447,55.00128],[8.8032,55.00296],[8.80219,55.00506],[8.8018,55.0072],[8.80186,55.00828],[8.80131,55.00828],[8.80141,55.00881],[8.80179,55.0088],[8.80188,55.00916],[8.8021,55.01136],[8.80196,55.01136],[8.80257,55.01607],[8.80319,55.01821],[8.81035,55.03131],[8.81011,55.03181],[8.81053,55.03176],[8.81224,55.03472],[8.81197,55.03542],[8.81261,55.03544],[8.81608,55.04178],[8.81593,55.04181],[8.81638,55.04258],[8.81652,55.04256],[8.82068,55.05164],[8.82129,55.05335],[8.82149,55.05373],[8.82188,55.05367],[8.82083,55.05149],[8.82054,55.05046],[8.81989,55.0491]]]},"properties":{"STRKAFS":302050,"NAVN":"Bredebro - Tønder","HOVER_NAME":"Bredebro - Tønder","TIB":"1030","BANENR":"95","FRA_KM":49.4,"TIL_KM":63.6,"FORKORTELSE":"Bw-Tdr","BANENR_NAVN":"(Ribe) - Tønder","HVDSTRK_NAVN":"Bramming - Tønder Grænse","DELSTRK_NAVN":"Bramming - Tønder","BTRTYPETEKST":"Fri Bane","BANEKLASSETEKST":"Lokalbane II"}},{"type":"Feature","id":367720,"geometry":{"type":"Polygon","coordinates":[[[8.80233,55.0097],[8.80228,55.00918],[8.80189,55.0092],[8.80192,55.00971],[8.80206,55.00971],[8.80233,55.0097]]]},"properties":{"STRKAFS":302055,"NAVN":"Visby","HOVER_NAME":"Visby","TIB":"1030","BANENR":"95","FRA_KM":54.477000000000004,"TIL_KM":54.534000000000006,"FORKORTELSE":"Vis","BANENR_NAVN":"(Ribe) - Tønder","HVDSTRK_NAVN":"Bramming - Tønder Grænse","DELSTRK_NAVN":"Bramming - Tønder","BTRTYPETEKST":"Trinbræt","BANEKLASSETEKST":"Lokalbane II"}},{"type":"Feature","id":367721,"geometry":{"type":"Polygon","coordinates":[[[8.8612,54.93882],[8.86101,54.93879],[8.86063,54.93965],[8.861,54.93971],[8.86137,54.93884],[8.8612,54.93882]]]},"properties":{"STRKAFS":302061,"NAVN":"Tønder Nord","HOVER_NAME":"Tønder Nord","TIB":"1030","BANENR":"95","FRA_KM":63.223000000000006,"TIL_KM":63.323,"FORKORTELSE":"Trn","BANENR_NAVN":"(Ribe) - Tønder","HVDSTRK_NAVN":"Bramming - Tønder Grænse","DELSTRK_NAVN":"Bramming - Tønder","BTRTYPETEKST":"Trinbræt","BANEKLASSETEKST":"Lokalbane II"}},{"type":"Feature","id":367722,"geometry":{"type":"Polygon","coordinates":[[[8.86254,54.93648],[8.86183,54.93575],[8.86104,54.93383],[8.86134,54.93378],[8.86106,54.93297],[8.86077,54.933],[8.85958,54.93049],[8.85926,54.92946],[8.85981,54.93056],[8.85997,54.93055],[8.85931,54.92901],[8.85975,54.92725],[8.85992,54.92796],[8.85952,54.92907],[8.85969,54.92909],[8.85987,54.92867],[8.86014,54.92779],[8.85995,54.92697],[8.86126,54.92409],[8.86095,54.92404],[8.86197,54.92192],[8.86159,54.92188],[8.86051,54.92422],[8.85967,54.92465],[8.85844,54.92479],[8.85551,54.92444],[8.85354,54.92475],[8.85158,54.92464],[8.85156,54.92477],[8.85307,54.92487],[8.85516,54.92461],[8.85702,54.92473],[8.85634,54.92493],[8.85589,54.9253],[8.85538,54.92664],[8.85557,54.92666],[8.85608,54.92534],[8.8565,54.92502],[8.85719,54.92483],[8.85916,54.92488],[8.86034,54.92455],[8.85865,54.92789],[8.85862,54.92957],[8.85922,54.93042],[8.85947,54.93175],[8.8606,54.93464],[8.86091,54.9346],[8.86143,54.93638],[8.86195,54.9363],[8.86269,54.93691],[8.86294,54.93677],[8.86254,54.93648]]]},"properties":{"STRKAFS":303000,"NAVN":"Tønder","HOVER_NAME":"Tønder","TIB":"30,1030","BANENR":"95","FRA_KM":63.6,"TIL_KM":65,"FORKORTELSE":"Tdr","BANENR_NAVN":"(Ribe) - Tønder","HVDSTRK_NAVN":"Bramming - Tønder Grænse","DELSTRK_NAVN":"Tønder","BTRTYPETEKST":"Station","BANEKLASSETEKST":"Lokalbane II"}},{"type":"Feature","id":367723,"geometry":{"type":"Polygon","coordinates":[[[8.8638,54.91875],[8.86761,54.91051],[8.86799,54.91047],[8.86836,54.9092],[8.8682,54.90915],[8.86974,54.90602],[8.87064,54.90458],[8.87039,54.90452],[8.87147,54.90219],[8.87247,54.90038],[8.87299,54.89981],[8.87317,54.8995],[8.87308,54.89944],[8.87276,54.89936],[8.87241,54.89975],[8.8718,54.89999],[8.87117,54.90187],[8.86619,54.91257],[8.8646,54.91568],[8.86433,54.91567],[8.8643,54.91583],[8.86461,54.91597],[8.86334,54.91873],[8.8628,54.91872],[8.86275,54.91883],[8.86319,54.91893],[8.86234,54.92076],[8.86159,54.92188],[8.86197,54.92192],[8.86095,54.92404],[8.86126,54.92409],[8.8635,54.91933],[8.8638,54.91875]]]},"properties":{"STRKAFS":304066,"NAVN":"Tønder - Tønder Grænse","HOVER_NAME":"Tønder - Tønder Grænse","TIB":"30","BANENR":"96","FRA_KM":65,"TIL_KM":67.854,"FORKORTELSE":"Tdr-Tdgr","BANENR_NAVN":"(Tønder) - Tønder Grænse","HVDSTRK_NAVN":"Bramming - Tønder Grænse","DELSTRK_NAVN":"Tønder - Tønder Grænse","BTRTYPETEKST":"Fri Bane","BANEKLASSETEKST":"Lokalbane II"}},{"type":"Feature","id":367724,"geometry":{"type":"Polygon","coordinates":[[[8.87278,54.89936],[8.87317,54.8995],[8.87284,54.89938],[8.87278,54.89936]]]},"properties":{"STRKAFS":304766,"NAVN":"Tønder grænse","HOVER_NAME":"Tønder grænse","TIB":"30","BANENR":"96","FRA_KM":67.849,"TIL_KM":67.854,"FORKORTELSE":"Tdgr","BANENR_NAVN":"(Tønder) - Tønder Grænse","HVDSTRK_NAVN":"Bramming - Tønder Grænse","DELSTRK_NAVN":"Tønder - Tønder Grænse","BTRTYPETEKST":"Grænsestation","BANEKLASSETEKST":"Lokalbane II"}},{"type":"Feature","id":367725,"geometry":{"type":"Polygon","coordinates":[[[8.44337,55.53147],[8.44368,55.53094],[8.44339,55.53087],[8.44349,55.53072],[8.44944,55.52316],[8.45139,55.51995],[8.45178,55.51993],[8.45243,55.51914],[8.4529,55.51845],[8.45285,55.51814],[8.45349,55.51728],[8.45372,55.51735],[8.45491,55.51566],[8.45468,55.51561],[8.45531,55.51457],[8.45592,55.51377],[8.45626,55.51374],[8.45682,55.51284],[8.45652,55.5128],[8.457,55.51168],[8.4575,55.51164],[8.45765,55.51094],[8.45873,55.51028],[8.45958,55.51015],[8.46436,55.51049],[8.46438,55.51028],[8.4599,55.51001],[8.45875,55.51012],[8.45767,55.5106],[8.45811,55.50819],[8.45782,55.5082],[8.45791,55.5077],[8.45861,55.50434],[8.45892,55.50419],[8.45926,55.50279],[8.46018,55.49807],[8.45985,55.49806],[8.46002,55.49707],[8.46041,55.4962],[8.46054,55.49505],[8.46086,55.49503],[8.46144,55.49201],[8.4617,55.49202],[8.46196,55.49061],[8.4617,55.49011],[8.4624,55.49047],[8.46499,55.49065],[8.46903,55.49042],[8.4697,55.49004],[8.4699,55.48972],[8.46998,55.48836],[8.46981,55.48721],[8.4692,55.48724],[8.46964,55.48952],[8.46959,55.48982],[8.46902,55.49028],[8.46437,55.4905],[8.4627,55.49036],[8.46183,55.48992],[8.46211,55.48851],[8.46192,55.48847],[8.46249,55.48538],[8.46239,55.48537],[8.46327,55.48143],[8.46348,55.47939],[8.46341,55.47821],[8.46316,55.47743],[8.46343,55.47738],[8.46331,55.47699],[8.46244,55.47502],[8.46218,55.47502],[8.46202,55.47459],[8.46166,55.47464],[8.46286,55.47755],[8.46314,55.47889],[8.46314,55.4801],[8.46044,55.49378],[8.4598,55.49604],[8.45965,55.49772],[8.45846,55.50366],[8.45672,55.51172],[8.45575,55.51365],[8.45144,55.51945],[8.44951,55.52236],[8.44592,55.52695],[8.44286,55.5313],[8.44263,55.53128],[8.44222,55.53195],[8.44301,55.53211],[8.44337,55.53147]]]},"properties":{"STRKAFS":312058,"NAVN":"Esbjerg - Guldager","HOVER_NAME":"Esbjerg - Guldager","TIB":"1031","BANENR":"90","FRA_KM":56.2,"TIL_KM":62.800000000000004,"FORKORTELSE":"Es-Gu","BANENR_NAVN":"(Esbjerg) - Varde","HVDSTRK_NAVN":"Esbjerg - Struer","DELSTRK_NAVN":"Esbjerg - Skjern","BTRTYPETEKST":"Fri Bane","BANEKLASSETEKST":"Lokalbane I"}},{"type":"Feature","id":367726,"geometry":{"type":"Polygon","coordinates":[[[8.46088,55.49224],[8.46072,55.49223],[8.46056,55.49312],[8.46117,55.49314],[8.46138,55.49226],[8.46088,55.49224]]]},"properties":{"STRKAFS":312059,"NAVN":"Spangsbjerg","HOVER_NAME":"Spangsbjerg","TIB":"1031","BANENR":"90","FRA_KM":58.179,"TIL_KM":58.279,"FORKORTELSE":"Esn","BANENR_NAVN":"(Esbjerg) - Varde","HVDSTRK_NAVN":"Esbjerg - Struer","DELSTRK_NAVN":"Esbjerg - Skjern","BTRTYPETEKST":"Trinbræt","BANEKLASSETEKST":"Lokalbane I"}},{"type":"Feature","id":367727,"geometry":{"type":"Polygon","coordinates":[[[8.4575,55.50912],[8.45734,55.50911],[8.45718,55.5099],[8.45779,55.50993],[8.45794,55.50913],[8.4575,55.50912]]]},"properties":{"STRKAFS":312060,"NAVN":"Gjesing","HOVER_NAME":"Gjesing","TIB":"1031","BANENR":"90","FRA_KM":60.071000000000005,"TIL_KM":60.160000000000004,"FORKORTELSE":"Gje","BANENR_NAVN":"(Esbjerg) - Varde","HVDSTRK_NAVN":"Esbjerg - Struer","DELSTRK_NAVN":"Esbjerg - Skjern","BTRTYPETEKST":"Trinbræt","BANEKLASSETEKST":"Lokalbane I"}},{"type":"Feature","id":367728,"geometry":{"type":"Polygon","coordinates":[[[8.43845,55.5402],[8.44098,55.53571],[8.44082,55.53569],[8.44125,55.53476],[8.44151,55.53479],[8.44301,55.53211],[8.44222,55.53195],[8.43922,55.53774],[8.43885,55.53768],[8.43836,55.53888],[8.43837,55.53933],[8.43771,55.54056],[8.43828,55.54067],[8.43851,55.54024],[8.43845,55.5402]]]},"properties":{"STRKAFS":312063,"NAVN":"Guldager","HOVER_NAME":"Guldager","TIB":"1031","BANENR":"90","FRA_KM":62.800000000000004,"TIL_KM":63.800000000000004,"FORKORTELSE":"Gu","BANENR_NAVN":"(Esbjerg) - Varde","HVDSTRK_NAVN":"Esbjerg - Struer","DELSTRK_NAVN":"Esbjerg - Skjern","BTRTYPETEKST":"Station","BANEKLASSETEKST":"Lokalbane I"}},{"type":"Feature","id":367729,"geometry":{"type":"Polygon","coordinates":[[[8.34081,56.33373],[8.34055,56.33308],[8.34086,56.33314],[8.34061,56.33224],[8.34033,56.33219],[8.33977,56.32996],[8.3401,56.32992],[8.33972,56.32825],[8.33936,56.32824],[8.33803,56.32292],[8.33791,56.32217],[8.33817,56.32195],[8.33749,56.31938],[8.33716,56.31941],[8.3338,56.30585],[8.33389,56.30589],[8.3339,56.30545],[8.33352,56.3044],[8.33383,56.30437],[8.33351,56.30314],[8.33309,56.30317],[8.33018,56.29139],[8.33005,56.28999],[8.32946,56.2877],[8.32937,56.28776],[8.3292,56.28726],[8.32649,56.2764],[8.32613,56.27643],[8.33562,56.31438],[8.33551,56.31439],[8.33627,56.31755],[8.33856,56.32622],[8.33969,56.33126],[8.34037,56.33352],[8.34048,56.33415],[8.34035,56.33452],[8.34077,56.33556],[8.34168,56.33905],[8.3423,56.34047],[8.34256,56.34043],[8.34223,56.33969],[8.34178,56.33703],[8.34089,56.33407],[8.34081,56.33373]]]},"properties":{"STRKAFS":314162,"NAVN":"Ulfborg - Vemb","HOVER_NAME":"Ulfborg - Vemb","TIB":"1031","BANENR":"92","FRA_KM":160.6,"TIL_KM":167.8,"FORKORTELSE":"Uf-Vem","BANENR_NAVN":"(Skjern) - (Holstebro)","HVDSTRK_NAVN":"Esbjerg - Struer","DELSTRK_NAVN":"Skjern - Holstebro","BTRTYPETEKST":"Fri Bane","BANEKLASSETEKST":"Lokalbane II"}},{"type":"Feature","id":367730,"geometry":{"type":"Polygon","coordinates":[[[8.35228,56.34815],[8.35128,56.34749],[8.3515,56.34731],[8.34433,56.34247],[8.34412,56.34253],[8.34329,56.34166],[8.34256,56.34043],[8.3423,56.34047],[8.34383,56.3427],[8.34476,56.34346],[8.34468,56.34358],[8.34591,56.34447],[8.3457,56.3446],[8.34954,56.34706],[8.35048,56.34802],[8.35084,56.34867],[8.35114,56.34863],[8.35071,56.348],[8.35104,56.34768],[8.35345,56.34923],[8.35375,56.34908],[8.35228,56.34815]]]},"properties":{"STRKAFS":314169,"NAVN":"Vemb","HOVER_NAME":"Vemb","TIB":"666,1031","BANENR":"92","FRA_KM":167.8,"TIL_KM":169,"FORKORTELSE":"Vem","BANENR_NAVN":"(Skjern) - (Holstebro)","HVDSTRK_NAVN":"Esbjerg - Struer","DELSTRK_NAVN":"Skjern - Holstebro","BTRTYPETEKST":"Station","BANEKLASSETEKST":"Lokalbane II"}},{"type":"Feature","id":367731,"geometry":{"type":"Polygon","coordinates":[[[8.51919,56.3752],[8.51896,56.37499],[8.51982,56.37491],[8.51988,56.37512],[8.52192,56.37489],[8.52182,56.3747],[8.52321,56.37462],[8.52346,56.37479],[8.52578,56.37432],[8.53562,56.37349],[8.53554,56.37329],[8.56822,56.36967],[8.57542,56.36848],[8.5755,56.36862],[8.57643,56.36846],[8.58069,56.36768],[8.58076,56.36746],[8.58235,56.36715],[8.58399,56.36697],[8.58545,56.36661],[8.58572,56.36676],[8.59087,56.36579],[8.59086,56.36557],[8.61156,56.36175],[8.61324,56.36152],[8.61486,56.36164],[8.61491,56.36148],[8.61255,56.36151],[8.60554,56.36269],[8.60543,56.36251],[8.60346,56.36293],[8.60058,56.36326],[8.6006,56.3634],[8.6003,56.36346],[8.60039,56.36367],[8.58897,56.36578],[8.58889,56.36559],[8.58731,56.36588],[8.58503,56.3663],[8.58512,56.3665],[8.58288,56.3668],[8.58241,56.36701],[8.58066,56.36735],[8.58023,56.3672],[8.57527,56.36814],[8.57534,56.36833],[8.57253,56.36884],[8.56764,56.36957],[8.53699,56.37293],[8.53563,56.37306],[8.53558,56.37287],[8.52998,56.37346],[8.52677,56.37384],[8.52674,56.37403],[8.52166,56.37454],[8.52109,56.37443],[8.51857,56.3747],[8.51321,56.3748],[8.51329,56.37497],[8.51275,56.37496],[8.44847,56.36953],[8.44728,56.36942],[8.44734,56.36923],[8.44349,56.36888],[8.44339,56.36907],[8.44031,56.36883],[8.43898,56.36866],[8.43897,56.36851],[8.43604,56.36825],[8.4348,56.36815],[8.43468,56.36836],[8.43401,56.36829],[8.43405,56.36804],[8.43049,56.36768],[8.43043,56.36795],[8.42849,56.36777],[8.37541,56.35961],[8.37084,56.35859],[8.36683,56.35715],[8.36368,56.35549],[8.35375,56.34908],[8.35345,56.34923],[8.3645,56.35619],[8.3686,56.35805],[8.36854,56.35834],[8.36927,56.35857],[8.36952,56.35835],[8.37382,56.35955],[8.38168,56.36082],[8.42864,56.36791],[8.42868,56.3681],[8.42928,56.36817],[8.4293,56.36799],[8.43404,56.36844],[8.43397,56.36865],[8.4387,56.36915],[8.43873,56.36882],[8.44335,56.3692],[8.44325,56.3694],[8.44834,56.36982],[8.44834,56.36967],[8.44879,56.36969],[8.49838,56.374],[8.51308,56.37513],[8.51336,56.3753],[8.51489,56.37538],[8.51904,56.37521],[8.51919,56.3752]]]},"properties":{"STRKAFS":314170,"NAVN":"Vemb - Holstebro","HOVER_NAME":"Vemb - Holstebro","TIB":"1031","BANENR":"92","FRA_KM":169,"TIL_KM":186,"FORKORTELSE":"Vem-Ho","BANENR_NAVN":"(Skjern) - (Holstebro)","HVDSTRK_NAVN":"Esbjerg - Struer","DELSTRK_NAVN":"Skjern - Holstebro","BTRTYPETEKST":"Fri Bane","BANEKLASSETEKST":"Lokalbane II"}},{"type":"Feature","id":367732,"geometry":{"type":"Polygon","coordinates":[[[8.42852,56.36782],[8.42716,56.36759],[8.4271,56.36772],[8.42848,56.36789],[8.42852,56.36782]]]},"properties":{"STRKAFS":314175,"NAVN":"Bur","HOVER_NAME":"Bur","TIB":"1031","BANENR":"92","FRA_KM":174.18300000000002,"TIL_KM":174.22,"FORKORTELSE":"Bu","BANENR_NAVN":"(Skjern) - (Holstebro)","HVDSTRK_NAVN":"Esbjerg - Struer","DELSTRK_NAVN":"Skjern - Holstebro","BTRTYPETEKST":"Trinbræt","BANEKLASSETEKST":"Lokalbane II"}},{"type":"Feature","id":367733,"geometry":{"type":"Polygon","coordinates":[[[8.62177,56.37078],[8.62131,56.36961],[8.62126,56.36869],[8.62146,56.36869],[8.62147,56.36845],[8.62127,56.36844],[8.62131,56.3679],[8.62159,56.3677],[8.62124,56.36554],[8.62096,56.36473],[8.62055,56.36466],[8.61959,56.36324],[8.61853,56.36251],[8.61715,56.36188],[8.61497,56.36131],[8.61486,56.36164],[8.6158,56.36169],[8.61746,56.36219],[8.6187,56.36287],[8.61911,56.36327],[8.61906,56.3636],[8.6196,56.36463],[8.62005,56.36639],[8.61995,56.36639],[8.62076,56.36949],[8.6208,56.37013],[8.62118,56.37015],[8.62121,56.3703],[8.6209,56.37071],[8.62152,56.3708],[8.62177,56.37078]]]},"properties":{"STRKAFS":315000,"NAVN":"Holstebro","HOVER_NAME":"Holstebro","TIB":"1031,1033","BANENR":"33b","FRA_KM":186,"TIL_KM":187.20000000000002,"FORKORTELSE":"Ho","BANENR_NAVN":"Holstebro - Struer","HVDSTRK_NAVN":"Esbjerg - Struer","DELSTRK_NAVN":"Holstebro","BTRTYPETEKST":"Station","BANEKLASSETEKST":"Regionalbane"}},{"type":"Feature","id":367734,"geometry":{"type":"Polygon","coordinates":[[[8.64357,56.43438],[8.6438,56.43323],[8.64411,56.43304],[8.64455,56.43116],[8.64497,56.43012],[8.64482,56.42963],[8.64527,56.42781],[8.64559,56.42377],[8.64331,56.41619],[8.64371,56.41612],[8.64348,56.41576],[8.64319,56.41402],[8.64275,56.41255],[8.6424,56.41255],[8.64169,56.40927],[8.64204,56.40926],[8.64067,56.40347],[8.64031,56.4035],[8.63989,56.40138],[8.63914,56.39916],[8.63942,56.39913],[8.63894,56.39804],[8.63847,56.39801],[8.63672,56.39604],[8.63176,56.39233],[8.63149,56.3921],[8.63178,56.39199],[8.63095,56.39133],[8.63016,56.39078],[8.62988,56.3909],[8.6284,56.38973],[8.62808,56.38943],[8.62841,56.38933],[8.62672,56.38748],[8.6264,56.38753],[8.62522,56.38531],[8.62554,56.38516],[8.62504,56.38315],[8.62469,56.38318],[8.62456,56.38271],[8.62456,56.38224],[8.62392,56.37998],[8.62427,56.37996],[8.62408,56.37923],[8.62359,56.37848],[8.62177,56.37078],[8.62134,56.37081],[8.62394,56.38211],[8.62436,56.3834],[8.62443,56.38417],[8.62505,56.38591],[8.62622,56.38822],[8.62802,56.39001],[8.63078,56.3919],[8.63663,56.39645],[8.63775,56.39761],[8.63833,56.39845],[8.63922,56.40055],[8.64209,56.41332],[8.64503,56.42345],[8.6449,56.42557],[8.64356,56.432],[8.64326,56.4342],[8.64303,56.43467],[8.64368,56.43473],[8.64377,56.43444],[8.64357,56.43438]]]},"properties":{"STRKAFS":316188,"NAVN":"Holstebro - Hjerm","HOVER_NAME":"Holstebro - Hjerm","TIB":"1031","BANENR":"33b","FRA_KM":187.20000000000002,"TIL_KM":194.6,"FORKORTELSE":"Ho-Hm","BANENR_NAVN":"Holstebro - Struer","HVDSTRK_NAVN":"Esbjerg - Struer","DELSTRK_NAVN":"Holstebro - Struer","BTRTYPETEKST":"Fri Bane","BANEKLASSETEKST":"Regionalbane"}},{"type":"Feature","id":367735,"geometry":{"type":"Polygon","coordinates":[[[8.63899,56.43985],[8.64142,56.43773],[8.64247,56.4365],[8.64337,56.43483],[8.64364,56.43486],[8.64368,56.43473],[8.64303,56.43467],[8.64242,56.436],[8.64102,56.43777],[8.6337,56.44399],[8.63433,56.44422],[8.63501,56.4436],[8.63476,56.4435],[8.63896,56.43993],[8.63899,56.43985]]]},"properties":{"STRKAFS":316195,"NAVN":"Hjerm","HOVER_NAME":"Hjerm","TIB":"1031","BANENR":"33b","FRA_KM":194.6,"TIL_KM":195.8,"FORKORTELSE":"Hm","BANENR_NAVN":"Holstebro - Struer","HVDSTRK_NAVN":"Esbjerg - Struer","DELSTRK_NAVN":"Holstebro - Struer","BTRTYPETEKST":"Station","BANEKLASSETEKST":"Regionalbane"}},{"type":"Feature","id":367736,"geometry":{"type":"Polygon","coordinates":[[[8.60995,56.48346],[8.60965,56.48185],[8.61004,56.47991],[8.61166,56.47651],[8.61154,56.47647],[8.61271,56.47379],[8.61284,56.47303],[8.61335,56.47223],[8.61395,56.47025],[8.61411,56.46997],[8.61479,56.46978],[8.61454,56.46962],[8.61625,56.46525],[8.61594,56.46517],[8.61664,56.46331],[8.6168,56.46246],[8.61649,56.45913],[8.61681,56.45911],[8.61664,56.45672],[8.61714,56.45481],[8.61796,56.45347],[8.61772,56.45317],[8.61933,56.45164],[8.6218,56.44996],[8.63022,56.44661],[8.63202,56.44562],[8.63365,56.44442],[8.63391,56.44457],[8.63433,56.44422],[8.6337,56.44399],[8.63229,56.44511],[8.63013,56.44636],[8.62848,56.44711],[8.62281,56.44918],[8.61941,56.45089],[8.61869,56.45138],[8.61884,56.45151],[8.61677,56.4538],[8.61626,56.45468],[8.61582,56.45632],[8.61576,56.45752],[8.61624,56.46135],[8.61605,56.46288],[8.61474,56.46679],[8.61333,56.47024],[8.61235,56.4722],[8.61239,56.47296],[8.61221,56.47346],[8.61184,56.47369],[8.61195,56.47382],[8.6114,56.47561],[8.60949,56.48088],[8.60944,56.48339],[8.60975,56.48337],[8.61045,56.48461],[8.61176,56.4862],[8.61219,56.48731],[8.61201,56.48826],[8.61092,56.48952],[8.612,56.4885],[8.61229,56.48778],[8.61233,56.48719],[8.61196,56.48626],[8.61007,56.48373],[8.60995,56.48346]]]},"properties":{"STRKAFS":316196,"NAVN":"Hjerm - Struer","HOVER_NAME":"Hjerm - Struer","TIB":"1031","BANENR":"33b","FRA_KM":195.8,"TIL_KM":201.4,"FORKORTELSE":"Hm-Str","BANENR_NAVN":"Holstebro - Struer","HVDSTRK_NAVN":"Esbjerg - Struer","DELSTRK_NAVN":"Holstebro - Struer","BTRTYPETEKST":"Fri Bane","BANEKLASSETEKST":"Regionalbane"}},{"type":"Feature","id":367737,"geometry":{"type":"Polygon","coordinates":[[[8.6026,56.49223],[8.6052,56.49165],[8.60804,56.49138],[8.60979,56.49085],[8.61078,56.49029],[8.61159,56.49028],[8.61288,56.48806],[8.61301,56.48726],[8.61288,56.48668],[8.61184,56.48539],[8.61187,56.48518],[8.61134,56.48527],[8.61229,56.4866],[8.61243,56.48763],[8.61196,56.48871],[8.61066,56.48975],[8.61184,56.48852],[8.61218,56.4878],[8.61207,56.4868],[8.61129,56.48564],[8.61127,56.48601],[8.61018,56.48602],[8.61026,56.48673],[8.60988,56.48674],[8.61001,56.48828],[8.60947,56.48913],[8.60822,56.49],[8.60604,56.49074],[8.59503,56.49233],[8.59791,56.49217],[8.60133,56.49249],[8.60459,56.49401],[8.60476,56.49394],[8.60214,56.49263],[8.60128,56.49238],[8.60225,56.49227],[8.6026,56.49223]]]},"properties":{"STRKAFS":317000,"NAVN":"Struer","HOVER_NAME":"Struer","TIB":"1031,1032,1034","BANENR":"33b","FRA_KM":201.4,"TIL_KM":202.436,"FORKORTELSE":"Str","BANENR_NAVN":"Holstebro - Struer","HVDSTRK_NAVN":"Esbjerg - Struer","DELSTRK_NAVN":"Struer","BTRTYPETEKST":"Station","BANEKLASSETEKST":"Regionalbane"}},{"type":"Feature","id":367738,"geometry":{"type":"Polygon","coordinates":[[[9.4111,56.41435],[9.41882,56.41051],[9.41906,56.41066],[9.42471,56.40765],[9.42415,56.40731],[9.41842,56.41025],[9.41867,56.41041],[9.41096,56.41424],[9.41072,56.4141],[9.40791,56.41562],[9.40574,56.4172],[9.4041,56.41877],[9.40283,56.42054],[9.4031,56.42058],[9.40241,56.42175],[9.40192,56.42353],[9.40112,56.42902],[9.40048,56.43059],[9.39881,56.43297],[9.39835,56.43409],[9.39825,56.43519],[9.39798,56.43545],[9.3984,56.43739],[9.39914,56.43851],[9.40025,56.43988],[9.40161,56.44119],[9.40212,56.44138],[9.40303,56.44243],[9.40325,56.44301],[9.40327,56.44369],[9.40265,56.44472],[9.40314,56.44487],[9.4038,56.44427],[9.40372,56.4426],[9.40317,56.44173],[9.4009,56.43985],[9.39945,56.43817],[9.39878,56.43661],[9.39887,56.43427],[9.39945,56.43283],[9.40069,56.43108],[9.40133,56.42985],[9.40134,56.42948],[9.4017,56.42948],[9.40237,56.42516],[9.40202,56.42514],[9.40255,56.42259],[9.40337,56.42076],[9.40386,56.42055],[9.40474,56.41929],[9.40672,56.41738],[9.4084,56.41613],[9.41134,56.4145],[9.4111,56.41435]]]},"properties":{"STRKAFS":322036,"NAVN":"Rindsholm - Viborg","HOVER_NAME":"Rindsholm - Viborg","TIB":"1032","BANENR":"32","FRA_KM":35,"TIL_KM":39.800000000000004,"FORKORTELSE":"Rn-Vg","BANENR_NAVN":"(Langå) - (Struer)","HVDSTRK_NAVN":"Langå - Struer","DELSTRK_NAVN":"Langå - Struer","BTRTYPETEKST":"Fri Bane","BANEKLASSETEKST":"Regionalbane"}},{"type":"Feature","id":367739,"geometry":{"type":"Polygon","coordinates":[[[9.39119,56.45004],[9.39215,56.44973],[9.39381,56.44975],[9.394,56.4496],[9.39511,56.44947],[9.3958,56.44914],[9.39528,56.44866],[9.39934,56.44722],[9.40217,56.44568],[9.40314,56.44487],[9.40265,56.44472],[9.402,56.44529],[9.40036,56.44606],[9.39552,56.44747],[9.39582,56.44761],[9.394,56.44812],[9.3929,56.44803],[9.39191,56.4476],[9.39214,56.44754],[9.39115,56.44628],[9.39121,56.44561],[9.39216,56.44496],[9.39591,56.44408],[9.39579,56.44392],[9.3917,56.445],[9.39119,56.44533],[9.3909,56.44574],[9.39088,56.44621],[9.39142,56.44738],[9.39231,56.44802],[9.39333,56.44823],[9.39439,56.44819],[9.39281,56.44898],[9.38996,56.45],[9.39024,56.45029],[9.39102,56.45005],[9.39119,56.45004]]]},"properties":{"STRKAFS":322041,"NAVN":"Viborg","HOVER_NAME":"Viborg","TIB":"1032","BANENR":"32","FRA_KM":39.800000000000004,"TIL_KM":40.800000000000004,"FORKORTELSE":"Vg","BANENR_NAVN":"(Langå) - (Struer)","HVDSTRK_NAVN":"Langå - Struer","DELSTRK_NAVN":"Langå - Struer","BTRTYPETEKST":"Station","BANEKLASSETEKST":"Regionalbane"}},{"type":"Feature","id":367740,"geometry":{"type":"Polygon","coordinates":[[[9.37315,56.45543],[9.37597,56.45504],[9.37789,56.45458],[9.38642,56.45119],[9.38923,56.45032],[9.3894,56.45053],[9.39024,56.45029],[9.38996,56.45],[9.38738,56.45073],[9.37782,56.45449],[9.37551,56.45503],[9.37546,56.45484],[9.37178,56.45523],[9.3718,56.45541],[9.36546,56.45516],[9.35548,56.45314],[9.3504,56.45264],[9.3504,56.45245],[9.34804,56.45241],[9.34806,56.45267],[9.32768,56.45276],[9.3277,56.45251],[9.32345,56.45236],[9.32344,56.45256],[9.31256,56.45182],[9.30657,56.45121],[9.30271,56.45109],[9.3005,56.45112],[9.29677,56.45147],[9.29326,56.45205],[9.29341,56.4523],[9.29938,56.45147],[9.30543,56.45146],[9.32599,56.45309],[9.32755,56.45312],[9.32755,56.45294],[9.34032,56.45299],[9.34811,56.45282],[9.34821,56.45304],[9.35033,56.45307],[9.35037,56.45292],[9.35296,56.45311],[9.35292,56.45325],[9.35478,56.45346],[9.35476,56.45334],[9.35622,56.4535],[9.36007,56.45435],[9.36553,56.45527],[9.36915,56.4555],[9.37255,56.45548],[9.37315,56.45543]]]},"properties":{"STRKAFS":322042,"NAVN":"Viborg - Ravnstrup","HOVER_NAME":"Viborg - Ravnstrup","TIB":"1032","BANENR":"32","FRA_KM":40.800000000000004,"TIL_KM":47,"FORKORTELSE":"Vg-Ra","BANENR_NAVN":"(Langå) - (Struer)","HVDSTRK_NAVN":"Langå - Struer","DELSTRK_NAVN":"Langå - Struer","BTRTYPETEKST":"Fri Bane","BANEKLASSETEKST":"Regionalbane"}},{"type":"Feature","id":367741,"geometry":{"type":"Polygon","coordinates":[[[9.28224,56.45522],[9.28386,56.45476],[9.28405,56.45495],[9.29159,56.45287],[9.2916,56.4527],[9.29341,56.4523],[9.29326,56.45205],[9.29299,56.45207],[9.28813,56.45334],[9.28787,56.45326],[9.28095,56.45521],[9.28077,56.45541],[9.27869,56.45604],[9.27884,56.45619],[9.28125,56.4555],[9.28224,56.45522]]]},"properties":{"STRKAFS":322047,"NAVN":"Ravnstrup","HOVER_NAME":"Ravnstrup","TIB":"1032","BANENR":"32","FRA_KM":47,"TIL_KM":48,"FORKORTELSE":"Ra","BANENR_NAVN":"(Langå) - (Struer)","HVDSTRK_NAVN":"Langå - Struer","DELSTRK_NAVN":"Langå - Struer","BTRTYPETEKST":"Teknisk Station","BANEKLASSETEKST":"Regionalbane"}},{"type":"Feature","id":367742,"geometry":{"type":"Polygon","coordinates":[[[9.83697,56.3988],[9.84006,56.3986],[9.84499,56.3978],[9.84494,56.39764],[9.84733,56.39704],[9.85029,56.39602],[9.85405,56.39421],[9.85444,56.39427],[9.85927,56.39124],[9.85912,56.39104],[9.86185,56.38934],[9.86439,56.38821],[9.86613,56.38762],[9.8857,56.38245],[9.88794,56.3821],[9.8909,56.38233],[9.89104,56.38211],[9.88804,56.38192],[9.88572,56.38218],[9.86527,56.3877],[9.86356,56.38829],[9.86174,56.38915],[9.85512,56.39335],[9.85073,56.39562],[9.84675,56.39696],[9.8429,56.39787],[9.8393,56.39833],[9.83518,56.39849],[9.83512,56.3983],[9.82762,56.39801],[9.81535,56.39699],[9.80837,56.39625],[9.80676,56.39614],[9.80668,56.39643],[9.81401,56.39704],[9.81436,56.39709],[9.81431,56.39728],[9.82023,56.39773],[9.82022,56.39753],[9.82191,56.39767],[9.82192,56.39792],[9.8275,56.39831],[9.82753,56.39812],[9.82842,56.39819],[9.82844,56.39839],[9.83537,56.3988],[9.83697,56.3988]]]},"properties":{"STRKAFS":322002,"NAVN":"Langå - Ulstrup","HOVER_NAME":"Langå - Ulstrup","TIB":"1032","BANENR":"32","FRA_KM":0.6,"TIL_KM":6.4,"FORKORTELSE":"Lg-Up","BANENR_NAVN":"(Langå) - (Struer)","HVDSTRK_NAVN":"Langå - Struer","DELSTRK_NAVN":"Langå - Struer","BTRTYPETEKST":"Fri Bane","BANEKLASSETEKST":"Regionalbane"}},{"type":"Feature","id":367743,"geometry":{"type":"Polygon","coordinates":[[[9.80671,56.39634],[9.80676,56.39614],[9.80025,56.39573],[9.79875,56.39536],[9.79362,56.39504],[9.79086,56.39494],[9.79086,56.39516],[9.78742,56.39504],[9.78739,56.39526],[9.79396,56.39561],[9.79409,56.39594],[9.79514,56.39618],[9.79519,56.3959],[9.79646,56.3957],[9.80668,56.39643],[9.80671,56.39634]]]},"properties":{"STRKAFS":322007,"NAVN":"Ulstrup","HOVER_NAME":"Ulstrup","TIB":"1032","BANENR":"32","FRA_KM":6.4,"TIL_KM":7.6000000000000005,"FORKORTELSE":"Up","BANENR_NAVN":"(Langå) - (Struer)","HVDSTRK_NAVN":"Langå - Struer","DELSTRK_NAVN":"Langå - Struer","BTRTYPETEKST":"Station","BANEKLASSETEKST":"Regionalbane"}},{"type":"Feature","id":367744,"geometry":{"type":"Polygon","coordinates":[[[9.78741,56.39515],[9.78742,56.39504],[9.7567,56.39352],[9.75674,56.39331],[9.75158,56.39297],[9.75152,56.39317],[9.74801,56.39269],[9.72255,56.38718],[9.72201,56.38706],[9.72215,56.38686],[9.71656,56.38563],[9.71481,56.38529],[9.71462,56.38546],[9.70848,56.38407],[9.70858,56.38391],[9.70512,56.38318],[9.70502,56.38336],[9.70205,56.38273],[9.70184,56.38245],[9.69972,56.38202],[9.69963,56.38219],[9.69721,56.38167],[9.69341,56.38082],[9.6932,56.38059],[9.69149,56.38022],[9.69145,56.38035],[9.68694,56.37924],[9.68669,56.37919],[9.68663,56.37937],[9.68544,56.37918],[9.67076,56.37641],[9.67012,56.37631],[9.67001,56.3765],[9.68653,56.37954],[9.68653,56.37972],[9.69127,56.38075],[9.69306,56.38112],[9.69328,56.38097],[9.69953,56.38233],[9.69941,56.38252],[9.70232,56.38312],[9.70242,56.38294],[9.70491,56.3835],[9.70478,56.38369],[9.70728,56.38424],[9.70865,56.38452],[9.7088,56.38434],[9.71422,56.3855],[9.71418,56.38577],[9.72254,56.38753],[9.72265,56.38735],[9.72818,56.38855],[9.72807,56.38873],[9.7311,56.38938],[9.73124,56.38921],[9.74619,56.39249],[9.75022,56.39316],[9.75322,56.39347],[9.75342,56.39369],[9.75969,56.39399],[9.75972,56.39381],[9.78423,56.39513],[9.7874,56.39517],[9.78741,56.39515]]]},"properties":{"STRKAFS":322008,"NAVN":"Ulstrup - Bjerringbro","HOVER_NAME":"Ulstrup - Bjerringbro","TIB":"1032","BANENR":"32","FRA_KM":7.6000000000000005,"TIL_KM":15.200000000000001,"FORKORTELSE":"Up-Bj","BANENR_NAVN":"(Langå) - (Struer)","HVDSTRK_NAVN":"Langå - Struer","DELSTRK_NAVN":"Langå - Struer","BTRTYPETEKST":"Fri Bane","BANEKLASSETEKST":"Regionalbane"}},{"type":"Feature","id":367745,"geometry":{"type":"Polygon","coordinates":[[[9.66687,56.37568],[9.66341,56.37467],[9.6586,56.37357],[9.65768,56.3739],[9.65169,56.37292],[9.6516,56.37307],[9.65696,56.374],[9.65872,56.37448],[9.65946,56.37447],[9.66286,56.37508],[9.66518,56.3756],[9.66511,56.37578],[9.66539,56.37582],[9.66551,56.37567],[9.67001,56.3765],[9.67012,56.37631],[9.66692,56.37571],[9.66687,56.37568]]]},"properties":{"STRKAFS":322015,"NAVN":"Bjerringbro","HOVER_NAME":"Bjerringbro","TIB":"1032","BANENR":"32","FRA_KM":15.200000000000001,"TIL_KM":16.4,"FORKORTELSE":"Bj","BANENR_NAVN":"(Langå) - (Struer)","HVDSTRK_NAVN":"Langå - Struer","DELSTRK_NAVN":"Langå - Struer","BTRTYPETEKST":"Station","BANEKLASSETEKST":"Regionalbane"}},{"type":"Feature","id":367746,"geometry":{"type":"Polygon","coordinates":[[[9.64948,56.37251],[9.64798,56.37222],[9.6481,56.37203],[9.63795,56.37014],[9.63784,56.37034],[9.63365,56.36954],[9.62974,56.36901],[9.62068,56.36832],[9.61733,56.36781],[9.61407,56.36692],[9.61118,56.36575],[9.61141,56.36558],[9.60704,56.36346],[9.60685,56.36359],[9.60494,56.36268],[9.60473,56.36255],[9.60482,56.36241],[9.60075,56.36035],[9.59923,56.35941],[9.59901,56.35953],[9.5975,56.35825],[9.59562,56.35599],[9.59487,56.35532],[9.59531,56.35533],[9.59408,56.35424],[9.59218,56.35302],[9.59103,56.35242],[9.58789,56.35128],[9.58401,56.35042],[9.58006,56.35022],[9.56858,56.35009],[9.5607,56.35052],[9.55772,56.35034],[9.54871,56.34931],[9.54535,56.34941],[9.52648,56.35091],[9.52664,56.35077],[9.52425,56.35065],[9.5219,56.35084],[9.5157,56.35042],[9.51549,56.35058],[9.51267,56.35051],[9.50959,56.35066],[9.50931,56.35046],[9.50706,56.35074],[9.50716,56.35093],[9.50515,56.3512],[9.50528,56.35141],[9.50614,56.35124],[9.5062,56.35143],[9.5105,56.35099],[9.51431,56.35091],[9.51443,56.35072],[9.52536,56.35121],[9.52864,56.35096],[9.52905,56.35105],[9.53039,56.35082],[9.53118,56.35098],[9.53276,56.35063],[9.5478,56.34952],[9.55024,56.34963],[9.55697,56.35045],[9.56003,56.35065],[9.56261,56.35067],[9.56513,56.35047],[9.56667,56.35057],[9.56827,56.35035],[9.5707,56.35034],[9.57233,56.35035],[9.57248,56.35049],[9.57434,56.35066],[9.57549,56.35052],[9.57549,56.3504],[9.5794,56.35038],[9.58438,56.35096],[9.58446,56.35083],[9.58823,56.35172],[9.59129,56.35303],[9.59318,56.35421],[9.59457,56.35532],[9.59645,56.35764],[9.59877,56.35959],[9.59864,56.35985],[9.60017,56.36087],[9.6038,56.3627],[9.60411,56.3625],[9.60663,56.36374],[9.60641,56.36386],[9.60691,56.36412],[9.61371,56.36697],[9.6154,56.36752],[9.62027,56.36866],[9.62151,56.36879],[9.62168,56.36859],[9.62204,56.36861],[9.62466,56.36895],[9.62798,56.3691],[9.62824,56.36914],[9.62815,56.3693],[9.63352,56.36989],[9.6336,56.36973],[9.63836,56.37057],[9.63849,56.37083],[9.64779,56.37253],[9.64791,56.37235],[9.6516,56.37307],[9.65169,56.37292],[9.64986,56.37259],[9.64948,56.37251]]]},"properties":{"STRKAFS":322018,"NAVN":"Bjerringbro - Rødkærsbro","HOVER_NAME":"Bjerringbro - Rødkærsbro","TIB":"1032","BANENR":"32","FRA_KM":16.4,"TIL_KM":26.400000000000002,"FORKORTELSE":"Bj-Rk","BANENR_NAVN":"(Langå) - (Struer)","HVDSTRK_NAVN":"Langå - Struer","DELSTRK_NAVN":"Langå - Struer","BTRTYPETEKST":"Fri Bane","BANEKLASSETEKST":"Regionalbane"}},{"type":"Feature","id":367747,"geometry":{"type":"Polygon","coordinates":[[[9.49098,56.35488],[9.49134,56.35485],[9.4914,56.35503],[9.49375,56.35479],[9.49465,56.35452],[9.49455,56.35436],[9.49905,56.35322],[9.49945,56.35309],[9.49951,56.35291],[9.5017,56.35224],[9.50528,56.35141],[9.50515,56.3512],[9.50048,56.35236],[9.50036,56.35223],[9.50106,56.35201],[9.50052,56.35207],[9.50041,56.35193],[9.49838,56.35223],[9.49789,56.35119],[9.49768,56.35123],[9.49814,56.35207],[9.498,56.35256],[9.4944,56.35403],[9.49124,56.35457],[9.48716,56.35493],[9.48718,56.35508],[9.49049,56.35492],[9.49098,56.35488]]]},"properties":{"STRKAFS":322027,"NAVN":"Rødkærsbro","HOVER_NAME":"Rødkærsbro","TIB":"1032","BANENR":"32","FRA_KM":26.400000000000002,"TIL_KM":27.6,"FORKORTELSE":"Rk","BANENR_NAVN":"(Langå) - (Struer)","HVDSTRK_NAVN":"Langå - Struer","DELSTRK_NAVN":"Langå - Struer","BTRTYPETEKST":"Station","BANEKLASSETEKST":"Regionalbane"}},{"type":"Feature","id":367748,"geometry":{"type":"Polygon","coordinates":[[[9.43543,56.39858],[9.43568,56.39851],[9.43723,56.39553],[9.43691,56.39548],[9.43838,56.39267],[9.43884,56.39231],[9.43977,56.3905],[9.43947,56.39044],[9.44075,56.38792],[9.44207,56.3858],[9.4424,56.38587],[9.44299,56.38526],[9.44549,56.3821],[9.44526,56.38193],[9.44777,56.37902],[9.45016,56.37594],[9.45064,56.37588],[9.45338,56.37256],[9.45319,56.37233],[9.45877,56.36568],[9.46027,56.36419],[9.46276,56.36223],[9.46471,56.36109],[9.46563,56.36063],[9.46575,56.36072],[9.4664,56.36052],[9.46623,56.36036],[9.46721,56.35988],[9.47437,56.35685],[9.47819,56.35578],[9.48209,56.35529],[9.48718,56.35508],[9.48716,56.35493],[9.47979,56.35532],[9.47702,56.35579],[9.47461,56.35646],[9.46516,56.3606],[9.46061,56.36349],[9.45848,56.36551],[9.45297,56.37226],[9.45254,56.3723],[9.44985,56.3755],[9.45023,56.37558],[9.44766,56.3785],[9.44705,56.37943],[9.44424,56.38273],[9.44406,56.38261],[9.44365,56.38307],[9.4437,56.3832],[9.44329,56.38382],[9.44245,56.38485],[9.4422,56.38479],[9.44134,56.38584],[9.44159,56.38589],[9.43999,56.38855],[9.43906,56.39062],[9.43861,56.39083],[9.43783,56.39232],[9.43812,56.39239],[9.43493,56.39865],[9.43534,56.39872],[9.43543,56.39858]]]},"properties":{"STRKAFS":322028,"NAVN":"Rødkærsbro - Rindsholm","HOVER_NAME":"Rødkærsbro - Rindsholm","TIB":"1032","BANENR":"32","FRA_KM":27.6,"TIL_KM":33.8,"FORKORTELSE":"Rk-Rn","BANENR_NAVN":"(Langå) - (Struer)","HVDSTRK_NAVN":"Langå - Struer","DELSTRK_NAVN":"Langå - Struer","BTRTYPETEKST":"Fri Bane","BANEKLASSETEKST":"Regionalbane"}},{"type":"Feature","id":367749,"geometry":{"type":"Polygon","coordinates":[[[9.42884,56.40527],[9.43211,56.40299],[9.43212,56.40268],[9.43273,56.40221],[9.43396,56.40084],[9.4345,56.39981],[9.43515,56.39915],[9.43534,56.39872],[9.43493,56.39865],[9.43422,56.39985],[9.43171,56.40263],[9.43112,56.40317],[9.43087,56.40308],[9.42845,56.40523],[9.4282,56.40512],[9.42676,56.40602],[9.42659,56.40627],[9.4257,56.40649],[9.42415,56.40731],[9.42471,56.40765],[9.42911,56.40538],[9.42884,56.40527]]]},"properties":{"STRKAFS":322035,"NAVN":"Rindsholm","HOVER_NAME":"Rindsholm","TIB":"1032","BANENR":"32","FRA_KM":33.8,"TIL_KM":35,"FORKORTELSE":"Rn","BANENR_NAVN":"(Langå) - (Struer)","HVDSTRK_NAVN":"Langå - Struer","DELSTRK_NAVN":"Langå - Struer","BTRTYPETEKST":"Teknisk Station","BANEKLASSETEKST":"Regionalbane"}},{"type":"Feature","id":367750,"geometry":{"type":"Polygon","coordinates":[[[8.48594,55.95342],[8.48673,55.95341],[8.48739,55.95278],[8.4876,55.9521],[8.4879,55.95219],[8.48872,55.9515],[8.48926,55.95065],[8.49082,55.94898],[8.49198,55.94793],[8.49217,55.94795],[8.49315,55.94692],[8.49295,55.94681],[8.49769,55.94209],[8.49751,55.94202],[8.49702,55.94249],[8.49674,55.9424],[8.49437,55.94468],[8.49171,55.94665],[8.49057,55.94784],[8.49064,55.94804],[8.48979,55.94918],[8.48951,55.94927],[8.4888,55.94913],[8.48844,55.94949],[8.48862,55.94955],[8.48838,55.94979],[8.48887,55.94993],[8.48818,55.95103],[8.48702,55.95212],[8.48514,55.95326],[8.48544,55.9532],[8.48581,55.95337],[8.48594,55.95342]]]},"properties":{"STRKAFS":313000,"NAVN":"Skjern","HOVER_NAME":"Skjern","TIB":"1031,1035","BANENR":"91","FRA_KM":115,"TIL_KM":116.4,"FORKORTELSE":"Sj","BANENR_NAVN":"(Varde) - Skjern","HVDSTRK_NAVN":"Esbjerg - Struer","DELSTRK_NAVN":"Skjern","BTRTYPETEKST":"Station","BANEKLASSETEKST":"Lokalbane II"}},{"type":"Feature","id":367751,"geometry":{"type":"Polygon","coordinates":[[[8.39362,56.01552],[8.39739,56.01071],[8.3975,56.01073],[8.39851,56.0095],[8.39838,56.00949],[8.40062,56.00663],[8.40093,56.00627],[8.40142,56.00608],[8.40247,56.00479],[8.40374,56.00318],[8.40332,56.00324],[8.41104,55.99345],[8.4114,55.99353],[8.41286,55.99154],[8.41265,55.99149],[8.41501,55.9887],[8.4149,55.98859],[8.41774,55.98494],[8.4245,55.9764],[8.42481,55.97647],[8.42581,55.97525],[8.42603,55.97493],[8.42571,55.97488],[8.42584,55.9747],[8.42781,55.97275],[8.42955,55.97146],[8.43184,55.97009],[8.43202,55.97],[8.43226,55.97013],[8.43554,55.96846],[8.43561,55.96819],[8.43643,55.96786],[8.44232,55.96614],[8.45178,55.96392],[8.45173,55.96377],[8.46614,55.96001],[8.46625,55.96014],[8.46837,55.95961],[8.4698,55.95947],[8.46999,55.95893],[8.47486,55.95768],[8.47494,55.95788],[8.47839,55.95686],[8.47821,55.95667],[8.48093,55.95562],[8.48546,55.95333],[8.48572,55.95336],[8.48544,55.9532],[8.48514,55.95326],[8.47871,55.95633],[8.47801,55.95657],[8.47784,55.95641],[8.47511,55.95724],[8.47527,55.95742],[8.46942,55.95895],[8.4693,55.95878],[8.46584,55.95965],[8.46531,55.95996],[8.4518,55.96352],[8.45175,55.96333],[8.45042,55.96367],[8.45048,55.96387],[8.44992,55.96401],[8.44976,55.96386],[8.44867,55.96413],[8.44871,55.96428],[8.43946,55.96669],[8.43651,55.96762],[8.43286,55.96931],[8.4284,55.97199],[8.42695,55.97321],[8.42574,55.97451],[8.41468,55.98849],[8.41428,55.9884],[8.41389,55.98887],[8.41034,55.99339],[8.41056,55.99345],[8.41036,55.99369],[8.41049,55.99382],[8.39413,56.01453],[8.39291,56.01568],[8.39298,56.01595],[8.3921,56.01705],[8.39172,56.01705],[8.39179,56.01744],[8.38869,56.02137],[8.38894,56.02143],[8.39269,56.01674],[8.39362,56.01552]]]},"properties":{"STRKAFS":314118,"NAVN":"Skjern - Lem","HOVER_NAME":"Skjern - Lem","TIB":"1031","BANENR":"92","FRA_KM":116.4,"TIL_KM":126.60000000000001,"FORKORTELSE":"Sj-Lm","BANENR_NAVN":"(Skjern) - (Holstebro)","HVDSTRK_NAVN":"Esbjerg - Struer","DELSTRK_NAVN":"Skjern - Holstebro","BTRTYPETEKST":"Fri Bane","BANEKLASSETEKST":"Lokalbane II"}},{"type":"Feature","id":367752,"geometry":{"type":"Polygon","coordinates":[[[8.38504,56.02634],[8.38553,56.02595],[8.38719,56.02391],[8.38894,56.02143],[8.38869,56.02137],[8.38787,56.02242],[8.38674,56.02332],[8.38514,56.02556],[8.38532,56.02562],[8.38508,56.02596],[8.38347,56.02793],[8.38382,56.02802],[8.38474,56.02669],[8.38504,56.02634]]]},"properties":{"STRKAFS":314127,"NAVN":"Lem","HOVER_NAME":"Lem","TIB":"1031","BANENR":"92","FRA_KM":126.60000000000001,"TIL_KM":127.4,"FORKORTELSE":"Lm","BANENR_NAVN":"(Skjern) - (Holstebro)","HVDSTRK_NAVN":"Esbjerg - Struer","DELSTRK_NAVN":"Skjern - Holstebro","BTRTYPETEKST":"Station","BANEKLASSETEKST":"Lokalbane II"}},{"type":"Feature","id":367753,"geometry":{"type":"Polygon","coordinates":[[[8.26745,56.08029],[8.26983,56.07927],[8.27008,56.07941],[8.27097,56.07913],[8.27206,56.07874],[8.27181,56.07859],[8.27246,56.07837],[8.2727,56.07852],[8.27819,56.0766],[8.27855,56.07646],[8.27835,56.0763],[8.28304,56.0748],[8.28662,56.07341],[8.28702,56.07329],[8.28722,56.07346],[8.28956,56.07266],[8.29158,56.07195],[8.29147,56.07181],[8.29226,56.07149],[8.30012,56.06874],[8.30029,56.06891],[8.30218,56.06826],[8.30328,56.06787],[8.30309,56.0677],[8.30821,56.06592],[8.31147,56.06498],[8.31151,56.06518],[8.31712,56.06427],[8.31717,56.06407],[8.31941,56.06416],[8.31942,56.06391],[8.32079,56.06378],[8.32203,56.06369],[8.32334,56.06386],[8.32803,56.06349],[8.32796,56.06336],[8.33548,56.0627],[8.3354,56.06249],[8.34572,56.06163],[8.34818,56.06121],[8.34829,56.06141],[8.35004,56.06104],[8.35015,56.06079],[8.35272,56.06011],[8.35714,56.05852],[8.36042,56.0565],[8.3603,56.05647],[8.3624,56.05479],[8.36352,56.05353],[8.37886,56.03412],[8.37933,56.03406],[8.3804,56.03272],[8.3808,56.03268],[8.38075,56.03217],[8.38052,56.03212],[8.38382,56.02802],[8.38347,56.02793],[8.37818,56.03467],[8.37784,56.03472],[8.37755,56.0351],[8.3778,56.03513],[8.36267,56.05415],[8.36007,56.05645],[8.35567,56.05886],[8.35075,56.06051],[8.34661,56.06133],[8.3366,56.06224],[8.33423,56.06226],[8.32739,56.06282],[8.32745,56.06298],[8.32318,56.06326],[8.31467,56.06422],[8.31462,56.06402],[8.31272,56.06436],[8.31284,56.06455],[8.31015,56.06517],[8.30384,56.06726],[8.30111,56.06794],[8.30014,56.06851],[8.29128,56.07165],[8.29113,56.07149],[8.28998,56.07183],[8.28632,56.07314],[8.28621,56.07322],[8.28634,56.07337],[8.28492,56.07386],[8.27825,56.07619],[8.27806,56.07603],[8.27439,56.07728],[8.27331,56.07791],[8.26857,56.0796],[8.26532,56.08124],[8.25701,56.08729],[8.25727,56.0874],[8.25744,56.08729],[8.25731,56.08728],[8.26348,56.08283],[8.26472,56.08209],[8.26463,56.08201],[8.26703,56.08053],[8.26745,56.08029]]]},"properties":{"STRKAFS":314128,"NAVN":"Lem - Ringkøbing","HOVER_NAME":"Lem - Ringkøbing","TIB":"1031","BANENR":"92","FRA_KM":127.4,"TIL_KM":138.4,"FORKORTELSE":"Lm-Rj","BANENR_NAVN":"(Skjern) - (Holstebro)","HVDSTRK_NAVN":"Esbjerg - Struer","DELSTRK_NAVN":"Skjern - Holstebro","BTRTYPETEKST":"Fri Bane","BANEKLASSETEKST":"Lokalbane II"}},{"type":"Feature","id":367754,"geometry":{"type":"Polygon","coordinates":[[[8.24582,56.09558],[8.24772,56.09492],[8.24699,56.09553],[8.24642,56.09633],[8.24703,56.09644],[8.24746,56.09565],[8.24809,56.09501],[8.2495,56.09393],[8.24996,56.09409],[8.25109,56.09315],[8.25287,56.09161],[8.25395,56.09012],[8.25727,56.0874],[8.25701,56.08729],[8.25325,56.09014],[8.25304,56.09009],[8.25228,56.09057],[8.24958,56.09294],[8.24921,56.09362],[8.24856,56.09425],[8.24734,56.09494],[8.24637,56.09528],[8.24494,56.09548],[8.24392,56.09546],[8.24193,56.09493],[8.24179,56.09504],[8.24352,56.09554],[8.24538,56.09557],[8.24407,56.09639],[8.24429,56.09645],[8.24549,56.09569],[8.24582,56.09558]]]},"properties":{"STRKAFS":314139,"NAVN":"Ringkøbing","HOVER_NAME":"Ringkøbing","TIB":"1031","BANENR":"92","FRA_KM":138.4,"TIL_KM":139.6,"FORKORTELSE":"Rj","BANENR_NAVN":"(Skjern) - (Holstebro)","HVDSTRK_NAVN":"Esbjerg - Struer","DELSTRK_NAVN":"Skjern - Holstebro","BTRTYPETEKST":"Station","BANEKLASSETEKST":"Lokalbane II"}},{"type":"Feature","id":367755,"geometry":{"type":"Polygon","coordinates":[[[8.3238,56.26323],[8.3238,56.26209],[8.32325,56.25889],[8.32365,56.25886],[8.32346,56.25711],[8.32317,56.25506],[8.32283,56.25503],[8.32161,56.24481],[8.32172,56.2448],[8.32132,56.24083],[8.32104,56.24037],[8.32095,56.23843],[8.32004,56.23168],[8.32016,56.23165],[8.32003,56.23071],[8.32026,56.23068],[8.32015,56.22955],[8.31979,56.22957],[8.31963,56.2287],[8.31996,56.22865],[8.31967,56.22579],[8.3195,56.22579],[8.31863,56.22094],[8.31876,56.22092],[8.31824,56.21919],[8.3179,56.21923],[8.31503,56.21336],[8.31537,56.2133],[8.31297,56.20862],[8.31264,56.20861],[8.31056,56.20454],[8.30919,56.20153],[8.30818,56.19983],[8.30853,56.1998],[8.3073,56.19743],[8.30708,56.19746],[8.30663,56.19659],[8.30596,56.19509],[8.30612,56.19489],[8.3052,56.19285],[8.30477,56.1926],[8.28924,56.15359],[8.28807,56.14949],[8.2858,56.13829],[8.28563,56.13683],[8.28471,56.13352],[8.28468,56.13333],[8.28503,56.13327],[8.28474,56.1325],[8.2845,56.13226],[8.28462,56.13163],[8.28395,56.13125],[8.28349,56.13045],[8.2826,56.12942],[8.28054,56.12758],[8.28029,56.12769],[8.27352,56.12214],[8.27377,56.12203],[8.27109,56.1198],[8.27081,56.11987],[8.27027,56.11944],[8.26196,56.11251],[8.26214,56.11237],[8.26007,56.1106],[8.25973,56.11066],[8.25601,56.10755],[8.25631,56.10742],[8.25262,56.10445],[8.25275,56.1044],[8.25238,56.10393],[8.25216,56.10398],[8.24911,56.10143],[8.24862,56.10137],[8.24831,56.10113],[8.24692,56.09936],[8.24663,56.09838],[8.24663,56.09772],[8.24703,56.09644],[8.24642,56.09633],[8.24606,56.0978],[8.2463,56.09903],[8.24677,56.09993],[8.24794,56.10114],[8.26907,56.11886],[8.28118,56.12875],[8.28337,56.13121],[8.28327,56.13125],[8.28441,56.13347],[8.28472,56.13458],[8.28588,56.14019],[8.286,56.14111],[8.28588,56.14188],[8.28648,56.14404],[8.28663,56.14404],[8.28679,56.14447],[8.28704,56.1465],[8.28847,56.15232],[8.29307,56.16411],[8.29543,56.16976],[8.2977,56.17567],[8.29755,56.17569],[8.29791,56.17654],[8.29803,56.17653],[8.29984,56.1809],[8.30266,56.18812],[8.30439,56.19262],[8.30417,56.19291],[8.3043,56.19339],[8.30472,56.19336],[8.30548,56.19535],[8.30571,56.19545],[8.30844,56.20086],[8.30833,56.20086],[8.30861,56.20156],[8.31616,56.21608],[8.31799,56.22025],[8.31769,56.22038],[8.31796,56.22104],[8.31823,56.22103],[8.31855,56.22221],[8.31893,56.2249],[8.31946,56.22951],[8.31909,56.22957],[8.31925,56.2302],[8.31955,56.23023],[8.31987,56.23412],[8.32046,56.23739],[8.3218,56.24885],[8.32216,56.25223],[8.32204,56.25259],[8.32269,56.25654],[8.32283,56.25884],[8.32301,56.25884],[8.32307,56.25919],[8.32295,56.2592],[8.32307,56.26054],[8.32401,56.26752],[8.32511,56.26748],[8.32438,56.26521],[8.32414,56.26329],[8.3238,56.26323]]]},"properties":{"STRKAFS":314142,"NAVN":"Ringkøbing - Ulfborg","HOVER_NAME":"Ringkøbing - Ulfborg","TIB":"1031","BANENR":"92","FRA_KM":139.6,"TIL_KM":159.6,"FORKORTELSE":"Rj-Uf","BANENR_NAVN":"(Skjern) - (Holstebro)","HVDSTRK_NAVN":"Esbjerg - Struer","DELSTRK_NAVN":"Skjern - Holstebro","BTRTYPETEKST":"Fri Bane","BANEKLASSETEKST":"Lokalbane II"}},{"type":"Feature","id":367756,"geometry":{"type":"Polygon","coordinates":[[[8.287,56.14436],[8.28685,56.14352],[8.28633,56.14355],[8.28648,56.14404],[8.28663,56.14404],[8.28672,56.14438],[8.2869,56.14437],[8.287,56.14436]]]},"properties":{"STRKAFS":314145,"NAVN":"Hee","HOVER_NAME":"Hee","TIB":"1031","BANENR":"92","FRA_KM":145.55100000000002,"TIL_KM":145.645,"FORKORTELSE":"He","BANENR_NAVN":"(Skjern) - (Holstebro)","HVDSTRK_NAVN":"Esbjerg - Struer","DELSTRK_NAVN":"Skjern - Holstebro","BTRTYPETEKST":"Trinbræt","BANEKLASSETEKST":"Lokalbane II"}},{"type":"Feature","id":367757,"geometry":{"type":"Polygon","coordinates":[[[8.30612,56.19489],[8.30601,56.19463],[8.30521,56.19479],[8.30583,56.19569],[8.30621,56.19564],[8.30596,56.19509],[8.30612,56.19489]]]},"properties":{"STRKAFS":314151,"NAVN":"Tim","HOVER_NAME":"Tim","TIB":"1031","BANENR":"92","FRA_KM":151.372,"TIL_KM":151.483,"FORKORTELSE":"Tm","BANENR_NAVN":"(Skjern) - (Holstebro)","HVDSTRK_NAVN":"Esbjerg - Struer","DELSTRK_NAVN":"Skjern - Holstebro","BTRTYPETEKST":"Trinbræt","BANEKLASSETEKST":"Lokalbane II"}},{"type":"Feature","id":367758,"geometry":{"type":"Polygon","coordinates":[[[8.3261,56.27289],[8.32613,56.27264],[8.3259,56.27264],[8.32558,56.27136],[8.3253,56.27138],[8.32502,56.27058],[8.32529,56.27036],[8.32475,56.2681],[8.32529,56.26805],[8.32511,56.26748],[8.32401,56.26752],[8.32474,56.27067],[8.32456,56.27101],[8.32508,56.27372],[8.32516,56.27399],[8.3256,56.27418],[8.32613,56.27643],[8.32649,56.2764],[8.32585,56.27416],[8.32632,56.27413],[8.32612,56.27299],[8.3261,56.27289]]]},"properties":{"STRKAFS":314159,"NAVN":"Ulfborg","HOVER_NAME":"Ulfborg","TIB":"1031","BANENR":"92","FRA_KM":159.6,"TIL_KM":160.6,"FORKORTELSE":"Uf","BANENR_NAVN":"(Skjern) - (Holstebro)","HVDSTRK_NAVN":"Esbjerg - Struer","DELSTRK_NAVN":"Skjern - Holstebro","BTRTYPETEKST":"Station","BANEKLASSETEKST":"Lokalbane II"}},{"type":"Feature","id":367759,"geometry":{"type":"Polygon","coordinates":[[[9.25445,55.91498],[9.25446,55.91452],[9.2539,55.91453],[9.25386,55.91582],[9.25337,55.91717],[9.25204,55.9189],[9.25113,55.91968],[9.24877,55.92109],[9.24525,55.92225],[9.24106,55.92289],[9.20243,55.92758],[9.1938,55.92876],[9.14729,55.93843],[9.13732,55.94109],[9.13445,55.9422],[9.13479,55.94243],[9.13785,55.94112],[9.14794,55.93857],[9.19394,55.92898],[9.19822,55.92832],[9.24295,55.92293],[9.24517,55.92249],[9.24866,55.9214],[9.2515,55.9198],[9.25312,55.91832],[9.25352,55.91776],[9.25419,55.91643],[9.25443,55.91535],[9.25445,55.91498]]]},"properties":{"STRKAFS":334068,"NAVN":"Brande - Thyregod","HOVER_NAME":"Brande - Thyregod","TIB":"1033","BANENR":"39","FRA_KM":65.8,"TIL_KM":74.2,"FORKORTELSE":"Bb-Ty","BANENR_NAVN":"Herning - (Vejle)","HVDSTRK_NAVN":"Holstebro - Vejle","DELSTRK_NAVN":"Herning - Vejle","BTRTYPETEKST":"Fri Bane","BANEKLASSETEKST":"Regionalbane"}},{"type":"Feature","id":367760,"geometry":{"type":"Polygon","coordinates":[[[9.25405,55.91167],[9.2539,55.91126],[9.25429,55.91117],[9.25386,55.91049],[9.25426,55.9104],[9.25252,55.90835],[9.2512,55.90642],[9.24948,55.90444],[9.24907,55.90464],[9.24706,55.90268],[9.24655,55.90285],[9.24855,55.90472],[9.24789,55.90498],[9.25055,55.90785],[9.25159,55.90948],[9.25257,55.91157],[9.25326,55.91144],[9.25375,55.91318],[9.2539,55.91453],[9.25446,55.91452],[9.25419,55.91194],[9.25405,55.91167]]]},"properties":{"STRKAFS":334075,"NAVN":"Thyregod","HOVER_NAME":"Thyregod","TIB":"1033","BANENR":"39","FRA_KM":74.2,"TIL_KM":75.60000000000001,"FORKORTELSE":"Ty","BANENR_NAVN":"Herning - (Vejle)","HVDSTRK_NAVN":"Holstebro - Vejle","DELSTRK_NAVN":"Herning - Vejle","BTRTYPETEKST":"Station","BANEKLASSETEKST":"Regionalbane"}},{"type":"Feature","id":367761,"geometry":{"type":"Polygon","coordinates":[[[9.24506,55.90034],[9.24432,55.89965],[9.24402,55.89974],[9.24252,55.89831],[9.24078,55.89604],[9.23962,55.89343],[9.23998,55.89343],[9.23972,55.89126],[9.23929,55.89117],[9.23979,55.88682],[9.24018,55.88683],[9.24034,55.88622],[9.24037,55.88537],[9.24001,55.88535],[9.24084,55.87914],[9.24092,55.87696],[9.24132,55.87372],[9.24206,55.8697],[9.24244,55.8695],[9.24286,55.8663],[9.24255,55.86626],[9.24256,55.86445],[9.24237,55.8634],[9.24127,55.86126],[9.23927,55.85911],[9.23434,55.85528],[9.23384,55.85461],[9.2297,55.85132],[9.22947,55.85135],[9.2289,55.85069],[9.22819,55.84919],[9.22827,55.84794],[9.22872,55.84677],[9.22948,55.84591],[9.23029,55.84531],[9.22991,55.84513],[9.22882,55.84613],[9.22792,55.84739],[9.22772,55.84866],[9.22793,55.84984],[9.22832,55.85048],[9.22808,55.85057],[9.22823,55.85084],[9.22858,55.85127],[9.22881,55.85108],[9.23204,55.85406],[9.23562,55.8567],[9.2395,55.86005],[9.24088,55.86175],[9.24157,55.86302],[9.24205,55.86451],[9.24215,55.86605],[9.24151,55.87093],[9.24047,55.87464],[9.24038,55.87972],[9.2395,55.88607],[9.23892,55.89169],[9.23934,55.8939],[9.23994,55.89537],[9.24069,55.89668],[9.24224,55.89848],[9.24655,55.90285],[9.24706,55.90268],[9.24668,55.90233],[9.2467,55.90189],[9.24543,55.90068],[9.24506,55.90034]]]},"properties":{"STRKAFS":334076,"NAVN":"Thyregod - Give","HOVER_NAME":"Thyregod - Give","TIB":"1033","BANENR":"39","FRA_KM":75.60000000000001,"TIL_KM":82.4,"FORKORTELSE":"Ty-Gw","BANENR_NAVN":"Herning - (Vejle)","HVDSTRK_NAVN":"Holstebro - Vejle","DELSTRK_NAVN":"Herning - Vejle","BTRTYPETEKST":"Fri Bane","BANEKLASSETEKST":"Regionalbane"}},{"type":"Feature","id":367762,"geometry":{"type":"Polygon","coordinates":[[[9.24017,55.84189],[9.24218,55.84144],[9.24392,55.84072],[9.24348,55.84041],[9.24073,55.84147],[9.2405,55.84122],[9.23409,55.84309],[9.23396,55.84336],[9.23078,55.84458],[9.22991,55.84513],[9.23029,55.84531],[9.23185,55.84443],[9.23365,55.84378],[9.24032,55.84205],[9.24017,55.84189]]]},"properties":{"STRKAFS":334083,"NAVN":"Give","HOVER_NAME":"Give","TIB":"1033","BANENR":"39","FRA_KM":82.4,"TIL_KM":83.4,"FORKORTELSE":"Gw","BANENR_NAVN":"Herning - (Vejle)","HVDSTRK_NAVN":"Holstebro - Vejle","DELSTRK_NAVN":"Herning - Vejle","BTRTYPETEKST":"Station","BANEKLASSETEKST":"Regionalbane"}},{"type":"Feature","id":367763,"geometry":{"type":"Polygon","coordinates":[[[9.24911,55.83166],[9.24879,55.83022],[9.24839,55.83019],[9.24773,55.82715],[9.24793,55.82709],[9.24785,55.82649],[9.24761,55.82571],[9.24741,55.82569],[9.24686,55.82318],[9.247,55.82316],[9.24695,55.82292],[9.24722,55.82289],[9.24657,55.82172],[9.24658,55.82102],[9.24676,55.82034],[9.24732,55.81931],[9.2496,55.81668],[9.25064,55.81503],[9.25081,55.81504],[9.25099,55.81472],[9.25118,55.81359],[9.25099,55.81359],[9.25113,55.81285],[9.25261,55.80629],[9.25284,55.80625],[9.25333,55.80439],[9.25314,55.80437],[9.25411,55.80272],[9.25438,55.80279],[9.25879,55.79923],[9.25882,55.79885],[9.26426,55.79446],[9.26587,55.79324],[9.26743,55.79231],[9.27019,55.79123],[9.2866,55.78661],[9.28889,55.78629],[9.2968,55.78571],[9.2995,55.78513],[9.30964,55.78148],[9.31155,55.78105],[9.31325,55.78042],[9.31335,55.78016],[9.31681,55.77902],[9.31812,55.77838],[9.31783,55.77822],[9.31308,55.78005],[9.2985,55.7852],[9.29811,55.78515],[9.29732,55.78529],[9.29742,55.78542],[9.29623,55.78558],[9.28889,55.78607],[9.28582,55.78652],[9.26935,55.7913],[9.26693,55.79227],[9.26594,55.79288],[9.25856,55.79861],[9.25865,55.79871],[9.25804,55.79919],[9.25766,55.79903],[9.25685,55.79937],[9.25386,55.80182],[9.25286,55.80297],[9.25328,55.8033],[9.25242,55.8056],[9.25031,55.81496],[9.24991,55.81577],[9.24672,55.81963],[9.24637,55.82053],[9.24626,55.82182],[9.24649,55.8229],[9.24635,55.82293],[9.24654,55.82324],[9.2481,55.83028],[9.24851,55.83242],[9.24849,55.83332],[9.24795,55.8363],[9.24735,55.8377],[9.24652,55.83869],[9.24572,55.8393],[9.24348,55.84041],[9.24392,55.84072],[9.2466,55.83931],[9.24754,55.83848],[9.24817,55.8376],[9.24856,55.83663],[9.24824,55.83661],[9.24884,55.83299],[9.24874,55.83169],[9.24911,55.83166]]]},"properties":{"STRKAFS":334084,"NAVN":"Give - Gadbjerg","HOVER_NAME":"Give - Gadbjerg","TIB":"1033","BANENR":"39","FRA_KM":83.4,"TIL_KM":92.8,"FORKORTELSE":"Gw-Gg","BANENR_NAVN":"Herning - (Vejle)","HVDSTRK_NAVN":"Holstebro - Vejle","DELSTRK_NAVN":"Herning - Vejle","BTRTYPETEKST":"Fri Bane","BANEKLASSETEKST":"Regionalbane"}},{"type":"Feature","id":367764,"geometry":{"type":"Polygon","coordinates":[[[9.32183,55.77598],[9.32359,55.77492],[9.3251,55.77432],[9.32494,55.77419],[9.32762,55.77336],[9.33015,55.77296],[9.33009,55.7728],[9.3271,55.77324],[9.32359,55.77442],[9.32221,55.77509],[9.32095,55.77593],[9.3208,55.77581],[9.3206,55.77594],[9.31929,55.77693],[9.31935,55.77726],[9.31783,55.77822],[9.31812,55.77838],[9.31966,55.77734],[9.32006,55.77731],[9.32109,55.77654],[9.32183,55.77598]]]},"properties":{"STRKAFS":334093,"NAVN":"Gadbjerg","HOVER_NAME":"Gadbjerg","TIB":"1033","BANENR":"39","FRA_KM":92.8,"TIL_KM":93.8,"FORKORTELSE":"Gg","BANENR_NAVN":"Herning - (Vejle)","HVDSTRK_NAVN":"Holstebro - Vejle","DELSTRK_NAVN":"Herning - Vejle","BTRTYPETEKST":"Teknisk Station","BANEKLASSETEKST":"Regionalbane"}},{"type":"Feature","id":367765,"geometry":{"type":"Polygon","coordinates":[[[9.33091,55.77286],[9.33661,55.77217],[9.33667,55.77234],[9.33782,55.77222],[9.33777,55.77202],[9.34474,55.77105],[9.34718,55.77054],[9.35157,55.76916],[9.35191,55.76886],[9.35209,55.76894],[9.35468,55.76813],[9.35729,55.7672],[9.35715,55.76702],[9.35786,55.76677],[9.35803,55.76693],[9.35907,55.76657],[9.35888,55.7664],[9.36197,55.76532],[9.36209,55.76541],[9.36307,55.76509],[9.36349,55.76492],[9.36339,55.76481],[9.37006,55.7618],[9.3702,55.7619],[9.37078,55.76168],[9.3714,55.76138],[9.37139,55.76118],[9.3741,55.75982],[9.37477,55.75963],[9.37471,55.75944],[9.37556,55.75895],[9.37581,55.75908],[9.37845,55.7575],[9.37851,55.75722],[9.379,55.75693],[9.37926,55.75707],[9.38388,55.75446],[9.38387,55.75425],[9.38785,55.75271],[9.38944,55.75226],[9.39104,55.752],[9.39384,55.75187],[9.40041,55.75262],[9.40318,55.75285],[9.40333,55.75267],[9.40688,55.75298],[9.40683,55.75317],[9.40947,55.75341],[9.40949,55.7532],[9.41356,55.75357],[9.41361,55.75337],[9.39371,55.7517],[9.39136,55.75174],[9.38897,55.75218],[9.38466,55.75371],[9.3824,55.75471],[9.37829,55.75712],[9.37748,55.7572],[9.37651,55.75776],[9.37424,55.75909],[9.37439,55.75926],[9.37269,55.76032],[9.36399,55.76439],[9.35409,55.7679],[9.34767,55.77013],[9.34564,55.77068],[9.34284,55.77118],[9.33009,55.7728],[9.33015,55.77296],[9.33091,55.77286]]]},"properties":{"STRKAFS":334094,"NAVN":"Gadbjerg - Jelling","HOVER_NAME":"Gadbjerg - Jelling","TIB":"1033","BANENR":"39","FRA_KM":93.8,"TIL_KM":99.8,"FORKORTELSE":"Gg-Jl","BANENR_NAVN":"Herning - (Vejle)","HVDSTRK_NAVN":"Holstebro - Vejle","DELSTRK_NAVN":"Herning - Vejle","BTRTYPETEKST":"Fri Bane","BANEKLASSETEKST":"Regionalbane"}},{"type":"Feature","id":367766,"geometry":{"type":"Polygon","coordinates":[[[9.4281,55.7546],[9.42531,55.75425],[9.41361,55.75337],[9.41356,55.75357],[9.42441,55.75469],[9.42504,55.75474],[9.42521,55.75458],[9.42754,55.75475],[9.42996,55.75524],[9.43188,55.75596],[9.43209,55.75582],[9.43056,55.75519],[9.42894,55.75475],[9.4281,55.7546]]]},"properties":{"STRKAFS":334101,"NAVN":"Jelling","HOVER_NAME":"Jelling","TIB":"1033","BANENR":"39","FRA_KM":99.8,"TIL_KM":101,"FORKORTELSE":"Jl","BANENR_NAVN":"Herning - (Vejle)","HVDSTRK_NAVN":"Holstebro - Vejle","DELSTRK_NAVN":"Herning - Vejle","BTRTYPETEKST":"Station","BANEKLASSETEKST":"Regionalbane"}},{"type":"Feature","id":367767,"geometry":{"type":"Polygon","coordinates":[[[9.16518,56.48343],[9.16764,56.48303],[9.17033,56.48206],[9.17043,56.48221],[9.17208,56.48188],[9.17204,56.48168],[9.1902,56.47811],[9.19028,56.47831],[9.19224,56.47799],[9.19524,56.4774],[9.19545,56.4771],[9.2052,56.47519],[9.20526,56.47537],[9.20793,56.47485],[9.20781,56.47466],[9.21101,56.47417],[9.21414,56.474],[9.21752,56.47409],[9.22016,56.47439],[9.22058,56.47464],[9.22231,56.47492],[9.22229,56.47506],[9.22286,56.47519],[9.22856,56.47544],[9.23513,56.47511],[9.23869,56.47457],[9.23876,56.47473],[9.23946,56.47464],[9.24212,56.47402],[9.24194,56.47383],[9.24338,56.47341],[9.24577,56.47217],[9.24686,56.47187],[9.25007,56.47048],[9.25026,56.47052],[9.25139,56.46997],[9.25124,56.46985],[9.25201,56.46945],[9.25522,56.46826],[9.25562,56.46807],[9.25559,56.46796],[9.25725,56.46721],[9.25746,56.46737],[9.26171,56.46578],[9.26419,56.46446],[9.26393,56.46433],[9.27193,56.45918],[9.27534,56.45744],[9.27884,56.45619],[9.27869,56.45604],[9.27519,56.45728],[9.27479,56.45677],[9.27369,56.45752],[9.27393,56.45763],[9.27353,56.45791],[9.26454,56.46371],[9.2626,56.46482],[9.25691,56.46707],[9.25195,56.46932],[9.24942,56.47025],[9.24432,56.47264],[9.24328,56.47283],[9.24066,56.47387],[9.24038,56.47393],[9.24022,56.47375],[9.23779,56.47434],[9.23776,56.47456],[9.23748,56.47462],[9.2305,56.47514],[9.22548,56.47487],[9.22359,56.47452],[9.22322,56.47459],[9.21623,56.47384],[9.21345,56.47383],[9.21114,56.47399],[9.20773,56.47454],[9.20729,56.47441],[9.20504,56.47485],[9.20511,56.47505],[9.20205,56.47565],[9.19541,56.47692],[9.19526,56.47675],[9.19158,56.47743],[9.19003,56.47779],[9.19011,56.47799],[9.1897,56.47807],[9.17586,56.48075],[9.17589,56.48062],[9.17144,56.48142],[9.17008,56.48173],[9.17019,56.48189],[9.16874,56.48206],[9.16672,56.48259],[9.165,56.48308],[9.16513,56.48326],[9.16292,56.4837],[9.15876,56.48493],[9.15893,56.48512],[9.16323,56.48407],[9.16466,56.48356],[9.16518,56.48343]]]},"properties":{"STRKAFS":322050,"NAVN":"Ravnstrup - Stoholm","HOVER_NAME":"Ravnstrup - Stoholm","TIB":"1032","BANENR":"32","FRA_KM":48,"TIL_KM":56.4,"FORKORTELSE":"Ra-Sm","BANENR_NAVN":"(Langå) - (Struer)","HVDSTRK_NAVN":"Langå - Struer","DELSTRK_NAVN":"Langå - Struer","BTRTYPETEKST":"Fri Bane","BANEKLASSETEKST":"Regionalbane"}},{"type":"Feature","id":367768,"geometry":{"type":"Polygon","coordinates":[[[9.22685,56.47544],[9.22838,56.47543],[9.22842,56.47501],[9.227,56.47493],[9.22694,56.4751],[9.22685,56.47544]]]},"properties":{"STRKAFS":322053,"NAVN":"Sparkær","HOVER_NAME":"Sparkær","TIB":"1032","BANENR":"32","FRA_KM":51.873000000000005,"TIL_KM":51.963,"FORKORTELSE":"Sp","BANENR_NAVN":"(Langå) - (Struer)","HVDSTRK_NAVN":"Langå - Struer","DELSTRK_NAVN":"Langå - Struer","BTRTYPETEKST":"Trinbræt","BANEKLASSETEKST":"Regionalbane"}},{"type":"Feature","id":367769,"geometry":{"type":"Polygon","coordinates":[[[9.14338,56.4902],[9.14715,56.48857],[9.14856,56.48828],[9.15165,56.4871],[9.1537,56.48675],[9.15482,56.4864],[9.1547,56.48623],[9.15893,56.48512],[9.15876,56.48493],[9.1558,56.48577],[9.15577,56.48557],[9.15304,56.48628],[9.15314,56.48643],[9.14892,56.48763],[9.14551,56.48892],[9.14311,56.49003],[9.14289,56.48989],[9.14188,56.49034],[9.1425,56.49074],[9.14352,56.49028],[9.14338,56.4902]]]},"properties":{"STRKAFS":322057,"NAVN":"Stoholm","HOVER_NAME":"Stoholm","TIB":"1032","BANENR":"32","FRA_KM":56.4,"TIL_KM":57.6,"FORKORTELSE":"Sm","BANENR_NAVN":"(Langå) - (Struer)","HVDSTRK_NAVN":"Langå - Struer","DELSTRK_NAVN":"Langå - Struer","BTRTYPETEKST":"Station","BANEKLASSETEKST":"Regionalbane"}},{"type":"Feature","id":367770,"geometry":{"type":"Polygon","coordinates":[[[9.11468,56.54222],[9.11445,56.54152],[9.11445,56.54136],[9.11481,56.54132],[9.11448,56.53651],[9.11426,56.53651],[9.11394,56.53352],[9.11324,56.53067],[9.11274,56.52761],[9.11277,56.52433],[9.11241,56.52416],[9.11261,56.52378],[9.11246,56.5236],[9.1126,56.52267],[9.11244,56.52236],[9.11286,56.5222],[9.11317,56.5205],[9.11381,56.5188],[9.11359,56.51873],[9.11398,56.5179],[9.11437,56.51764],[9.11518,56.51584],[9.115,56.51534],[9.11983,56.50467],[9.1201,56.50414],[9.12037,56.50419],[9.1213,56.50287],[9.12101,56.50274],[9.12275,56.50111],[9.12337,56.50098],[9.12416,56.50044],[9.12388,56.50029],[9.1246,56.49987],[9.12485,56.5],[9.12941,56.49758],[9.12919,56.49742],[9.14185,56.49087],[9.14203,56.49096],[9.1425,56.49074],[9.14188,56.49034],[9.14128,56.49063],[9.14155,56.49076],[9.12904,56.49729],[9.12885,56.49715],[9.12438,56.49949],[9.12462,56.49964],[9.12224,56.50121],[9.1208,56.50267],[9.12049,56.50253],[9.11964,56.50366],[9.11987,56.50387],[9.11581,56.51263],[9.11324,56.51871],[9.11282,56.51881],[9.11187,56.52119],[9.11179,56.52237],[9.11216,56.52239],[9.11196,56.52322],[9.11213,56.52406],[9.11203,56.52727],[9.11361,56.53339],[9.11422,56.54128],[9.11416,56.5429],[9.11434,56.54303],[9.11425,56.5443],[9.11462,56.54432],[9.11457,56.54303],[9.11471,56.54283],[9.11468,56.54222]]]},"properties":{"STRKAFS":322058,"NAVN":"Stoholm - Højslev","HOVER_NAME":"Stoholm - Højslev","TIB":"1032","BANENR":"32","FRA_KM":57.6,"TIL_KM":64.2,"FORKORTELSE":"Sm-Hø","BANENR_NAVN":"(Langå) - (Struer)","HVDSTRK_NAVN":"Langå - Struer","DELSTRK_NAVN":"Langå - Struer","BTRTYPETEKST":"Fri Bane","BANEKLASSETEKST":"Regionalbane"}},{"type":"Feature","id":367771,"geometry":{"type":"Polygon","coordinates":[[[9.11441,56.54431],[9.11425,56.5443],[9.11364,56.54598],[9.11302,56.54691],[9.11252,56.5475],[9.11221,56.54757],[9.11081,56.5487],[9.11093,56.54875],[9.10837,56.5502],[9.10679,56.55079],[9.10533,56.55113],[9.10555,56.55138],[9.10859,56.55036],[9.11071,56.54936],[9.11219,56.54836],[9.11411,56.54603],[9.11462,56.54432],[9.11446,56.54431],[9.11441,56.54431]]]},"properties":{"STRKAFS":322065,"NAVN":"Højslev","HOVER_NAME":"Højslev","TIB":"1032","BANENR":"32","FRA_KM":64.2,"TIL_KM":65.2,"FORKORTELSE":"Hø","BANENR_NAVN":"(Langå) - (Struer)","HVDSTRK_NAVN":"Langå - Struer","DELSTRK_NAVN":"Langå - Struer","BTRTYPETEKST":"Station","BANEKLASSETEKST":"Regionalbane"}},{"type":"Feature","id":367772,"geometry":{"type":"Polygon","coordinates":[[[9.05027,56.55794],[9.05063,56.55794],[9.05389,56.55663],[9.05433,56.55672],[9.05818,56.55521],[9.05799,56.55507],[9.05934,56.55452],[9.06825,56.55106],[9.06848,56.55123],[9.07182,56.55029],[9.07592,56.54964],[9.07876,56.54948],[9.07953,56.54928],[9.08202,56.5494],[9.08549,56.54983],[9.08525,56.55],[9.09194,56.55174],[9.09594,56.55232],[9.09761,56.55236],[9.09758,56.55217],[9.10208,56.55204],[9.10555,56.55138],[9.10533,56.55113],[9.10402,56.55137],[9.1038,56.55153],[9.10204,56.55177],[9.09757,56.55206],[9.09569,56.55194],[9.09457,56.55182],[9.09465,56.55158],[9.09242,56.55117],[9.08588,56.54953],[9.08557,56.5497],[9.08284,56.54926],[9.07794,56.54915],[9.07789,56.54893],[9.07413,56.54925],[9.07242,56.54955],[9.07258,56.54974],[9.07001,56.55021],[9.0663,56.55144],[9.05781,56.55493],[9.05758,56.55475],[9.05647,56.55518],[9.05663,56.55538],[9.05159,56.55731],[9.04649,56.55885],[9.0466,56.55899],[9.04988,56.55808],[9.05027,56.55794]]]},"properties":{"STRKAFS":322066,"NAVN":"Højslev - Skive","HOVER_NAME":"Højslev - Skive","TIB":"1032","BANENR":"32","FRA_KM":65.2,"TIL_KM":69.2,"FORKORTELSE":"Hø-Sk","BANENR_NAVN":"(Langå) - (Struer)","HVDSTRK_NAVN":"Langå - Struer","DELSTRK_NAVN":"Langå - Struer","BTRTYPETEKST":"Fri Bane","BANEKLASSETEKST":"Regionalbane"}},{"type":"Feature","id":367773,"geometry":{"type":"Polygon","coordinates":[[[9.05236,56.57096],[9.0522,56.57087],[9.05431,56.57083],[9.05429,56.57068],[9.05181,56.57073],[9.04994,56.56998],[9.05306,56.5703],[9.05305,56.57018],[9.05034,56.56992],[9.0488,56.56956],[9.05201,56.56941],[9.05195,56.56929],[9.04864,56.56943],[9.04679,56.56929],[9.03961,56.56926],[9.03775,56.56902],[9.03627,56.56866],[9.03459,56.56795],[9.03392,56.56745],[9.03364,56.56676],[9.03389,56.56559],[9.03426,56.56485],[9.03474,56.56424],[9.03577,56.56357],[9.03974,56.56201],[9.04126,56.56167],[9.05063,56.55794],[9.05051,56.55786],[9.0466,56.55899],[9.04649,56.55885],[9.04215,56.55961],[9.03761,56.55997],[9.03758,56.55976],[9.03599,56.55984],[9.03603,56.55996],[9.03564,56.56001],[9.02984,56.56034],[9.02601,56.56106],[9.02586,56.56088],[9.02519,56.56106],[9.02535,56.56125],[9.02518,56.56131],[9.0236,56.56148],[9.02209,56.56205],[9.01947,56.56387],[9.01993,56.56407],[9.02169,56.56302],[9.02405,56.56215],[9.02767,56.56132],[9.02817,56.5619],[9.03293,56.56055],[9.03561,56.56034],[9.03688,56.56068],[9.04308,56.55976],[9.04688,56.55902],[9.04598,56.55965],[9.03561,56.56348],[9.03451,56.56419],[9.03386,56.56499],[9.03348,56.56604],[9.03349,56.56706],[9.03389,56.56768],[9.03442,56.56807],[9.03641,56.56889],[9.03738,56.56912],[9.03963,56.56941],[9.04806,56.56953],[9.04913,56.5698],[9.05219,56.57101],[9.05261,56.57136],[9.05278,56.57172],[9.05308,56.57164],[9.05259,56.57104],[9.05236,56.57096]]]},"properties":{"STRKAFS":322071,"NAVN":"Skive","HOVER_NAME":"Skive","TIB":"1032","BANENR":"32","FRA_KM":69.2,"TIL_KM":71,"FORKORTELSE":"Sk","BANENR_NAVN":"(Langå) - (Struer)","HVDSTRK_NAVN":"Langå - Struer","DELSTRK_NAVN":"Langå - Struer","BTRTYPETEKST":"Station","BANEKLASSETEKST":"Regionalbane"}},{"type":"Feature","id":367774,"geometry":{"type":"Polygon","coordinates":[[[9.01219,56.56712],[9.01408,56.56685],[9.01642,56.56613],[9.01837,56.56523],[9.01993,56.56407],[9.01947,56.56387],[9.01751,56.56527],[9.01547,56.5662],[9.01268,56.56673],[9.00986,56.56686],[9.00602,56.56638],[9.00094,56.56512],[9.00061,56.56481],[8.99287,56.56402],[8.99282,56.5639],[8.99096,56.56402],[8.98671,56.56366],[8.98549,56.56348],[8.98512,56.56325],[8.97906,56.56192],[8.97787,56.56155],[8.97802,56.5613],[8.97395,56.56001],[8.97387,56.56011],[8.96952,56.55856],[8.96607,56.55698],[8.96607,56.55711],[8.96533,56.55681],[8.94713,56.54731],[8.94546,56.54631],[8.94579,56.54632],[8.94495,56.54573],[8.9444,56.54561],[8.94334,56.54471],[8.94332,56.5444],[8.94215,56.54322],[8.94182,56.54323],[8.94053,56.54195],[8.94061,56.54168],[8.9401,56.54116],[8.93966,56.54111],[8.93912,56.5405],[8.93873,56.54062],[8.94053,56.54258],[8.94089,56.54263],[8.94376,56.5454],[8.94628,56.54714],[8.9659,56.5574],[8.96836,56.55843],[8.97894,56.5621],[8.98377,56.56335],[8.98742,56.56391],[8.99485,56.56439],[8.99794,56.56479],[9.00026,56.56518],[9.00119,56.56559],[9.00259,56.56567],[9.00754,56.56698],[9.01144,56.56722],[9.01219,56.56712]]]},"properties":{"STRKAFS":322072,"NAVN":"Skive - Rønbjerg","HOVER_NAME":"Skive - Rønbjerg","TIB":"1032","BANENR":"32","FRA_KM":71,"TIL_KM":77.2,"FORKORTELSE":"Sk-Røb","BANENR_NAVN":"(Langå) - (Struer)","HVDSTRK_NAVN":"Langå - Struer","DELSTRK_NAVN":"Langå - Struer","BTRTYPETEKST":"Fri Bane","BANEKLASSETEKST":"Regionalbane"}},{"type":"Feature","id":367775,"geometry":{"type":"Polygon","coordinates":[[[8.93848,56.53961],[8.93542,56.53677],[8.93203,56.53468],[8.93241,56.5345],[8.93235,56.53432],[8.9314,56.5344],[8.92857,56.53299],[8.92891,56.53288],[8.92739,56.53218],[8.92705,56.53204],[8.92667,56.53232],[8.93087,56.53443],[8.93048,56.53448],[8.93132,56.53495],[8.93169,56.53492],[8.93312,56.53582],[8.93293,56.53591],[8.93333,56.53619],[8.93377,56.53701],[8.93455,56.53695],[8.93744,56.53947],[8.93771,56.53939],[8.93873,56.54062],[8.93912,56.5405],[8.93822,56.53964],[8.93848,56.53961]]]},"properties":{"STRKAFS":322077,"NAVN":"Rønbjerg","HOVER_NAME":"Rønbjerg","TIB":"1032","BANENR":"32","FRA_KM":77.2,"TIL_KM":78.4,"FORKORTELSE":"Røb","BANENR_NAVN":"(Langå) - (Struer)","HVDSTRK_NAVN":"Langå - Struer","DELSTRK_NAVN":"Langå - Struer","BTRTYPETEKST":"Teknisk Station","BANEKLASSETEKST":"Regionalbane"}},{"type":"Feature","id":367776,"geometry":{"type":"Polygon","coordinates":[[[8.90396,56.52682],[8.90238,56.52656],[8.90247,56.52677],[8.90182,56.52664],[8.88068,56.52192],[8.87918,56.52136],[8.87782,56.52105],[8.87401,56.52021],[8.87389,56.52036],[8.8712,56.51966],[8.87065,56.51966],[8.86547,56.51825],[8.86196,56.51702],[8.86137,56.51679],[8.8616,56.51665],[8.86082,56.51634],[8.86026,56.51639],[8.85519,56.51409],[8.85356,56.51314],[8.8536,56.51297],[8.85234,56.51247],[8.84989,56.51095],[8.84688,56.50869],[8.84438,56.50639],[8.84077,56.50218],[8.83912,56.50069],[8.83694,56.49911],[8.83403,56.49758],[8.83137,56.49654],[8.82647,56.49513],[8.82633,56.4949],[8.82512,56.49454],[8.82153,56.49352],[8.82128,56.49365],[8.80439,56.48881],[8.80443,56.48866],[8.79573,56.48633],[8.79565,56.48606],[8.79346,56.48543],[8.79162,56.48495],[8.79113,56.48501],[8.79034,56.48478],[8.79021,56.48493],[8.79146,56.48543],[8.79159,56.4853],[8.79294,56.48572],[8.79258,56.4858],[8.79269,56.48587],[8.79516,56.48658],[8.79563,56.48647],[8.80024,56.4878],[8.80007,56.48783],[8.80174,56.48839],[8.80423,56.4891],[8.8043,56.48896],[8.82028,56.49354],[8.82112,56.49398],[8.82594,56.49534],[8.82632,56.49525],[8.82728,56.49553],[8.83162,56.49682],[8.83424,56.49788],[8.83693,56.49931],[8.8391,56.50093],[8.84064,56.50241],[8.84247,56.50468],[8.84145,56.50474],[8.84175,56.50512],[8.84273,56.50517],[8.84309,56.50542],[8.84469,56.50715],[8.8472,56.50941],[8.85325,56.51336],[8.85746,56.51543],[8.86038,56.51661],[8.86028,56.51693],[8.86226,56.51767],[8.86598,56.51881],[8.86695,56.51907],[8.86735,56.51902],[8.8708,56.51989],[8.87162,56.52023],[8.87387,56.52057],[8.87413,56.52081],[8.87896,56.5219],[8.88202,56.52251],[8.88211,56.52239],[8.90032,56.52648],[8.90428,56.52724],[8.91445,56.52877],[8.91753,56.5294],[8.92278,56.53086],[8.92667,56.53232],[8.92705,56.53204],[8.92239,56.53028],[8.91785,56.52907],[8.91339,56.52822],[8.90539,56.52704],[8.90396,56.52682]]]},"properties":{"STRKAFS":322080,"NAVN":"Rønbjerg - Vinderup","HOVER_NAME":"Rønbjerg - Vinderup","TIB":"1032","BANENR":"32","FRA_KM":78.4,"TIL_KM":88.60000000000001,"FORKORTELSE":"Røb-Vp","BANENR_NAVN":"(Langå) - (Struer)","HVDSTRK_NAVN":"Langå - Struer","DELSTRK_NAVN":"Langå - Struer","BTRTYPETEKST":"Fri Bane","BANEKLASSETEKST":"Regionalbane"}},{"type":"Feature","id":367777,"geometry":{"type":"Polygon","coordinates":[[[8.78866,56.48424],[8.78613,56.48355],[8.78583,56.48324],[8.78362,56.48273],[8.78283,56.4823],[8.78196,56.48208],[8.78075,56.48214],[8.77548,56.48118],[8.77534,56.48143],[8.78054,56.48228],[8.78475,56.48357],[8.78468,56.4837],[8.78689,56.48429],[8.78753,56.48422],[8.79021,56.48493],[8.79034,56.48478],[8.78938,56.48446],[8.78866,56.48424]]]},"properties":{"STRKAFS":322089,"NAVN":"Vinderup","HOVER_NAME":"Vinderup","TIB":"1032","BANENR":"32","FRA_KM":88.60000000000001,"TIL_KM":89.60000000000001,"FORKORTELSE":"Vp","BANENR_NAVN":"(Langå) - (Struer)","HVDSTRK_NAVN":"Langå - Struer","DELSTRK_NAVN":"Langå - Struer","BTRTYPETEKST":"Station","BANEKLASSETEKST":"Regionalbane"}},{"type":"Feature","id":367778,"geometry":{"type":"Polygon","coordinates":[[[8.60983,56.4817],[8.61059,56.47915],[8.61094,56.47921],[8.61136,56.47842],[8.6111,56.47827],[8.61156,56.47753],[8.6117,56.47736],[8.61207,56.47743],[8.61358,56.47597],[8.61487,56.47501],[8.61454,56.47493],[8.6178,56.47321],[8.61801,56.47333],[8.62164,56.47213],[8.6215,56.472],[8.63403,56.46894],[8.63459,56.46899],[8.63565,56.46873],[8.6358,56.46851],[8.64196,56.46732],[8.6521,56.46656],[8.67498,56.46526],[8.67984,56.46541],[8.6831,56.46577],[8.70469,56.46941],[8.70496,56.4696],[8.70924,56.47018],[8.70975,56.47045],[8.71154,56.47075],[8.71211,56.47066],[8.72366,56.47259],[8.75538,56.478],[8.75862,56.47867],[8.77534,56.48143],[8.77548,56.48118],[8.72798,56.47321],[8.72342,56.47221],[8.71841,56.47141],[8.71728,56.47139],[8.69871,56.4682],[8.69877,56.46807],[8.6985,56.46822],[8.69657,56.46772],[8.6933,56.46734],[8.6931,56.46714],[8.68843,56.46629],[8.68644,56.46598],[8.68649,56.46616],[8.6856,56.46603],[8.68557,56.46586],[8.68376,56.46559],[8.68407,56.46573],[8.67872,56.46512],[8.67649,56.46511],[8.67571,56.46487],[8.66523,56.46539],[8.66424,56.46546],[8.66379,56.46572],[8.66171,56.46572],[8.64203,56.46714],[8.63535,56.46842],[8.62154,56.4718],[8.62136,56.47166],[8.61826,56.4726],[8.61737,56.47295],[8.61762,56.47311],[8.6159,56.4738],[8.6144,56.4747],[8.6143,56.47455],[8.61406,56.47468],[8.61166,56.47651],[8.61016,56.47963],[8.6097,56.48131],[8.60974,56.48287],[8.61025,56.48405],[8.61208,56.48646],[8.61234,56.48727],[8.612,56.4885],[8.61066,56.48975],[8.61204,56.48861],[8.61237,56.4879],[8.61244,56.48718],[8.61211,56.48629],[8.61023,56.48378],[8.60984,56.48229],[8.60983,56.4817]]]},"properties":{"STRKAFS":322090,"NAVN":"Vinderup - Struer","HOVER_NAME":"Vinderup - Struer","TIB":"1032","BANENR":"32","FRA_KM":89.60000000000001,"TIL_KM":101.8,"FORKORTELSE":"Vp-Str","BANENR_NAVN":"(Langå) - (Struer)","HVDSTRK_NAVN":"Langå - Struer","DELSTRK_NAVN":"Langå - Struer","BTRTYPETEKST":"Fri Bane","BANEKLASSETEKST":"Regionalbane"}},{"type":"Feature","id":367779,"geometry":{"type":"Polygon","coordinates":[[[8.61026,56.36189],[8.61283,56.36148],[8.61491,56.36148],[8.61497,56.36131],[8.61317,56.36136],[8.60912,56.36184],[8.60668,56.36153],[8.60548,56.36114],[8.60575,56.36109],[8.60411,56.35989],[8.60368,56.35922],[8.60353,56.35847],[8.6032,56.35847],[8.60323,56.35811],[8.60408,56.35671],[8.60519,56.35568],[8.60569,56.35569],[8.60703,56.35513],[8.60688,56.35496],[8.61766,56.35188],[8.61977,56.35086],[8.62144,56.34965],[8.6216,56.34972],[8.62273,56.34906],[8.6245,56.34834],[8.62436,56.34818],[8.62594,56.34772],[8.62577,56.34748],[8.63911,56.34387],[8.6617,56.33867],[8.66184,56.33885],[8.66275,56.33864],[8.66261,56.33846],[8.6772,56.33507],[8.70001,56.32839],[8.70215,56.32751],[8.70525,56.32562],[8.705,56.32552],[8.70248,56.32708],[8.69895,56.32856],[8.67697,56.33497],[8.63918,56.34362],[8.62626,56.34704],[8.62186,56.34871],[8.62099,56.34922],[8.62126,56.34936],[8.62006,56.35009],[8.61931,56.35079],[8.61739,56.35181],[8.60666,56.35486],[8.60645,56.35467],[8.60432,56.35562],[8.60468,56.35565],[8.60383,56.35635],[8.60282,56.35765],[8.60277,56.35876],[8.60305,56.35955],[8.60346,56.36011],[8.60502,56.36117],[8.60578,56.36143],[8.60761,56.36186],[8.60919,56.36198],[8.61026,56.36189]]]},"properties":{"STRKAFS":332002,"NAVN":"Holstebro - Tvis","HOVER_NAME":"Holstebro - Tvis","TIB":"1033","BANENR":"33a","FRA_KM":0.6,"TIL_KM":9,"FORKORTELSE":"Ho-Ts","BANENR_NAVN":"(Holstebro) - (Herning)","HVDSTRK_NAVN":"Holstebro - Vejle","DELSTRK_NAVN":"Holstebro - Herning","BTRTYPETEKST":"Fri Bane","BANEKLASSETEKST":"Regionalbane"}},{"type":"Feature","id":367780,"geometry":{"type":"Polygon","coordinates":[[[8.70553,56.32539],[8.70591,56.32509],[8.70629,56.32516],[8.70663,56.32485],[8.70705,56.32439],[8.70691,56.32416],[8.70909,56.32182],[8.70928,56.32187],[8.70976,56.32133],[8.71004,56.3205],[8.71123,56.31924],[8.711,56.31916],[8.71079,56.31932],[8.7089,56.3214],[8.70868,56.32136],[8.70697,56.32372],[8.705,56.32552],[8.70525,56.32562],[8.70553,56.32539]]]},"properties":{"STRKAFS":332009,"NAVN":"Tvis","HOVER_NAME":"Tvis","TIB":"1033","BANENR":"33a","FRA_KM":9,"TIL_KM":9.8,"FORKORTELSE":"Ts","BANENR_NAVN":"(Holstebro) - (Herning)","HVDSTRK_NAVN":"Holstebro - Vejle","DELSTRK_NAVN":"Holstebro - Herning","BTRTYPETEKST":"Teknisk Station","BANEKLASSETEKST":"Regionalbane"}},{"type":"Feature","id":367781,"geometry":{"type":"Polygon","coordinates":[[[8.72046,56.31445],[8.72146,56.31402],[8.72168,56.31417],[8.7238,56.31329],[8.72366,56.31316],[8.72776,56.31133],[8.72983,56.31002],[8.73165,56.30849],[8.73303,56.3071],[8.73395,56.30595],[8.73368,56.30582],[8.74686,56.28973],[8.74725,56.28984],[8.75178,56.28447],[8.7522,56.28394],[8.75173,56.28375],[8.7524,56.28285],[8.75364,56.28141],[8.75523,56.2802],[8.75746,56.27913],[8.77204,56.27342],[8.78341,56.26985],[8.78529,56.26905],[8.78672,56.26808],[8.78629,56.26793],[8.78482,56.26897],[8.78329,56.26966],[8.77139,56.27345],[8.75663,56.27926],[8.75393,56.28068],[8.74463,56.29203],[8.74366,56.29283],[8.74383,56.29302],[8.73356,56.30562],[8.73322,56.30554],[8.73077,56.30823],[8.73105,56.30834],[8.73019,56.30912],[8.7278,56.3108],[8.72555,56.31207],[8.71426,56.31694],[8.71276,56.31778],[8.711,56.31916],[8.71123,56.31924],[8.71253,56.31821],[8.71471,56.31692],[8.71935,56.31494],[8.72046,56.31445]]]},"properties":{"STRKAFS":332010,"NAVN":"Tvis - Aulum","HOVER_NAME":"Tvis - Aulum","TIB":"1033","BANENR":"33a","FRA_KM":9.8,"TIL_KM":17.400000000000002,"FORKORTELSE":"Ts-Uu","BANENR_NAVN":"(Holstebro) - (Herning)","HVDSTRK_NAVN":"Holstebro - Vejle","DELSTRK_NAVN":"Holstebro - Herning","BTRTYPETEKST":"Fri Bane","BANEKLASSETEKST":"Regionalbane"}},{"type":"Feature","id":367782,"geometry":{"type":"Polygon","coordinates":[[[8.78797,56.26632],[8.78826,56.26566],[8.78851,56.26568],[8.78876,56.26477],[8.78855,56.26442],[8.78856,56.26323],[8.78889,56.2632],[8.78779,56.2592],[8.78703,56.25927],[8.78787,56.26193],[8.78771,56.26228],[8.78788,56.26329],[8.7878,56.26477],[8.78743,56.26616],[8.78765,56.26615],[8.78702,56.26721],[8.78629,56.26793],[8.78672,56.26808],[8.78777,56.26678],[8.78797,56.26632]]]},"properties":{"STRKAFS":332017,"NAVN":"Aulum","HOVER_NAME":"Aulum","TIB":"1033","BANENR":"33a","FRA_KM":17.400000000000002,"TIL_KM":18.400000000000002,"FORKORTELSE":"Uu","BANENR_NAVN":"(Holstebro) - (Herning)","HVDSTRK_NAVN":"Holstebro - Vejle","DELSTRK_NAVN":"Holstebro - Herning","BTRTYPETEKST":"Station","BANEKLASSETEKST":"Regionalbane"}},{"type":"Feature","id":367783,"geometry":{"type":"Polygon","coordinates":[[[8.78688,56.25579],[8.78648,56.25468],[8.7863,56.2547],[8.78488,56.25017],[8.78448,56.24966],[8.78329,56.24615],[8.78313,56.24524],[8.78291,56.24497],[8.78205,56.24241],[8.78239,56.24236],[8.78162,56.24004],[8.78173,56.23997],[8.78105,56.23926],[8.77235,56.21158],[8.77198,56.21023],[8.77085,56.20264],[8.77081,56.20248],[8.77043,56.2025],[8.77163,56.20982],[8.77312,56.21499],[8.78094,56.23971],[8.78282,56.24609],[8.78605,56.2559],[8.78641,56.25636],[8.78625,56.25662],[8.78703,56.25927],[8.78779,56.2592],[8.78697,56.25696],[8.78725,56.25693],[8.78715,56.25661],[8.7868,56.25651],[8.78663,56.25594],[8.78688,56.25579]]]},"properties":{"STRKAFS":332020,"NAVN":"Aulum - Vildbjerg","HOVER_NAME":"Aulum - Vildbjerg","TIB":"1033","BANENR":"33a","FRA_KM":18.400000000000002,"TIL_KM":24.8,"FORKORTELSE":"Uu-Id","BANENR_NAVN":"(Holstebro) - (Herning)","HVDSTRK_NAVN":"Holstebro - Vejle","DELSTRK_NAVN":"Holstebro - Herning","BTRTYPETEKST":"Fri Bane","BANEKLASSETEKST":"Regionalbane"}},{"type":"Feature","id":367784,"geometry":{"type":"Polygon","coordinates":[[[8.76992,56.19884],[8.76899,56.19656],[8.76859,56.19638],[8.76834,56.19563],[8.76868,56.19559],[8.76826,56.19399],[8.76789,56.19402],[8.76784,56.19365],[8.76757,56.19366],[8.76789,56.19526],[8.76858,56.19732],[8.76839,56.19773],[8.76874,56.1987],[8.76895,56.19869],[8.76971,56.20052],[8.76998,56.20061],[8.77043,56.2025],[8.77081,56.20248],[8.77026,56.20057],[8.77057,56.20031],[8.76998,56.19893],[8.76992,56.19884]]]},"properties":{"STRKAFS":332025,"NAVN":"Vildbjerg","HOVER_NAME":"Vildbjerg","TIB":"1033","BANENR":"33a","FRA_KM":24.8,"TIL_KM":25.8,"FORKORTELSE":"Id","BANENR_NAVN":"(Holstebro) - (Herning)","HVDSTRK_NAVN":"Holstebro - Vejle","DELSTRK_NAVN":"Holstebro - Herning","BTRTYPETEKST":"Station","BANEKLASSETEKST":"Regionalbane"}},{"type":"Feature","id":367785,"geometry":{"type":"Polygon","coordinates":[[[8.77233,56.18735],[8.77288,56.18713],[8.77303,56.18731],[8.77699,56.18622],[8.77684,56.18606],[8.77756,56.18586],[8.82213,56.17435],[8.82405,56.17386],[8.82438,56.17399],[8.83331,56.1717],[8.83316,56.17152],[8.83655,56.17084],[8.83639,56.17059],[8.83303,56.17139],[8.83265,56.17127],[8.82353,56.17364],[8.82381,56.17376],[8.82349,56.17385],[8.8031,56.17913],[8.77672,56.18593],[8.77655,56.18577],[8.77333,56.1866],[8.77328,56.18684],[8.77042,56.18795],[8.76917,56.1889],[8.76831,56.18984],[8.76748,56.19166],[8.76738,56.19229],[8.76757,56.19366],[8.76784,56.19365],[8.76768,56.19229],[8.76779,56.19143],[8.76841,56.19015],[8.76977,56.18881],[8.77196,56.1875],[8.77233,56.18735]]]},"properties":{"STRKAFS":332026,"NAVN":"Vildbjerg - Skibbild","HOVER_NAME":"Vildbjerg - Skibbild","TIB":"1033","BANENR":"33a","FRA_KM":25.8,"TIL_KM":31,"FORKORTELSE":"Id-Ib","BANENR_NAVN":"(Holstebro) - (Herning)","HVDSTRK_NAVN":"Holstebro - Vejle","DELSTRK_NAVN":"Holstebro - Herning","BTRTYPETEKST":"Fri Bane","BANEKLASSETEKST":"Regionalbane"}},{"type":"Feature","id":367786,"geometry":{"type":"Polygon","coordinates":[[[8.84191,56.16994],[8.84263,56.16984],[8.84244,56.17017],[8.84514,56.16986],[8.84749,56.1695],[8.84759,56.16928],[8.84904,56.16909],[8.84899,56.16896],[8.84767,56.16911],[8.84753,56.16889],[8.84289,56.16943],[8.84276,56.16962],[8.83639,56.17059],[8.83655,56.17084],[8.84092,56.17008],[8.84191,56.16994]]]},"properties":{"STRKAFS":332031,"NAVN":"Skibbild","HOVER_NAME":"Skibbild","TIB":"1033","BANENR":"33a","FRA_KM":31,"TIL_KM":31.8,"FORKORTELSE":"Ib","BANENR_NAVN":"(Holstebro) - (Herning)","HVDSTRK_NAVN":"Holstebro - Vejle","DELSTRK_NAVN":"Holstebro - Herning","BTRTYPETEKST":"Teknisk Station","BANEKLASSETEKST":"Regionalbane"}},{"type":"Feature","id":367787,"geometry":{"type":"Polygon","coordinates":[[[8.86132,56.16768],[8.86453,56.1675],[8.86466,56.16728],[8.87727,56.16579],[8.88072,56.16514],[8.88307,56.1645],[8.88322,56.16464],[8.8845,56.16421],[8.88702,56.1632],[8.88684,56.16306],[8.89014,56.16124],[8.89049,56.16132],[8.89211,56.16017],[8.89182,56.16007],[8.89267,56.1596],[8.89597,56.15713],[8.89616,56.15726],[8.89644,56.15707],[8.89622,56.157],[8.90496,56.15085],[8.90877,56.14875],[8.91343,56.14708],[8.91367,56.1472],[8.92044,56.14494],[8.92061,56.14469],[8.92337,56.14377],[8.92758,56.14256],[8.92756,56.14245],[8.93098,56.14126],[8.95073,56.13492],[8.95483,56.13397],[8.95859,56.13356],[8.96452,56.13347],[8.96928,56.13379],[8.96951,56.13379],[8.9695,56.13363],[8.96264,56.13319],[8.96079,56.13323],[8.95585,56.13359],[8.95121,56.1344],[8.91049,56.14785],[8.90742,56.1492],[8.90495,56.15063],[8.89163,56.15999],[8.89137,56.15988],[8.89106,56.16008],[8.88979,56.16098],[8.88996,56.16115],[8.88908,56.16176],[8.88666,56.16293],[8.88642,56.16278],[8.88545,56.16318],[8.88561,56.16334],[8.8849,56.16361],[8.88466,56.16348],[8.88275,56.16417],[8.88292,56.16436],[8.88185,56.16468],[8.87896,56.16535],[8.87609,56.16581],[8.86459,56.16716],[8.86432,56.16698],[8.86394,56.16702],[8.86287,56.16716],[8.86287,56.16735],[8.84899,56.16896],[8.84904,56.16909],[8.85917,56.16792],[8.86132,56.16768]]]},"properties":{"STRKAFS":332034,"NAVN":"Skibbild - Herning","HOVER_NAME":"Skibbild - Herning","TIB":"1033","BANENR":"33a","FRA_KM":31.8,"TIL_KM":40.6,"FORKORTELSE":"Ib-Hr","BANENR_NAVN":"(Holstebro) - (Herning)","HVDSTRK_NAVN":"Holstebro - Vejle","DELSTRK_NAVN":"Holstebro - Herning","BTRTYPETEKST":"Fri Bane","BANEKLASSETEKST":"Regionalbane"}},{"type":"Feature","id":367788,"geometry":{"type":"Polygon","coordinates":[[[8.89414,56.15833],[8.89402,56.15828],[8.8928,56.15912],[8.89305,56.15922],[8.89423,56.15837],[8.89414,56.15833]]]},"properties":{"STRKAFS":332035,"NAVN":"Gødstrup","HOVER_NAME":"Gødstrup","TIB":"1033","BANENR":"56","FRA_KM":34.844,"TIL_KM":34.964,"FORKORTELSE":"Gp","BANENR_NAVN":"(Herning) - (Skjern)","HVDSTRK_NAVN":"Holstebro - Vejle","DELSTRK_NAVN":"Holstebro - Herning","BTRTYPETEKST":"Trinbræt","BANEKLASSETEKST":"Regionalbane"}},{"type":"Feature","id":367789,"geometry":{"type":"Polygon","coordinates":[[[8.97223,56.13367],[8.98994,56.1313],[8.99056,56.13121],[8.99062,56.13096],[8.99079,56.13095],[8.99142,56.13165],[8.99231,56.1313],[8.99211,56.13087],[8.99406,56.13058],[8.99396,56.1302],[8.99463,56.13014],[8.99415,56.12985],[8.99659,56.12873],[8.9992,56.12654],[8.99897,56.12646],[8.99636,56.12869],[8.99523,56.12917],[8.99363,56.12938],[8.99144,56.12934],[8.99016,56.12956],[8.99061,56.13032],[8.9884,56.13046],[8.98427,56.13104],[8.98402,56.13046],[8.98081,56.1317],[8.97621,56.13264],[8.97632,56.1328],[8.97261,56.13334],[8.96906,56.1335],[8.96906,56.13364],[8.9695,56.13363],[8.96951,56.13379],[8.97164,56.13371],[8.97223,56.13367]]]},"properties":{"STRKAFS":333000,"NAVN":"Herning","HOVER_NAME":"Herning","TIB":"1033,1035","BANENR":"39","FRA_KM":40.6,"TIL_KM":42.2,"FORKORTELSE":"Hr","BANENR_NAVN":"Herning - (Vejle)","HVDSTRK_NAVN":"Holstebro - Vejle","DELSTRK_NAVN":"Herning","BTRTYPETEKST":"Station","BANEKLASSETEKST":"Regionalbane"}},{"type":"Feature","id":367790,"geometry":{"type":"Polygon","coordinates":[[[9.00563,56.12144],[9.00929,56.11824],[9.00911,56.11822],[9.00547,56.12132],[9.02672,56.10235],[9.02734,56.1022],[9.02924,56.10051],[9.0299,56.10049],[9.03502,56.09602],[9.03632,56.09534],[9.03633,56.09506],[9.03572,56.09476],[9.03837,56.09323],[9.04091,56.09201],[9.04153,56.09204],[9.04349,56.09101],[9.0507,56.08815],[9.05497,56.08611],[9.072,56.0763],[9.07501,56.07416],[9.07773,56.07162],[9.07737,56.0715],[9.07457,56.07414],[9.07169,56.07614],[9.05437,56.08614],[9.04976,56.08824],[9.04072,56.09182],[9.04044,56.09182],[9.03751,56.09333],[9.03535,56.09465],[9.03409,56.09491],[9.02747,56.10092],[9.0277,56.1011],[9.02738,56.10142],[9.00162,56.12422],[9.00097,56.12465],[8.99897,56.12646],[8.9992,56.12654],[8.9977,56.12787],[8.99605,56.12905],[8.99415,56.12985],[8.99463,56.13014],[8.99674,56.129],[9.00523,56.12169],[9.00563,56.12144]]]},"properties":{"STRKAFS":334044,"NAVN":"Herning - Kølkær","HOVER_NAME":"Herning - Kølkær","TIB":"1033","BANENR":"39","FRA_KM":42.2,"TIL_KM":50.6,"FORKORTELSE":"Hr-Ke","BANENR_NAVN":"Herning - (Vejle)","HVDSTRK_NAVN":"Holstebro - Vejle","DELSTRK_NAVN":"Herning - Vejle","BTRTYPETEKST":"Fri Bane","BANEKLASSETEKST":"Regionalbane"}},{"type":"Feature","id":367791,"geometry":{"type":"Polygon","coordinates":[[[9.07827,56.0711],[9.07916,56.07022],[9.07937,56.07028],[9.08237,56.0674],[9.08384,56.06641],[9.08394,56.06629],[9.08375,56.06622],[9.08408,56.06589],[9.08372,56.06578],[9.08732,56.06225],[9.08694,56.06215],[9.08557,56.06361],[9.0849,56.06365],[9.08354,56.06498],[9.08306,56.06504],[9.08002,56.06797],[9.08004,56.06831],[9.07951,56.06882],[9.07941,56.06961],[9.07737,56.0715],[9.07781,56.07154],[9.07827,56.0711]]]},"properties":{"STRKAFS":334051,"NAVN":"Kølkær","HOVER_NAME":"Kølkær","TIB":"1033","BANENR":"39","FRA_KM":50.6,"TIL_KM":51.800000000000004,"FORKORTELSE":"Ke","BANENR_NAVN":"Herning - (Vejle)","HVDSTRK_NAVN":"Holstebro - Vejle","DELSTRK_NAVN":"Herning - Vejle","BTRTYPETEKST":"Teknisk Station","BANEKLASSETEKST":"Regionalbane"}},{"type":"Feature","id":367792,"geometry":{"type":"Polygon","coordinates":[[[9.08755,56.06227],[9.09,56.05893],[9.09167,56.05611],[9.10972,56.01912],[9.10925,56.01905],[9.09065,56.05703],[9.08895,56.05964],[9.08694,56.06215],[9.08734,56.06223],[9.08755,56.06227]]]},"properties":{"STRKAFS":334052,"NAVN":"Kølkær - Fasterholt","HOVER_NAME":"Kølkær - Fasterholt","TIB":"1033","BANENR":"39","FRA_KM":51.800000000000004,"TIL_KM":56.800000000000004,"FORKORTELSE":"Ke-Ft","BANENR_NAVN":"Herning - (Vejle)","HVDSTRK_NAVN":"Holstebro - Vejle","DELSTRK_NAVN":"Herning - Vejle","BTRTYPETEKST":"Fri Bane","BANEKLASSETEKST":"Regionalbane"}},{"type":"Feature","id":367793,"geometry":{"type":"Polygon","coordinates":[[[9.11093,56.01647],[9.11101,56.01622],[9.11146,56.01629],[9.11185,56.01526],[9.11262,56.01155],[9.11239,56.00965],[9.11247,56.00933],[9.11218,56.00934],[9.11216,56.00828],[9.11189,56.00828],[9.11165,56.00665],[9.11122,56.00666],[9.11139,56.00829],[9.11057,56.00839],[9.11076,56.01122],[9.11063,56.01229],[9.11098,56.01389],[9.11083,56.01558],[9.10925,56.01905],[9.10972,56.01912],[9.11068,56.01714],[9.11093,56.01647]]]},"properties":{"STRKAFS":334057,"NAVN":"Fasterholt","HOVER_NAME":"Fasterholt","TIB":"1033","BANENR":"39","FRA_KM":56.800000000000004,"TIL_KM":58.2,"FORKORTELSE":"Ft","BANENR_NAVN":"Herning - (Vejle)","HVDSTRK_NAVN":"Holstebro - Vejle","DELSTRK_NAVN":"Herning - Vejle","BTRTYPETEKST":"Teknisk Station","BANEKLASSETEKST":"Regionalbane"}},{"type":"Feature","id":367794,"geometry":{"type":"Polygon","coordinates":[[[9.1114,55.9915],[9.11151,55.99099],[9.11191,55.99101],[9.11215,55.99017],[9.11229,55.98919],[9.1119,55.98917],[9.11315,55.98314],[9.11355,55.98315],[9.11381,55.98176],[9.11344,55.98176],[9.11367,55.97915],[9.11302,55.97127],[9.1131,55.97052],[9.11272,55.96595],[9.11281,55.96431],[9.11351,55.96224],[9.1164,55.95804],[9.11723,55.95658],[9.117,55.95661],[9.11716,55.95635],[9.11869,55.95414],[9.12063,55.95198],[9.12015,55.95183],[9.11711,55.95553],[9.11328,55.9616],[9.11245,55.96386],[9.11219,55.96633],[9.11148,55.96638],[9.11241,55.96889],[9.1132,55.98036],[9.1128,55.98319],[9.11096,55.992],[9.11071,55.99235],[9.11019,55.99573],[9.11018,55.99863],[9.11122,56.00666],[9.11165,56.00665],[9.11043,55.99704],[9.11071,55.99483],[9.11142,55.99237],[9.11131,55.99202],[9.1114,55.9915]]]},"properties":{"STRKAFS":334060,"NAVN":"Fasterholt - Brande","HOVER_NAME":"Fasterholt - Brande","TIB":"1033","BANENR":"39","FRA_KM":58.2,"TIL_KM":64.4,"FORKORTELSE":"Ft-Bb","BANENR_NAVN":"Herning - (Vejle)","HVDSTRK_NAVN":"Holstebro - Vejle","DELSTRK_NAVN":"Herning - Vejle","BTRTYPETEKST":"Fri Bane","BANEKLASSETEKST":"Regionalbane"}},{"type":"Feature","id":367795,"geometry":{"type":"Polygon","coordinates":[[[9.12173,55.95075],[9.12391,55.94888],[9.12618,55.94726],[9.13479,55.94243],[9.13445,55.9422],[9.13171,55.94358],[9.13138,55.94353],[9.12818,55.94534],[9.12376,55.9485],[9.12119,55.95073],[9.12015,55.95183],[9.12063,55.95198],[9.12167,55.95107],[9.12145,55.95101],[9.12173,55.95075]]]},"properties":{"STRKAFS":334065,"NAVN":"Brande","HOVER_NAME":"Brande","TIB":"1033","BANENR":"39","FRA_KM":64.4,"TIL_KM":65.8,"FORKORTELSE":"Bb","BANENR_NAVN":"Herning - (Vejle)","HVDSTRK_NAVN":"Holstebro - Vejle","DELSTRK_NAVN":"Herning - Vejle","BTRTYPETEKST":"Station","BANEKLASSETEKST":"Regionalbane"}},{"type":"Feature","id":367796,"geometry":{"type":"Polygon","coordinates":[[[8.41838,56.75087],[8.41827,56.75061],[8.41811,56.75063],[8.41776,56.74967],[8.4176,56.74855],[8.41728,56.74855],[8.41724,56.74904],[8.41759,56.7503],[8.41745,56.75037],[8.41802,56.75248],[8.41923,56.75566],[8.41951,56.75564],[8.41872,56.75308],[8.41864,56.75277],[8.41885,56.75244],[8.41855,56.75145],[8.41838,56.75087]]]},"properties":{"STRKAFS":342039,"NAVN":"Hurup Thy","HOVER_NAME":"Hurup Thy","TIB":"1034","BANENR":"34","FRA_KM":39.2,"TIL_KM":40,"FORKORTELSE":"Ur","BANENR_NAVN":"(Struer) - Thisted","HVDSTRK_NAVN":"Struer - Thisted","DELSTRK_NAVN":"Struer - Thisted","BTRTYPETEKST":"Station","BANEKLASSETEKST":"Lokalbane II"}},{"type":"Feature","id":367797,"geometry":{"type":"Polygon","coordinates":[[[8.40472,56.80366],[8.40463,56.80342],[8.40449,56.80342],[8.40422,56.80238],[8.40414,56.80029],[8.4045,56.80029],[8.40445,56.7993],[8.40409,56.79929],[8.40396,56.79731],[8.4043,56.79729],[8.40424,56.79647],[8.40394,56.7965],[8.40367,56.79491],[8.40246,56.79334],[8.39811,56.7902],[8.39742,56.78938],[8.39695,56.78834],[8.39688,56.78691],[8.39834,56.78005],[8.39858,56.78008],[8.39872,56.77978],[8.3986,56.77971],[8.39921,56.77878],[8.39906,56.77875],[8.39995,56.77786],[8.40236,56.776],[8.40262,56.77609],[8.40341,56.77544],[8.40317,56.77536],[8.40354,56.77509],[8.40378,56.77517],[8.4044,56.77469],[8.40419,56.77462],[8.40591,56.77341],[8.40768,56.77231],[8.40801,56.7723],[8.4137,56.76919],[8.41355,56.76911],[8.4138,56.76896],[8.41602,56.76798],[8.41674,56.76739],[8.41687,56.76746],[8.4184,56.76664],[8.419,56.7666],[8.4189,56.76621],[8.41942,56.76582],[8.41965,56.76594],[8.42069,56.76502],[8.42116,56.76434],[8.42086,56.7643],[8.42122,56.76349],[8.42142,56.76231],[8.42173,56.76231],[8.42172,56.76192],[8.42158,56.76151],[8.4213,56.76154],[8.42102,56.76077],[8.41951,56.75564],[8.41923,56.75566],[8.41975,56.75741],[8.4196,56.75748],[8.42046,56.76007],[8.4205,56.76095],[8.4208,56.76098],[8.42114,56.76246],[8.42089,56.76371],[8.4202,56.76478],[8.41873,56.76608],[8.4165,56.76733],[8.41546,56.76767],[8.41492,56.76816],[8.40854,56.7715],[8.40555,56.77331],[8.39909,56.77825],[8.39842,56.77904],[8.39793,56.7802],[8.39658,56.78693],[8.39672,56.78848],[8.39738,56.78977],[8.39832,56.79072],[8.40224,56.79349],[8.40332,56.7949],[8.40364,56.79585],[8.40391,56.8028],[8.40421,56.80373],[8.40444,56.8037],[8.40472,56.80366]]]},"properties":{"STRKAFS":342042,"NAVN":"Hurup Thy - Bedsted Thy","HOVER_NAME":"Hurup Thy - Bedsted Thy","TIB":"1034","BANENR":"34","FRA_KM":40,"TIL_KM":46,"FORKORTELSE":"Ur-Bn","BANENR_NAVN":"(Struer) - Thisted","HVDSTRK_NAVN":"Struer - Thisted","DELSTRK_NAVN":"Struer - Thisted","BTRTYPETEKST":"Fri Bane","BANEKLASSETEKST":"Lokalbane II"}},{"type":"Feature","id":367798,"geometry":{"type":"Polygon","coordinates":[[[8.41253,56.80783],[8.41054,56.80748],[8.40993,56.8071],[8.40865,56.80674],[8.40854,56.80682],[8.40709,56.80616],[8.40604,56.80551],[8.40486,56.80433],[8.40472,56.80409],[8.40494,56.80405],[8.40472,56.80366],[8.40421,56.80373],[8.40486,56.80483],[8.40649,56.80602],[8.40647,56.80623],[8.40666,56.80641],[8.41,56.80772],[8.41104,56.80775],[8.41387,56.80823],[8.41395,56.80808],[8.41327,56.80798],[8.41253,56.80783]]]},"properties":{"STRKAFS":342045,"NAVN":"Bedsted Thy","HOVER_NAME":"Bedsted Thy","TIB":"1034","BANENR":"34","FRA_KM":46,"TIL_KM":46.800000000000004,"FORKORTELSE":"Bn","BANENR_NAVN":"(Struer) - Thisted","HVDSTRK_NAVN":"Struer - Thisted","DELSTRK_NAVN":"Struer - Thisted","BTRTYPETEKST":"Station","BANEKLASSETEKST":"Lokalbane II"}},{"type":"Feature","id":367799,"geometry":{"type":"Polygon","coordinates":[[[8.52303,56.87698],[8.5226,56.87576],[8.52226,56.87576],[8.52025,56.86982],[8.5193,56.86833],[8.51775,56.86666],[8.5179,56.86661],[8.51728,56.86608],[8.51386,56.86413],[8.51368,56.86378],[8.51172,56.86283],[8.51142,56.86295],[8.50441,56.85957],[8.50446,56.85944],[8.49461,56.8549],[8.49496,56.8548],[8.49314,56.85369],[8.49246,56.85278],[8.49215,56.85283],[8.49095,56.85132],[8.49091,56.85091],[8.49051,56.85043],[8.49022,56.85036],[8.48932,56.84917],[8.48937,56.84891],[8.48916,56.84863],[8.48895,56.84867],[8.48849,56.84803],[8.48866,56.84799],[8.48792,56.847],[8.48782,56.84713],[8.48768,56.84698],[8.48435,56.84245],[8.48264,56.84044],[8.4818,56.83978],[8.48048,56.83921],[8.48065,56.83915],[8.47958,56.83862],[8.47901,56.83875],[8.47541,56.83779],[8.475,56.83781],[8.47236,56.83652],[8.46943,56.83393],[8.46959,56.83384],[8.46857,56.83293],[8.46828,56.83293],[8.4626,56.8279],[8.4612,56.82641],[8.45891,56.8252],[8.45921,56.82513],[8.45655,56.82393],[8.4562,56.82414],[8.44955,56.82228],[8.4497,56.82209],[8.44917,56.82187],[8.44838,56.82171],[8.44819,56.82185],[8.44535,56.82113],[8.4431,56.82048],[8.44316,56.82037],[8.44171,56.82011],[8.43892,56.81918],[8.43883,56.81928],[8.43826,56.81916],[8.43507,56.81822],[8.43526,56.81817],[8.43442,56.81788],[8.4326,56.81751],[8.43145,56.81705],[8.42826,56.815],[8.42844,56.81491],[8.42735,56.81413],[8.42719,56.81419],[8.42326,56.81146],[8.42205,56.81026],[8.42157,56.81023],[8.42107,56.80997],[8.42119,56.80989],[8.41893,56.80896],[8.41395,56.80808],[8.41387,56.80823],[8.41862,56.80914],[8.41854,56.80927],[8.42099,56.81015],[8.42294,56.81169],[8.42369,56.81202],[8.42585,56.81347],[8.42705,56.81434],[8.42688,56.81441],[8.42742,56.81479],[8.42758,56.81473],[8.4309,56.81696],[8.43246,56.81764],[8.43442,56.81831],[8.4468,56.82166],[8.44899,56.82239],[8.44911,56.82231],[8.45082,56.82277],[8.4542,56.82375],[8.45442,56.82398],[8.45498,56.82394],[8.45561,56.82411],[8.45612,56.82427],[8.4559,56.82449],[8.45615,56.82476],[8.45691,56.82455],[8.45861,56.82526],[8.46125,56.82692],[8.46096,56.82705],[8.46154,56.82731],[8.4631,56.82877],[8.46354,56.82899],[8.46905,56.83404],[8.47229,56.83676],[8.47359,56.83746],[8.47509,56.83797],[8.47497,56.83806],[8.47933,56.83902],[8.4805,56.83937],[8.48177,56.84004],[8.48264,56.84075],[8.48413,56.8426],[8.48724,56.84697],[8.48768,56.84739],[8.48765,56.84758],[8.488,56.84799],[8.48819,56.84797],[8.48909,56.84911],[8.48968,56.85021],[8.48986,56.85014],[8.49004,56.85045],[8.48973,56.85053],[8.49168,56.85298],[8.492,56.85296],[8.49256,56.85366],[8.49349,56.85445],[8.49693,56.85626],[8.51411,56.86445],[8.51624,56.86575],[8.51607,56.86582],[8.51738,56.86667],[8.51853,56.8678],[8.51955,56.86922],[8.52027,56.8706],[8.52382,56.88154],[8.5237,56.88301],[8.52305,56.88401],[8.52161,56.88562],[8.52152,56.88641],[8.52168,56.88719],[8.52222,56.88799],[8.52283,56.88861],[8.52384,56.88919],[8.52406,56.88909],[8.52288,56.88819],[8.52236,56.88752],[8.52214,56.88646],[8.52255,56.88526],[8.52346,56.88429],[8.52315,56.88423],[8.52401,56.88311],[8.52424,56.88236],[8.52421,56.88128],[8.52305,56.87829],[8.5234,56.87824],[8.52323,56.87764],[8.52303,56.87698]]]},"properties":{"STRKAFS":342048,"NAVN":"Bedsted Thy - Snedsted","HOVER_NAME":"Bedsted Thy - Snedsted","TIB":"1034","BANENR":"34","FRA_KM":46.800000000000004,"TIL_KM":58.800000000000004,"FORKORTELSE":"Bn-Sne","BANENR_NAVN":"(Struer) - Thisted","HVDSTRK_NAVN":"Struer - Thisted","DELSTRK_NAVN":"Struer - Thisted","BTRTYPETEKST":"Fri Bane","BANEKLASSETEKST":"Lokalbane II"}},{"type":"Feature","id":367800,"geometry":{"type":"Polygon","coordinates":[[[8.49051,56.85043],[8.48978,56.85058],[8.4904,56.85136],[8.49095,56.85126],[8.49091,56.85091],[8.49051,56.85043]]]},"properties":{"STRKAFS":342053,"NAVN":"Hørdum","HOVER_NAME":"Hørdum","TIB":"1034","BANENR":"34","FRA_KM":53.697,"TIL_KM":53.794000000000004,"FORKORTELSE":"Hæ","BANENR_NAVN":"(Struer) - Thisted","HVDSTRK_NAVN":"Struer - Thisted","DELSTRK_NAVN":"Struer - Thisted","BTRTYPETEKST":"Trinbræt","BANEKLASSETEKST":"Lokalbane II"}},{"type":"Feature","id":367801,"geometry":{"type":"Polygon","coordinates":[[[8.52791,56.89299],[8.5272,56.8918],[8.52609,56.89066],[8.52406,56.88909],[8.52384,56.88919],[8.52496,56.88996],[8.52602,56.89094],[8.52759,56.89336],[8.52739,56.89337],[8.5279,56.89426],[8.52825,56.8943],[8.52903,56.89556],[8.5294,56.89549],[8.52822,56.89358],[8.52791,56.89299]]]},"properties":{"STRKAFS":342059,"NAVN":"Snedsted","HOVER_NAME":"Snedsted","TIB":"1034","BANENR":"34","FRA_KM":58.800000000000004,"TIL_KM":59.6,"FORKORTELSE":"Sne","BANENR_NAVN":"(Struer) - Thisted","HVDSTRK_NAVN":"Struer - Thisted","DELSTRK_NAVN":"Struer - Thisted","BTRTYPETEKST":"Station","BANEKLASSETEKST":"Lokalbane II"}},{"type":"Feature","id":367802,"geometry":{"type":"Polygon","coordinates":[[[8.63879,56.96052],[8.64123,56.96026],[8.64118,56.96013],[8.64244,56.95984],[8.65135,56.95794],[8.66228,56.95618],[8.6653,56.95589],[8.67214,56.95483],[8.67202,56.95466],[8.67875,56.95317],[8.67859,56.95296],[8.66982,56.95501],[8.66279,56.95588],[8.65242,56.95759],[8.64028,56.96016],[8.63819,56.9604],[8.63525,56.96031],[8.63522,56.96019],[8.63251,56.95973],[8.63252,56.95985],[8.63233,56.95982],[8.62012,56.95745],[8.61994,56.95725],[8.61751,56.95693],[8.61554,56.9568],[8.61348,56.95689],[8.60436,56.95784],[8.60138,56.95774],[8.5987,56.95716],[8.59571,56.95617],[8.59586,56.95608],[8.59357,56.95545],[8.59052,56.95415],[8.59035,56.9542],[8.58921,56.95337],[8.58855,56.95255],[8.58785,56.95117],[8.58818,56.95111],[8.58735,56.94938],[8.58701,56.94936],[8.58634,56.9481],[8.58669,56.94804],[8.58553,56.94663],[8.58356,56.94556],[8.57675,56.94305],[8.57512,56.9421],[8.57371,56.94081],[8.57402,56.94065],[8.5723,56.93873],[8.57192,56.93874],[8.5691,56.93555],[8.56934,56.93539],[8.56832,56.93427],[8.56802,56.93436],[8.56725,56.93351],[8.56717,56.93341],[8.5675,56.93332],[8.56579,56.93143],[8.56539,56.93143],[8.56332,56.92942],[8.56236,56.92868],[8.55984,56.92716],[8.55981,56.92701],[8.55907,56.92675],[8.55841,56.92635],[8.55857,56.92627],[8.55753,56.92568],[8.55707,56.9256],[8.55145,56.92233],[8.55159,56.92226],[8.5492,56.92072],[8.54772,56.919],[8.54788,56.9188],[8.54724,56.91746],[8.54707,56.91745],[8.54689,56.91713],[8.54506,56.91276],[8.54435,56.91199],[8.54282,56.91103],[8.54141,56.90979],[8.5413,56.90955],[8.5415,56.90958],[8.54122,56.90893],[8.54109,56.90797],[8.54083,56.90784],[8.54076,56.9067],[8.54048,56.906],[8.54069,56.90599],[8.54022,56.90524],[8.53893,56.90423],[8.53852,56.90418],[8.53792,56.9037],[8.53714,56.90342],[8.53744,56.9033],[8.53643,56.90264],[8.53477,56.90107],[8.53422,56.90095],[8.53244,56.8988],[8.532,56.89835],[8.53185,56.89841],[8.53083,56.89738],[8.5294,56.89549],[8.52903,56.89556],[8.53151,56.89842],[8.53138,56.89846],[8.53567,56.90268],[8.53979,56.90542],[8.54015,56.90599],[8.54057,56.90777],[8.54056,56.90798],[8.54043,56.90798],[8.54047,56.90888],[8.54067,56.90939],[8.54105,56.90964],[8.54141,56.91015],[8.54124,56.91018],[8.54163,56.91058],[8.54357,56.91176],[8.54456,56.91272],[8.545,56.91347],[8.54555,56.91518],[8.54577,56.9153],[8.54718,56.91852],[8.5478,56.91963],[8.5492,56.92099],[8.54914,56.92115],[8.55031,56.92202],[8.5517,56.92264],[8.55703,56.92576],[8.55689,56.92585],[8.56075,56.92791],[8.56346,56.92983],[8.56438,56.93065],[8.56457,56.93088],[8.56441,56.93091],[8.56499,56.93157],[8.56523,56.93158],[8.56574,56.93213],[8.56596,56.93237],[8.56576,56.93242],[8.56619,56.93288],[8.56653,56.93298],[8.56772,56.93432],[8.56811,56.93508],[8.56838,56.9351],[8.57102,56.93801],[8.57163,56.93875],[8.57142,56.93877],[8.57312,56.94071],[8.57331,56.94067],[8.57382,56.94135],[8.57528,56.94251],[8.57704,56.94341],[8.58271,56.9454],[8.58512,56.94691],[8.58612,56.94816],[8.58645,56.94895],[8.58661,56.94957],[8.58622,56.9497],[8.58686,56.9503],[8.58716,56.95025],[8.58767,56.95124],[8.58751,56.95126],[8.58762,56.95161],[8.5887,56.95309],[8.58956,56.95391],[8.59083,56.95463],[8.59069,56.9547],[8.59822,56.95724],[8.60107,56.95784],[8.60498,56.95795],[8.60931,56.9576],[8.60922,56.95747],[8.61312,56.95705],[8.61624,56.95698],[8.61861,56.95726],[8.61895,56.95734],[8.61886,56.95746],[8.62722,56.95895],[8.63424,56.96045],[8.6368,56.96055],[8.6368,56.96066],[8.63833,56.96065],[8.63826,56.96053],[8.63879,56.96052]]]},"properties":{"STRKAFS":342060,"NAVN":"Snedsted - Thisted","HOVER_NAME":"Snedsted - Thisted","TIB":"1034","BANENR":"34","FRA_KM":59.6,"TIL_KM":73,"FORKORTELSE":"Sne-Ti","BANENR_NAVN":"(Struer) - Thisted","HVDSTRK_NAVN":"Struer - Thisted","DELSTRK_NAVN":"Struer - Thisted","BTRTYPETEKST":"Fri Bane","BANEKLASSETEKST":"Lokalbane II"}},{"type":"Feature","id":367803,"geometry":{"type":"Polygon","coordinates":[[[8.58806,56.95153],[8.588,56.95142],[8.58758,56.95148],[8.58814,56.95233],[8.58845,56.95228],[8.58828,56.95197],[8.58806,56.95153]]]},"properties":{"STRKAFS":342067,"NAVN":"Sjørring","HOVER_NAME":"Sjørring","TIB":"1034","BANENR":"34","FRA_KM":66.952,"TIL_KM":67.051,"FORKORTELSE":"Ri","BANENR_NAVN":"(Struer) - Thisted","HVDSTRK_NAVN":"Struer - Thisted","DELSTRK_NAVN":"Struer - Thisted","BTRTYPETEKST":"Trinbræt","BANEKLASSETEKST":"Lokalbane II"}},{"type":"Feature","id":367804,"geometry":{"type":"Polygon","coordinates":[[[8.68138,56.95269],[8.68528,56.95291],[8.68531,56.95278],[8.68951,56.95288],[8.68956,56.95263],[8.68406,56.95226],[8.68156,56.95233],[8.67859,56.95296],[8.67875,56.95317],[8.68082,56.95276],[8.68138,56.95269]]]},"properties":{"STRKAFS":343000,"NAVN":"Thisted","HOVER_NAME":"Thisted","TIB":"1034","BANENR":"34","FRA_KM":73,"TIL_KM":73.679,"FORKORTELSE":"Ti","BANENR_NAVN":"(Struer) - Thisted","HVDSTRK_NAVN":"Struer - Thisted","DELSTRK_NAVN":"Thisted","BTRTYPETEKST":"Station","BANEKLASSETEKST":"Lokalbane II"}},{"type":"Feature","id":367805,"geometry":{"type":"Polygon","coordinates":[[[9.76896,56.08192],[9.76909,56.08179],[9.76937,56.08187],[9.76983,56.0814],[9.77112,56.08001],[9.77085,56.07992],[9.77119,56.07959],[9.77382,56.07764],[9.77494,56.07702],[9.77706,56.07622],[9.77729,56.076],[9.78254,56.07459],[9.78644,56.07294],[9.79053,56.07192],[9.79886,56.07063],[9.80858,56.06867],[9.81166,56.06776],[9.81559,56.06627],[9.82037,56.06475],[9.82978,56.05957],[9.83002,56.05973],[9.83109,56.05902],[9.83099,56.05885],[9.83195,56.05835],[9.83619,56.05518],[9.83658,56.05523],[9.83878,56.05423],[9.84143,56.05341],[9.84153,56.05318],[9.84594,56.05263],[9.84847,56.05272],[9.84884,56.05286],[9.8546,56.05333],[9.85919,56.05307],[9.86237,56.0524],[9.86237,56.05262],[9.86644,56.05146],[9.86633,56.05134],[9.86652,56.05123],[9.87476,56.04886],[9.87878,56.04804],[9.8884,56.04682],[9.89137,56.04696],[9.89608,56.04691],[9.90441,56.04586],[9.90873,56.04565],[9.91168,56.04521],[9.91215,56.04529],[9.91523,56.0445],[9.91491,56.04422],[9.91732,56.04345],[9.91719,56.04328],[9.91587,56.04314],[9.91595,56.04342],[9.9147,56.04401],[9.91363,56.04427],[9.91371,56.04439],[9.9116,56.04502],[9.90935,56.04537],[9.90262,56.04584],[9.89707,56.04667],[9.8943,56.04678],[9.89148,56.04648],[9.8881,56.04658],[9.8775,56.04805],[9.87065,56.04976],[9.86256,56.05217],[9.85823,56.053],[9.85596,56.05315],[9.85408,56.05308],[9.84699,56.0524],[9.84386,56.05256],[9.84028,56.05331],[9.83852,56.05386],[9.83652,56.05477],[9.83243,56.05746],[9.83076,56.05874],[9.8224,56.06333],[9.8188,56.065],[9.81106,56.06768],[9.80763,56.06868],[9.79789,56.07051],[9.79493,56.07102],[9.79204,56.07132],[9.78874,56.072],[9.78882,56.07211],[9.78594,56.0729],[9.78261,56.07425],[9.77795,56.07554],[9.77615,56.07622],[9.7736,56.07752],[9.77164,56.07884],[9.76779,56.08277],[9.76375,56.08601],[9.76398,56.08611],[9.76483,56.08546],[9.76882,56.08211],[9.76896,56.08192]]]},"properties":{"STRKAFS":352002,"NAVN":"Skanderborg - Ry","HOVER_NAME":"Skanderborg - Ry","TIB":"1035","BANENR":"55","FRA_KM":0.4,"TIL_KM":11.6,"FORKORTELSE":"Sd-Ry","BANENR_NAVN":"(Skanderborg) - (Herning)","HVDSTRK_NAVN":"Skanderborg - Skjern","DELSTRK_NAVN":"Skanderborg - Herning","BTRTYPETEKST":"Fri Bane","BANEKLASSETEKST":"Regionalbane"}},{"type":"Feature","id":367806,"geometry":{"type":"Polygon","coordinates":[[[9.84591,56.05255],[9.84359,56.05261],[9.84371,56.05284],[9.84592,56.05263],[9.84591,56.05255]]]},"properties":{"STRKAFS":352005,"NAVN":"Alken","HOVER_NAME":"Alken","TIB":"1035","BANENR":"55","FRA_KM":5.063000000000001,"TIL_KM":5.205,"FORKORTELSE":"Ak","BANENR_NAVN":"(Skanderborg) - (Herning)","HVDSTRK_NAVN":"Skanderborg - Skjern","DELSTRK_NAVN":"Skanderborg - Herning","BTRTYPETEKST":"Trinbræt","BANEKLASSETEKST":"Regionalbane"}},{"type":"Feature","id":367807,"geometry":{"type":"Polygon","coordinates":[[[9.76001,56.08977],[9.76037,56.08927],[9.7606,56.08931],[9.76397,56.08647],[9.76378,56.08627],[9.76398,56.08611],[9.76375,56.08601],[9.76037,56.08876],[9.759,56.09028],[9.75787,56.0918],[9.75783,56.09216],[9.75737,56.09275],[9.75599,56.09385],[9.75628,56.09398],[9.75748,56.093],[9.75964,56.09022],[9.76001,56.08977]]]},"properties":{"STRKAFS":352011,"NAVN":"Ry","HOVER_NAME":"Ry","TIB":"1035","BANENR":"55","FRA_KM":11.6,"TIL_KM":12.6,"FORKORTELSE":"Ry","BANENR_NAVN":"(Skanderborg) - (Herning)","HVDSTRK_NAVN":"Skanderborg - Skjern","DELSTRK_NAVN":"Skanderborg - Herning","BTRTYPETEKST":"Station","BANEKLASSETEKST":"Regionalbane"}},{"type":"Feature","id":367808,"geometry":{"type":"Polygon","coordinates":[[[9.72657,56.12426],[9.72733,56.12428],[9.72988,56.12321],[9.72943,56.12317],[9.73097,56.12227],[9.73206,56.12126],[9.73265,56.12093],[9.73306,56.12025],[9.73353,56.11843],[9.73378,56.11584],[9.73374,56.11357],[9.73399,56.11093],[9.73396,56.10957],[9.73423,56.10598],[9.73455,56.10557],[9.7346,56.10479],[9.73427,56.10475],[9.73426,56.10446],[9.7345,56.10396],[9.73452,56.1032],[9.73439,56.10303],[9.73454,56.10172],[9.73522,56.09976],[9.73623,56.09852],[9.73786,56.09719],[9.74166,56.09606],[9.74412,56.09579],[9.74867,56.09599],[9.75131,56.09582],[9.75455,56.09489],[9.75628,56.09398],[9.75599,56.09385],[9.75422,56.09474],[9.75258,56.09529],[9.7506,56.09559],[9.74881,56.09571],[9.74479,56.09553],[9.74166,56.09561],[9.73937,56.09624],[9.73843,56.09666],[9.73656,56.09763],[9.73548,56.09846],[9.73456,56.09976],[9.73404,56.10132],[9.73409,56.10339],[9.73387,56.10408],[9.73402,56.10435],[9.73378,56.106],[9.73352,56.11351],[9.73323,56.11437],[9.73317,56.11787],[9.73286,56.11943],[9.73197,56.12026],[9.73205,56.12045],[9.73173,56.12121],[9.72979,56.12267],[9.72775,56.1237],[9.72477,56.12453],[9.72486,56.12467],[9.72577,56.12448],[9.72657,56.12426]]]},"properties":{"STRKAFS":352014,"NAVN":"Ry - Laven","HOVER_NAME":"Ry - Laven","TIB":"1035","BANENR":"55","FRA_KM":12.6,"TIL_KM":17.2,"FORKORTELSE":"Ry-La","BANENR_NAVN":"(Skanderborg) - (Herning)","HVDSTRK_NAVN":"Skanderborg - Skjern","DELSTRK_NAVN":"Skanderborg - Herning","BTRTYPETEKST":"Fri Bane","BANEKLASSETEKST":"Regionalbane"}},{"type":"Feature","id":367809,"geometry":{"type":"Polygon","coordinates":[[[9.72085,56.12506],[9.7235,56.12491],[9.72486,56.12467],[9.72477,56.12453],[9.72271,56.12482],[9.71911,56.12479],[9.71593,56.12433],[9.71263,56.12341],[9.71245,56.12363],[9.71562,56.12452],[9.71844,56.12496],[9.72023,56.12507],[9.72085,56.12506]]]},"properties":{"STRKAFS":352017,"NAVN":"Laven","HOVER_NAME":"Laven","TIB":"1035","BANENR":"55","FRA_KM":17.2,"TIL_KM":18,"FORKORTELSE":"La","BANENR_NAVN":"(Skanderborg) - (Herning)","HVDSTRK_NAVN":"Skanderborg - Skjern","DELSTRK_NAVN":"Skanderborg - Herning","BTRTYPETEKST":"Station","BANEKLASSETEKST":"Regionalbane"}},{"type":"Feature","id":367810,"geometry":{"type":"Polygon","coordinates":[[[9.3352,56.15413],[9.33491,56.15383],[9.33521,56.15371],[9.33452,56.153],[9.33222,56.15085],[9.33192,56.15094],[9.32638,56.1455],[9.32482,56.14422],[9.32494,56.14399],[9.32323,56.14299],[9.32304,56.14312],[9.32251,56.14287],[9.32225,56.14273],[9.32242,56.14256],[9.32135,56.14212],[9.31768,56.14113],[9.31478,56.14076],[9.3123,56.14071],[9.31202,56.14092],[9.30868,56.14115],[9.30157,56.1425],[9.30141,56.14232],[9.29967,56.14277],[9.29958,56.14264],[9.29503,56.14355],[9.29514,56.14373],[9.28683,56.14525],[9.28694,56.14544],[9.29407,56.14407],[9.29447,56.1442],[9.30275,56.14265],[9.30317,56.14237],[9.31083,56.1411],[9.31177,56.14105],[9.31207,56.14123],[9.3159,56.14144],[9.31988,56.14228],[9.32229,56.14321],[9.32403,56.14416],[9.32451,56.1442],[9.32507,56.14462],[9.33171,56.151],[9.33137,56.15112],[9.33306,56.15277],[9.33442,56.15403],[9.33472,56.15392],[9.33486,56.15403],[9.3362,56.15562],[9.33975,56.15884],[9.34126,56.16046],[9.34592,56.1649],[9.34627,56.16483],[9.33907,56.15787],[9.33839,56.15699],[9.33551,56.15437],[9.3352,56.15413]]]},"properties":{"STRKAFS":352048,"NAVN":"Engesvang - Bording","HOVER_NAME":"Engesvang - Bording","TIB":"1035","BANENR":"55","FRA_KM":46,"TIL_KM":51.2,"FORKORTELSE":"Ev-Bg","BANENR_NAVN":"(Skanderborg) - (Herning)","HVDSTRK_NAVN":"Skanderborg - Skjern","DELSTRK_NAVN":"Skanderborg - Herning","BTRTYPETEKST":"Fri Bane","BANEKLASSETEKST":"Regionalbane"}},{"type":"Feature","id":367811,"geometry":{"type":"Polygon","coordinates":[[[9.2777,56.147],[9.28042,56.14671],[9.28049,56.14684],[9.28181,56.14661],[9.28188,56.14635],[9.28694,56.14544],[9.28683,56.14525],[9.27967,56.14649],[9.27665,56.14683],[9.27441,56.14688],[9.27441,56.14704],[9.27625,56.14697],[9.27677,56.14708],[9.2777,56.147]]]},"properties":{"STRKAFS":352051,"NAVN":"Bording","HOVER_NAME":"Bording","TIB":"1035","BANENR":"55","FRA_KM":51.2,"TIL_KM":52,"FORKORTELSE":"Bg","BANENR_NAVN":"(Skanderborg) - (Herning)","HVDSTRK_NAVN":"Skanderborg - Skjern","DELSTRK_NAVN":"Skanderborg - Herning","BTRTYPETEKST":"Station","BANEKLASSETEKST":"Regionalbane"}},{"type":"Feature","id":367812,"geometry":{"type":"Polygon","coordinates":[[[9.25963,56.14627],[9.24143,56.14551],[9.1893,56.1456],[9.16518,56.14447],[9.16516,56.14462],[9.18824,56.14575],[9.24297,56.14576],[9.27441,56.14704],[9.27441,56.14688],[9.25963,56.14629],[9.25963,56.14627]]]},"properties":{"STRKAFS":352054,"NAVN":"Bording - Ikast","HOVER_NAME":"Bording - Ikast","TIB":"1035","BANENR":"55","FRA_KM":52,"TIL_KM":58.800000000000004,"FORKORTELSE":"Bg-Ik","BANENR_NAVN":"(Skanderborg) - (Herning)","HVDSTRK_NAVN":"Skanderborg - Skjern","DELSTRK_NAVN":"Skanderborg - Herning","BTRTYPETEKST":"Fri Bane","BANEKLASSETEKST":"Regionalbane"}},{"type":"Feature","id":367813,"geometry":{"type":"Polygon","coordinates":[[[9.1524,56.1456],[9.15366,56.14526],[9.1583,56.14452],[9.16089,56.14445],[9.16516,56.14462],[9.16518,56.14447],[9.15819,56.14408],[9.1567,56.14426],[9.1529,56.14514],[9.14941,56.14544],[9.1495,56.14598],[9.15178,56.14573],[9.1524,56.1456]]]},"properties":{"STRKAFS":352059,"NAVN":"Ikast","HOVER_NAME":"Ikast","TIB":"1035","BANENR":"55","FRA_KM":58.800000000000004,"TIL_KM":59.800000000000004,"FORKORTELSE":"Ik","BANENR_NAVN":"(Skanderborg) - (Herning)","HVDSTRK_NAVN":"Skanderborg - Skjern","DELSTRK_NAVN":"Skanderborg - Herning","BTRTYPETEKST":"Station","BANEKLASSETEKST":"Regionalbane"}},{"type":"Feature","id":367814,"geometry":{"type":"Polygon","coordinates":[[[9.14944,56.14562],[9.14941,56.14544],[9.14595,56.1455],[9.13774,56.1442],[9.13737,56.1439],[9.1348,56.14347],[9.13294,56.14318],[9.13249,56.14334],[9.13162,56.1432],[9.13171,56.143],[9.13032,56.14279],[9.12996,56.14293],[9.12215,56.14165],[9.1219,56.14141],[9.12058,56.14118],[9.10631,56.13891],[9.10596,56.13889],[9.10598,56.13909],[9.09979,56.13868],[9.09163,56.1385],[9.09162,56.13833],[9.08977,56.13824],[9.08021,56.13782],[9.07978,56.13799],[9.07918,56.13793],[9.07643,56.13744],[9.07246,56.13643],[9.0695,56.13536],[9.06658,56.13392],[9.06633,56.13406],[9.06844,56.13516],[9.07211,56.1366],[9.07626,56.13765],[9.07974,56.13812],[9.0798,56.13834],[9.08372,56.13861],[9.09089,56.13883],[9.09107,56.13863],[9.10598,56.13922],[9.10602,56.13943],[9.11436,56.14074],[9.11481,56.14061],[9.11549,56.14075],[9.11527,56.1409],[9.12164,56.1419],[9.1221,56.14177],[9.12993,56.14306],[9.13016,56.1433],[9.13499,56.14412],[9.13755,56.1445],[9.13766,56.14431],[9.14653,56.14573],[9.14688,56.14597],[9.1495,56.14598],[9.14945,56.14564],[9.14944,56.14562]]]},"properties":{"STRKAFS":352062,"NAVN":"Ikast - Hammerum","HOVER_NAME":"Ikast - Hammerum","TIB":"1035","BANENR":"55","FRA_KM":59.800000000000004,"TIL_KM":65.2,"FORKORTELSE":"Ik-Hu","BANENR_NAVN":"(Skanderborg) - (Herning)","HVDSTRK_NAVN":"Skanderborg - Skjern","DELSTRK_NAVN":"Skanderborg - Herning","BTRTYPETEKST":"Fri Bane","BANEKLASSETEKST":"Regionalbane"}},{"type":"Feature","id":367815,"geometry":{"type":"Polygon","coordinates":[[[9.06554,56.13313],[9.0605,56.12941],[9.05928,56.12865],[9.05922,56.1288],[9.05844,56.12838],[9.05819,56.12851],[9.05954,56.12924],[9.06263,56.13148],[9.06427,56.13277],[9.06422,56.13304],[9.06488,56.1331],[9.06633,56.13406],[9.06658,56.13392],[9.06549,56.13322],[9.06554,56.13313]]]},"properties":{"STRKAFS":352065,"NAVN":"Hammerum","HOVER_NAME":"Hammerum","TIB":"1035","BANENR":"55","FRA_KM":65.2,"TIL_KM":66,"FORKORTELSE":"Hu","BANENR_NAVN":"(Skanderborg) - (Herning)","HVDSTRK_NAVN":"Skanderborg - Skjern","DELSTRK_NAVN":"Skanderborg - Herning","BTRTYPETEKST":"Station","BANEKLASSETEKST":"Regionalbane"}},{"type":"Feature","id":367816,"geometry":{"type":"Polygon","coordinates":[[[9.64441,56.13044],[9.65198,56.12808],[9.65409,56.12765],[9.6564,56.12741],[9.65869,56.12734],[9.66217,56.12763],[9.66795,56.12874],[9.67108,56.12896],[9.67346,56.12897],[9.67776,56.12864],[9.68281,56.12757],[9.68492,56.1268],[9.68691,56.12574],[9.68925,56.12397],[9.69075,56.1231],[9.69504,56.12192],[9.6965,56.12178],[9.69881,56.12186],[9.70799,56.12272],[9.71028,56.12303],[9.71245,56.12363],[9.71263,56.12341],[9.70991,56.12276],[9.70989,56.1226],[9.70826,56.12236],[9.70472,56.12227],[9.69828,56.12161],[9.69532,56.12173],[9.69293,56.12208],[9.69178,56.12245],[9.68934,56.12366],[9.68727,56.12528],[9.68577,56.12619],[9.68347,56.12715],[9.67963,56.12814],[9.67635,56.12855],[9.67174,56.12877],[9.66618,56.12824],[9.66096,56.12729],[9.65599,56.12729],[9.65209,56.1279],[9.6444,56.13029],[9.64241,56.13075],[9.64239,56.13091],[9.64209,56.13099],[9.64225,56.13115],[9.64363,56.1307],[9.64441,56.13044]]]},"properties":{"STRKAFS":352020,"NAVN":"Laven - Svejbæk","HOVER_NAME":"Laven - Svejbæk","TIB":"1035","BANENR":"55","FRA_KM":18,"TIL_KM":22.8,"FORKORTELSE":"La-Sv","BANENR_NAVN":"(Skanderborg) - (Herning)","HVDSTRK_NAVN":"Skanderborg - Skjern","DELSTRK_NAVN":"Skanderborg - Herning","BTRTYPETEKST":"Fri Bane","BANEKLASSETEKST":"Regionalbane"}},{"type":"Feature","id":367817,"geometry":{"type":"Polygon","coordinates":[[[9.62987,56.13499],[9.63528,56.13357],[9.63527,56.13346],[9.64225,56.13115],[9.64209,56.13099],[9.64177,56.13107],[9.62807,56.1354],[9.62836,56.13568],[9.62991,56.13519],[9.62987,56.13499]]]},"properties":{"STRKAFS":352023,"NAVN":"Svejbæk","HOVER_NAME":"Svejbæk","TIB":"1035","BANENR":"55","FRA_KM":22.8,"TIL_KM":23.8,"FORKORTELSE":"Sv","BANENR_NAVN":"(Skanderborg) - (Herning)","HVDSTRK_NAVN":"Skanderborg - Skjern","DELSTRK_NAVN":"Skanderborg - Herning","BTRTYPETEKST":"Station","BANEKLASSETEKST":"Regionalbane"}},{"type":"Feature","id":367818,"geometry":{"type":"Polygon","coordinates":[[[9.55152,56.16473],[9.55501,56.16464],[9.55504,56.16453],[9.55775,56.16417],[9.55979,56.1635],[9.56317,56.16202],[9.56876,56.15844],[9.56998,56.15745],[9.57755,56.15232],[9.57976,56.15107],[9.5825,56.1499],[9.61929,56.13831],[9.61936,56.13852],[9.62241,56.13756],[9.62285,56.13741],[9.62277,56.13727],[9.6235,56.13703],[9.62444,56.13675],[9.6245,56.1369],[9.62674,56.13619],[9.62673,56.13598],[9.6276,56.1357],[9.62793,56.13582],[9.62836,56.13568],[9.62807,56.1354],[9.58231,56.14981],[9.57953,56.15099],[9.57747,56.15211],[9.56481,56.16075],[9.56258,56.16201],[9.55974,56.16332],[9.55666,56.16409],[9.55267,56.16445],[9.54944,56.16434],[9.54942,56.16449],[9.55146,56.16462],[9.55152,56.16473]]]},"properties":{"STRKAFS":352024,"NAVN":"Svejbæk - Silkeborg","HOVER_NAME":"Svejbæk - Silkeborg","TIB":"1035","BANENR":"55","FRA_KM":23.8,"TIL_KM":29.8,"FORKORTELSE":"Sv-Sl","BANENR_NAVN":"(Skanderborg) - (Herning)","HVDSTRK_NAVN":"Skanderborg - Skjern","DELSTRK_NAVN":"Skanderborg - Herning","BTRTYPETEKST":"Fri Bane","BANEKLASSETEKST":"Regionalbane"}},{"type":"Feature","id":367819,"geometry":{"type":"Polygon","coordinates":[[[9.54668,56.16403],[9.54496,56.16369],[9.54196,56.16366],[9.54065,56.16309],[9.53975,56.16292],[9.53789,56.16308],[9.53528,56.16359],[9.53237,56.16359],[9.52972,56.16334],[9.53161,56.16362],[9.5334,56.16368],[9.53098,56.16367],[9.53097,56.16389],[9.53232,56.16388],[9.53411,56.16427],[9.53426,56.16405],[9.53527,56.16407],[9.53528,56.16388],[9.53542,56.16387],[9.54064,56.16411],[9.54068,56.16399],[9.54175,56.16399],[9.54942,56.16449],[9.54944,56.16434],[9.547,56.16412],[9.54668,56.16403]]]},"properties":{"STRKAFS":352029,"NAVN":"Silkeborg","HOVER_NAME":"Silkeborg","TIB":"1035","BANENR":"55","FRA_KM":29.8,"TIL_KM":30.8,"FORKORTELSE":"Sl","BANENR_NAVN":"(Skanderborg) - (Herning)","HVDSTRK_NAVN":"Skanderborg - Skjern","DELSTRK_NAVN":"Skanderborg - Herning","BTRTYPETEKST":"Station","BANEKLASSETEKST":"Regionalbane"}},{"type":"Feature","id":367820,"geometry":{"type":"Polygon","coordinates":[[[9.53097,56.16389],[9.53098,56.16367],[9.5334,56.16368],[9.53143,56.16361],[9.52915,56.16325],[9.52904,56.16345],[9.52657,56.16321],[9.52345,56.1625],[9.52231,56.16207],[9.51995,56.16107],[9.51838,56.16012],[9.51498,56.15715],[9.51299,56.15585],[9.50852,56.15401],[9.50854,56.15388],[9.50785,56.15343],[9.50371,56.15118],[9.50182,56.15117],[9.50047,56.15066],[9.5,56.15071],[9.49805,56.15009],[9.49512,56.14877],[9.49328,56.14824],[9.48563,56.14501],[9.48356,56.14381],[9.48029,56.14124],[9.47852,56.14031],[9.47579,56.1397],[9.47381,56.13945],[9.47411,56.13903],[9.47056,56.13785],[9.46881,56.137],[9.46721,56.13776],[9.47141,56.13928],[9.47782,56.14066],[9.48038,56.14192],[9.48453,56.14474],[9.49292,56.14831],[9.49821,56.15093],[9.4983,56.15125],[9.49872,56.15129],[9.50164,56.15274],[9.50519,56.15393],[9.50856,56.15453],[9.50874,56.1544],[9.5124,56.15587],[9.51316,56.15627],[9.51295,56.15648],[9.51371,56.15676],[9.51386,56.15666],[9.51455,56.15717],[9.51907,56.16163],[9.52107,56.16286],[9.52266,56.16332],[9.52499,56.16366],[9.52897,56.16366],[9.53068,56.16383],[9.53097,56.16389]]]},"properties":{"STRKAFS":352032,"NAVN":"Silkeborg - Funder","HOVER_NAME":"Silkeborg - Funder","TIB":"1035","BANENR":"55","FRA_KM":30.8,"TIL_KM":36,"FORKORTELSE":"Sl-Fu","BANENR_NAVN":"(Skanderborg) - (Herning)","HVDSTRK_NAVN":"Skanderborg - Skjern","DELSTRK_NAVN":"Skanderborg - Herning","BTRTYPETEKST":"Fri Bane","BANEKLASSETEKST":"Regionalbane"}},{"type":"Feature","id":367821,"geometry":{"type":"Polygon","coordinates":[[[9.46872,56.13695],[9.46784,56.1367],[9.46755,56.1368],[9.46674,56.13651],[9.46527,56.13507],[9.4642,56.13463],[9.46303,56.13371],[9.46115,56.13274],[9.45901,56.13226],[9.45869,56.1326],[9.46056,56.13334],[9.46434,56.13572],[9.46425,56.13601],[9.46486,56.13625],[9.46721,56.13776],[9.46881,56.137],[9.46872,56.13695]]]},"properties":{"STRKAFS":352037,"NAVN":"Funder","HOVER_NAME":"Funder","TIB":"1035","BANENR":"55","FRA_KM":36,"TIL_KM":36.800000000000004,"FORKORTELSE":"Fu","BANENR_NAVN":"(Skanderborg) - (Herning)","HVDSTRK_NAVN":"Skanderborg - Skjern","DELSTRK_NAVN":"Skanderborg - Herning","BTRTYPETEKST":"Teknisk Station","BANEKLASSETEKST":"Regionalbane"}},{"type":"Feature","id":367822,"geometry":{"type":"Polygon","coordinates":[[[9.37137,56.16544],[9.37672,56.16041],[9.37811,56.15821],[9.37832,56.15743],[9.37834,56.1565],[9.37793,56.15446],[9.37795,56.15317],[9.37819,56.15231],[9.37901,56.15083],[9.37931,56.15091],[9.38053,56.14965],[9.38372,56.1472],[9.38342,56.14712],[9.38491,56.14603],[9.38755,56.14448],[9.39025,56.14333],[9.39349,56.1423],[9.40793,56.13869],[9.41036,56.13822],[9.41137,56.13824],[9.41156,56.13798],[9.41294,56.13769],[9.44067,56.13237],[9.44876,56.13159],[9.45571,56.13182],[9.45846,56.13231],[9.45837,56.1325],[9.45869,56.1326],[9.45901,56.13226],[9.45683,56.13167],[9.45285,56.13132],[9.44636,56.13157],[9.44625,56.1314],[9.44538,56.13151],[9.44491,56.13173],[9.44082,56.1322],[9.41668,56.13674],[9.41413,56.13734],[9.40945,56.13821],[9.40937,56.13812],[9.40246,56.1398],[9.3903,56.14309],[9.38633,56.1449],[9.3851,56.14565],[9.3801,56.14931],[9.37914,56.15025],[9.37811,56.15178],[9.37774,56.15299],[9.37761,56.15422],[9.37786,56.15685],[9.37752,56.15858],[9.37687,56.15974],[9.37575,56.161],[9.37128,56.16514],[9.37102,56.16534],[9.37076,56.16521],[9.36827,56.16668],[9.36785,56.16711],[9.36672,56.16752],[9.36306,56.16838],[9.35982,56.16867],[9.35984,56.16884],[9.36467,56.16828],[9.36738,56.16761],[9.36948,56.16678],[9.37135,56.16572],[9.3713,56.16549],[9.37137,56.16544]]]},"properties":{"STRKAFS":352038,"NAVN":"Funder - Engesvang","HOVER_NAME":"Funder - Engesvang","TIB":"1035","BANENR":"55","FRA_KM":36.800000000000004,"TIL_KM":45,"FORKORTELSE":"Fu-Ev","BANENR_NAVN":"(Skanderborg) - (Herning)","HVDSTRK_NAVN":"Skanderborg - Skjern","DELSTRK_NAVN":"Skanderborg - Herning","BTRTYPETEKST":"Fri Bane","BANEKLASSETEKST":"Regionalbane"}},{"type":"Feature","id":367823,"geometry":{"type":"Polygon","coordinates":[[[9.35984,56.16884],[9.35982,56.16867],[9.35739,56.16865],[9.35579,56.16842],[9.35124,56.16722],[9.35022,56.16683],[9.35008,56.16699],[9.34841,56.16633],[9.34627,56.16483],[9.34596,56.16494],[9.34838,56.16654],[9.35217,56.16827],[9.35301,56.16851],[9.35325,56.16828],[9.35596,56.16871],[9.35971,56.16884],[9.35984,56.16884]]]},"properties":{"STRKAFS":352045,"NAVN":"Engesvang","HOVER_NAME":"Engesvang","TIB":"1035","BANENR":"55","FRA_KM":45,"TIL_KM":46,"FORKORTELSE":"Ev","BANENR_NAVN":"(Skanderborg) - (Herning)","HVDSTRK_NAVN":"Skanderborg - Skjern","DELSTRK_NAVN":"Skanderborg - Herning","BTRTYPETEKST":"Station","BANEKLASSETEKST":"Regionalbane"}},{"type":"Feature","id":367824,"geometry":{"type":"Polygon","coordinates":[[[9.45527,55.76808],[9.45798,55.76782],[9.45876,55.76758],[9.46585,55.7666],[9.46847,55.7666],[9.47117,55.7669],[9.47361,55.76669],[9.47621,55.76615],[9.47637,55.76627],[9.47879,55.76497],[9.47947,55.76478],[9.48033,55.76484],[9.48146,55.76427],[9.48308,55.76414],[9.48451,55.76293],[9.48566,55.76299],[9.486,55.76266],[9.48877,55.76183],[9.49388,55.76174],[9.49386,55.76133],[9.49557,55.76089],[9.49682,55.76034],[9.49695,55.76043],[9.50237,55.75871],[9.50406,55.75843],[9.50619,55.7583],[9.51145,55.75949],[9.51608,55.75972],[9.51862,55.75928],[9.5217,55.75842],[9.52315,55.75828],[9.526,55.75852],[9.52831,55.75845],[9.53026,55.75788],[9.53194,55.757],[9.5328,55.75601],[9.53414,55.75507],[9.5357,55.75363],[9.53603,55.75257],[9.53596,55.75186],[9.53558,55.75111],[9.53564,55.75083],[9.53497,55.75092],[9.5353,55.75128],[9.53567,55.75243],[9.53554,55.75295],[9.53495,55.75388],[9.53448,55.75439],[9.5331,55.75532],[9.5314,55.75697],[9.53022,55.75767],[9.52871,55.75814],[9.52669,55.75834],[9.52483,55.75812],[9.52228,55.75814],[9.52098,55.7583],[9.51802,55.75917],[9.51561,55.75938],[9.51115,55.75917],[9.50776,55.75824],[9.50479,55.75805],[9.50475,55.75794],[9.50382,55.75798],[9.50218,55.75834],[9.5019,55.75862],[9.50076,55.75876],[9.49782,55.75956],[9.49772,55.75977],[9.49604,55.76051],[9.49482,55.76088],[9.49246,55.76125],[9.48837,55.76126],[9.48662,55.76157],[9.48431,55.76248],[9.48291,55.76334],[9.47904,55.76448],[9.47581,55.76595],[9.47409,55.76642],[9.47066,55.7666],[9.46782,55.7661],[9.46784,55.76627],[9.46309,55.76666],[9.45789,55.76743],[9.45363,55.76776],[9.45342,55.76777],[9.45341,55.76759],[9.45226,55.76749],[9.45222,55.76768],[9.44998,55.76722],[9.45011,55.76705],[9.44912,55.76668],[9.44898,55.76683],[9.44803,55.76636],[9.44501,55.76393],[9.44484,55.76403],[9.44385,55.76295],[9.44385,55.76274],[9.44265,55.76163],[9.44244,55.76169],[9.44029,55.76018],[9.44059,55.76002],[9.43678,55.758],[9.43653,55.75818],[9.43209,55.75582],[9.43188,55.75596],[9.43466,55.75744],[9.43462,55.75786],[9.43552,55.75788],[9.44072,55.7608],[9.4419,55.76166],[9.44497,55.76461],[9.44718,55.76626],[9.44895,55.76733],[9.45169,55.76793],[9.45478,55.76816],[9.45527,55.76808]]]},"properties":{"STRKAFS":334102,"NAVN":"Jelling - Grejsdal","HOVER_NAME":"Jelling - Grejsdal","TIB":"1033","BANENR":"39","FRA_KM":101,"TIL_KM":109,"FORKORTELSE":"Jl-Ges","BANENR_NAVN":"Herning - (Vejle)","HVDSTRK_NAVN":"Holstebro - Vejle","DELSTRK_NAVN":"Herning - Vejle","BTRTYPETEKST":"Fri Bane","BANEKLASSETEKST":"Regionalbane"}},{"type":"Feature","id":367825,"geometry":{"type":"Polygon","coordinates":[[[9.53488,55.74831],[9.53503,55.748],[9.53614,55.74729],[9.53598,55.74709],[9.53622,55.74681],[9.53752,55.74602],[9.53842,55.74517],[9.53884,55.74402],[9.53864,55.74262],[9.53818,55.74263],[9.53824,55.74438],[9.53764,55.74537],[9.53741,55.74563],[9.53647,55.74595],[9.53552,55.74653],[9.53447,55.74742],[9.53419,55.74805],[9.53457,55.74801],[9.53427,55.749],[9.53463,55.75014],[9.53447,55.75021],[9.53497,55.75092],[9.53556,55.7508],[9.53538,55.75077],[9.53481,55.7497],[9.5347,55.74928],[9.53479,55.74851],[9.53488,55.74831]]]},"properties":{"STRKAFS":334109,"NAVN":"Grejsdal","HOVER_NAME":"Grejsdal","TIB":"1033","BANENR":"39","FRA_KM":109,"TIL_KM":110,"FORKORTELSE":"Ges","BANENR_NAVN":"Herning - (Vejle)","HVDSTRK_NAVN":"Holstebro - Vejle","DELSTRK_NAVN":"Herning - Vejle","BTRTYPETEKST":"Teknisk Station","BANEKLASSETEKST":"Regionalbane"}},{"type":"Feature","id":367826,"geometry":{"type":"Polygon","coordinates":[[[9.53795,55.71408],[9.53806,55.71378],[9.53827,55.71373],[9.538,55.71226],[9.53821,55.71156],[9.538,55.71154],[9.53775,55.71209],[9.53786,55.71317],[9.53768,55.71402],[9.53611,55.71529],[9.53624,55.71532],[9.53565,55.71679],[9.53559,55.71829],[9.53481,55.72026],[9.53453,55.72031],[9.53465,55.72176],[9.53423,55.72485],[9.53396,55.72488],[9.53445,55.7262],[9.53449,55.72691],[9.53404,55.72903],[9.53444,55.73033],[9.5351,55.73154],[9.53493,55.7316],[9.5351,55.73211],[9.53481,55.73313],[9.53413,55.73406],[9.53407,55.73461],[9.53385,55.735],[9.53396,55.73504],[9.5338,55.73537],[9.53379,55.73669],[9.53454,55.73794],[9.53683,55.73969],[9.53786,55.74086],[9.53816,55.74177],[9.53818,55.74263],[9.53864,55.74262],[9.53855,55.74142],[9.5383,55.74076],[9.53776,55.73994],[9.53473,55.73738],[9.5344,55.73685],[9.53416,55.73573],[9.53433,55.73497],[9.53534,55.73321],[9.53558,55.73248],[9.53547,55.73136],[9.53474,55.73007],[9.53448,55.72907],[9.53454,55.72827],[9.5349,55.72698],[9.53457,55.72474],[9.53517,55.72056],[9.53583,55.71945],[9.53621,55.71666],[9.53642,55.71628],[9.53652,55.71551],[9.53788,55.71419],[9.53795,55.71408]]]},"properties":{"STRKAFS":334112,"NAVN":"Grejsdal - Vejle","HOVER_NAME":"Grejsdal - Vejle","TIB":"1033","BANENR":"39","FRA_KM":110,"TIL_KM":113.60000000000001,"FORKORTELSE":"Ges-Vj","BANENR_NAVN":"Herning - (Vejle)","HVDSTRK_NAVN":"Holstebro - Vejle","DELSTRK_NAVN":"Herning - Vejle","BTRTYPETEKST":"Fri Bane","BANEKLASSETEKST":"Regionalbane"}},{"type":"Feature","id":367827,"geometry":{"type":"Polygon","coordinates":[[[9.53736,55.71451],[9.53724,55.71447],[9.53611,55.71529],[9.53624,55.71532],[9.53602,55.71576],[9.53649,55.7158],[9.53652,55.71551],[9.53753,55.71456],[9.53736,55.71451]]]},"properties":{"STRKAFS":334113,"NAVN":"Vejle Sygehus","HOVER_NAME":"Vejle Sygehus","TIB":"1033","BANENR":"39","FRA_KM":113.098,"TIL_KM":113.259,"FORKORTELSE":"Vjs","BANENR_NAVN":"Herning - (Vejle)","HVDSTRK_NAVN":"Holstebro - Vejle","DELSTRK_NAVN":"Herning - Vejle","BTRTYPETEKST":"Trinbræt","BANEKLASSETEKST":"Regionalbane"}},{"type":"Feature","id":367828,"geometry":{"type":"Polygon","coordinates":[[[8.55318,56.62525],[8.5522,56.62375],[8.55187,56.6238],[8.55029,56.62131],[8.55063,56.62124],[8.5491,56.61898],[8.54875,56.61904],[8.5472,56.61726],[8.54736,56.61718],[8.54679,56.61668],[8.54694,56.61666],[8.54268,56.61286],[8.54247,56.61304],[8.54214,56.61275],[8.54212,56.61258],[8.5423,56.61252],[8.54071,56.61105],[8.5403,56.6107],[8.54002,56.61076],[8.53522,56.60645],[8.53506,56.60629],[8.5352,56.60623],[8.53465,56.60568],[8.5345,56.60574],[8.53403,56.60538],[8.5329,56.60421],[8.53159,56.60328],[8.53045,56.60289],[8.53058,56.6028],[8.53011,56.60258],[8.52996,56.60268],[8.52964,56.60253],[8.52976,56.60243],[8.52853,56.60178],[8.52719,56.60061],[8.52678,56.59966],[8.52682,56.59858],[8.52657,56.59853],[8.52709,56.59535],[8.52744,56.59181],[8.52808,56.59182],[8.52802,56.5903],[8.52822,56.58871],[8.52933,56.58732],[8.53058,56.58637],[8.53584,56.58382],[8.53785,56.58325],[8.53807,56.58348],[8.54065,56.58325],[8.54656,56.58306],[8.54768,56.58284],[8.54914,56.58231],[8.54979,56.58228],[8.55085,56.58149],[8.55078,56.58129],[8.55386,56.57994],[8.55441,56.57977],[8.55483,56.57986],[8.55566,56.57955],[8.5562,56.57909],[8.56268,56.57723],[8.56357,56.57661],[8.56423,56.57581],[8.56472,56.57456],[8.56415,56.57078],[8.5642,56.56882],[8.56491,56.56657],[8.56739,56.56137],[8.56752,56.56081],[8.56727,56.55928],[8.56645,56.55792],[8.56674,56.55786],[8.56573,56.55612],[8.56542,56.55616],[8.5648,56.55511],[8.5651,56.55506],[8.56472,56.55435],[8.56355,56.55268],[8.56324,56.55236],[8.56296,56.55246],[8.55801,56.54905],[8.55607,56.54734],[8.5547,56.54579],[8.55489,56.5457],[8.55384,56.54389],[8.55251,56.53977],[8.5523,56.53965],[8.55091,56.53471],[8.55126,56.53468],[8.55099,56.53375],[8.55071,56.53377],[8.54991,56.53122],[8.54985,56.53032],[8.55017,56.53031],[8.55071,56.52863],[8.55043,56.52858],[8.55151,56.52735],[8.55214,56.5269],[8.55241,56.52698],[8.55288,56.52668],[8.5528,56.5264],[8.5569,56.52348],[8.55751,56.5234],[8.55945,56.52194],[8.55918,56.52181],[8.56907,56.51489],[8.56896,56.51482],[8.57016,56.51327],[8.5703,56.5133],[8.57108,56.51221],[8.57087,56.51216],[8.57285,56.50948],[8.57471,56.50766],[8.5749,56.50771],[8.58047,56.50367],[8.58117,56.50285],[8.58164,56.50199],[8.58325,56.49638],[8.58381,56.49549],[8.58461,56.49471],[8.5861,56.49391],[8.58753,56.49347],[8.59506,56.49238],[8.59506,56.49225],[8.58791,56.49317],[8.58626,56.49366],[8.58467,56.49443],[8.58315,56.4958],[8.5816,56.50114],[8.58124,56.50213],[8.58052,56.50322],[8.57944,56.50413],[8.57354,56.50826],[8.57216,56.50972],[8.57014,56.51282],[8.5682,56.51511],[8.55249,56.5264],[8.5517,56.52694],[8.55102,56.52694],[8.55089,56.52762],[8.55034,56.52825],[8.54974,56.52937],[8.54953,56.53055],[8.54984,56.53202],[8.5521,56.53963],[8.55217,56.5407],[8.55248,56.54164],[8.55221,56.5417],[8.55306,56.54418],[8.55345,56.54413],[8.55444,56.54583],[8.55556,56.54721],[8.55676,56.54838],[8.56229,56.55225],[8.56324,56.55309],[8.56698,56.55949],[8.56713,56.5606],[8.56697,56.5617],[8.56475,56.56582],[8.56381,56.56841],[8.56373,56.57039],[8.56425,56.57442],[8.56421,56.57512],[8.56381,56.57585],[8.56338,56.57635],[8.56307,56.57626],[8.56219,56.57675],[8.56199,56.57717],[8.55396,56.57964],[8.54858,56.58206],[8.54689,56.58256],[8.54319,56.58272],[8.54318,56.58291],[8.54017,56.58289],[8.54002,56.58272],[8.5395,56.58276],[8.53552,56.58354],[8.52903,56.58688],[8.52814,56.5876],[8.52731,56.58907],[8.52624,56.5989],[8.52633,56.59988],[8.52659,56.60055],[8.52804,56.60194],[8.53221,56.60404],[8.53287,56.6048],[8.53334,56.60502],[8.53395,56.6056],[8.53382,56.60565],[8.53482,56.60655],[8.53502,56.60653],[8.53974,56.61084],[8.53945,56.61101],[8.54021,56.61167],[8.54043,56.61161],[8.54126,56.61239],[8.5415,56.61238],[8.54324,56.61397],[8.54308,56.61402],[8.54425,56.61513],[8.54445,56.61508],[8.54536,56.61593],[8.54521,56.61599],[8.54767,56.61803],[8.54882,56.61942],[8.55034,56.62199],[8.55284,56.62565],[8.55327,56.62661],[8.55349,56.6278],[8.55335,56.62935],[8.55169,56.63461],[8.55101,56.63625],[8.5508,56.6374],[8.55025,56.63852],[8.54959,56.63934],[8.54877,56.63995],[8.5468,56.64098],[8.54588,56.64121],[8.54564,56.64162],[8.53939,56.64503],[8.53593,56.6466],[8.53254,56.64775],[8.53267,56.64787],[8.53723,56.64627],[8.54143,56.6441],[8.54239,56.64391],[8.54603,56.64193],[8.54573,56.64182],[8.54582,56.64176],[8.54659,56.6416],[8.54738,56.64088],[8.54915,56.63995],[8.55006,56.63921],[8.55066,56.63845],[8.55144,56.63647],[8.55156,56.63566],[8.55365,56.62904],[8.5537,56.62732],[8.55296,56.62541],[8.55318,56.62525]]]},"properties":{"STRKAFS":342002,"NAVN":"Struer - Hvidbjerg","HOVER_NAME":"Struer - Hvidbjerg","TIB":"1034","BANENR":"34","FRA_KM":0.4,"TIL_KM":21.400000000000002,"FORKORTELSE":"Str-Hw","BANENR_NAVN":"(Struer) - Thisted","HVDSTRK_NAVN":"Struer - Thisted","DELSTRK_NAVN":"Struer - Thisted","BTRTYPETEKST":"Fri Bane","BANEKLASSETEKST":"Lokalbane II"}},{"type":"Feature","id":367829,"geometry":{"type":"Polygon","coordinates":[[[8.55284,56.54079],[8.55251,56.53977],[8.55213,56.53982],[8.55222,56.54085],[8.55254,56.54082],[8.55284,56.54079]]]},"properties":{"STRKAFS":342007,"NAVN":"Humlum","HOVER_NAME":"Humlum","TIB":"1034","BANENR":"34","FRA_KM":6.808000000000001,"TIL_KM":6.922000000000001,"FORKORTELSE":"Um","BANENR_NAVN":"(Struer) - Thisted","HVDSTRK_NAVN":"Struer - Thisted","DELSTRK_NAVN":"Struer - Thisted","BTRTYPETEKST":"Trinbræt","BANEKLASSETEKST":"Lokalbane II"}},{"type":"Feature","id":367830,"geometry":{"type":"Polygon","coordinates":[[[8.54786,56.58272],[8.54759,56.58236],[8.5461,56.58262],[8.54626,56.58309],[8.54768,56.58284],[8.54786,56.58272]]]},"properties":{"STRKAFS":342013,"NAVN":"Oddesund Nord","HOVER_NAME":"Oddesund Nord","TIB":"1034","BANENR":"34","FRA_KM":12.338000000000001,"TIL_KM":12.438,"FORKORTELSE":"No","BANENR_NAVN":"(Struer) - Thisted","HVDSTRK_NAVN":"Struer - Thisted","DELSTRK_NAVN":"Struer - Thisted","BTRTYPETEKST":"Trinbræt","BANEKLASSETEKST":"Lokalbane II"}},{"type":"Feature","id":367831,"geometry":{"type":"Polygon","coordinates":[[[8.54227,56.61249],[8.54153,56.6118],[8.54085,56.61201],[8.54126,56.61239],[8.54188,56.61261],[8.54227,56.61249]]]},"properties":{"STRKAFS":342017,"NAVN":"Uglev","HOVER_NAME":"Uglev","TIB":"1034","BANENR":"34","FRA_KM":16.724,"TIL_KM":16.814,"FORKORTELSE":"Ul","BANENR_NAVN":"(Struer) - Thisted","HVDSTRK_NAVN":"Struer - Thisted","DELSTRK_NAVN":"Struer - Thisted","BTRTYPETEKST":"Trinbræt","BANEKLASSETEKST":"Lokalbane II"}},{"type":"Feature","id":367832,"geometry":{"type":"Polygon","coordinates":[[[8.53261,56.64782],[8.5279,56.64912],[8.5214,56.65149],[8.52153,56.65162],[8.52645,56.65007],[8.53267,56.64787],[8.53261,56.64782]]]},"properties":{"STRKAFS":342021,"NAVN":"Hvidbjerg","HOVER_NAME":"Hvidbjerg","TIB":"1034","BANENR":"34","FRA_KM":21.400000000000002,"TIL_KM":22.2,"FORKORTELSE":"Hw","BANENR_NAVN":"(Struer) - Thisted","HVDSTRK_NAVN":"Struer - Thisted","DELSTRK_NAVN":"Struer - Thisted","BTRTYPETEKST":"Station","BANEKLASSETEKST":"Lokalbane II"}},{"type":"Feature","id":367833,"geometry":{"type":"Polygon","coordinates":[[[8.41435,56.73934],[8.41368,56.73819],[8.41328,56.73825],[8.41287,56.7377],[8.4123,56.73653],[8.41216,56.73592],[8.41215,56.73573],[8.41242,56.73572],[8.41259,56.73446],[8.41223,56.73443],[8.41282,56.73273],[8.41303,56.73131],[8.41259,56.72976],[8.41186,56.72864],[8.41223,56.72856],[8.41054,56.72596],[8.41022,56.726],[8.40842,56.72312],[8.40854,56.72309],[8.40834,56.72271],[8.40755,56.72185],[8.40614,56.72094],[8.40201,56.71929],[8.40067,56.71818],[8.3998,56.71622],[8.39961,56.71567],[8.39968,56.71523],[8.39899,56.71354],[8.39867,56.71366],[8.3985,56.71252],[8.39832,56.71225],[8.39835,56.71173],[8.39854,56.71175],[8.39868,56.71113],[8.39851,56.71108],[8.399,56.71022],[8.40196,56.7074],[8.4018,56.70736],[8.40263,56.70667],[8.40345,56.70547],[8.40392,56.70424],[8.40418,56.7027],[8.40442,56.70269],[8.40472,56.7013],[8.40456,56.70126],[8.40463,56.70082],[8.40478,56.70082],[8.40478,56.70018],[8.40448,56.69934],[8.40427,56.69936],[8.40321,56.69809],[8.39992,56.69576],[8.39955,56.69545],[8.39981,56.69536],[8.39832,56.69429],[8.39804,56.69442],[8.39739,56.69396],[8.39656,56.69301],[8.3968,56.69295],[8.39654,56.69255],[8.39637,56.69149],[8.39713,56.68956],[8.39698,56.6896],[8.39712,56.68847],[8.39684,56.68755],[8.39467,56.68408],[8.39441,56.68322],[8.39452,56.68245],[8.39505,56.68168],[8.39709,56.67906],[8.39743,56.67897],[8.39787,56.67833],[8.39773,56.67831],[8.39787,56.67809],[8.39858,56.67719],[8.39934,56.67713],[8.39938,56.67667],[8.40015,56.6759],[8.40016,56.67574],[8.39997,56.6757],[8.40015,56.67543],[8.40506,56.6716],[8.4075,56.6704],[8.41904,56.66767],[8.42342,56.66689],[8.44149,56.66529],[8.44152,56.66541],[8.44649,56.665],[8.44644,56.66481],[8.45165,56.66446],[8.45186,56.66433],[8.45505,56.664],[8.45509,56.66416],[8.45775,56.66344],[8.45768,56.66327],[8.472,56.65786],[8.47576,56.65705],[8.47954,56.65678],[8.49175,56.65667],[8.49194,56.65688],[8.49436,56.65685],[8.49436,56.65669],[8.49484,56.65665],[8.50109,56.65661],[8.50121,56.65674],[8.50178,56.65672],[8.50181,56.6566],[8.50406,56.65666],[8.5074,56.65612],[8.50748,56.65627],[8.51063,56.65545],[8.51111,56.65528],[8.51098,56.65516],[8.51454,56.65399],[8.51469,56.65415],[8.51763,56.65314],[8.51751,56.653],[8.51825,56.65273],[8.51833,56.65283],[8.52153,56.65162],[8.5214,56.65149],[8.52064,56.65173],[8.50995,56.65532],[8.50616,56.65617],[8.50174,56.65645],[8.50173,56.65633],[8.50116,56.65646],[8.47841,56.65667],[8.47538,56.65693],[8.47268,56.6575],[8.47071,56.65814],[8.45726,56.66324],[8.4549,56.66384],[8.4517,56.66419],[8.45168,56.664],[8.44937,56.66423],[8.44936,56.6644],[8.4458,56.66471],[8.44574,56.6646],[8.44315,56.66487],[8.44316,56.66498],[8.42488,56.66653],[8.41997,56.6672],[8.40672,56.67033],[8.40441,56.67171],[8.40015,56.67509],[8.39847,56.67666],[8.39868,56.67666],[8.39451,56.68195],[8.3942,56.68248],[8.39411,56.68349],[8.3965,56.68797],[8.39657,56.68963],[8.39581,56.69121],[8.39585,56.69204],[8.39622,56.69299],[8.39742,56.6942],[8.40339,56.69864],[8.40415,56.69972],[8.4043,56.70123],[8.40416,56.70133],[8.40382,56.70301],[8.40359,56.70333],[8.4035,56.70434],[8.40272,56.70602],[8.39859,56.71025],[8.39821,56.71093],[8.39782,56.7122],[8.39785,56.71259],[8.39844,56.71372],[8.3986,56.71477],[8.39892,56.71517],[8.39991,56.71821],[8.40109,56.7193],[8.40584,56.72128],[8.40693,56.72204],[8.40793,56.72323],[8.40813,56.7232],[8.40858,56.72408],[8.41003,56.72612],[8.40984,56.72619],[8.41151,56.72887],[8.4117,56.72884],[8.41232,56.72983],[8.41266,56.7308],[8.41269,56.73179],[8.41215,56.73327],[8.41187,56.73458],[8.41198,56.7362],[8.41179,56.73627],[8.41259,56.7378],[8.41251,56.73799],[8.41284,56.73808],[8.4132,56.7386],[8.41713,56.7448],[8.4175,56.74628],[8.41728,56.74855],[8.4176,56.74855],[8.41796,56.74689],[8.41774,56.74689],[8.41776,56.74602],[8.4175,56.74494],[8.41407,56.73946],[8.41435,56.73934]]]},"properties":{"STRKAFS":342024,"NAVN":"Hvidbjerg - Hurup Thy","HOVER_NAME":"Hvidbjerg - Hurup Thy","TIB":"1034","BANENR":"34","FRA_KM":22.2,"TIL_KM":39.2,"FORKORTELSE":"Hw-Ur","BANENR_NAVN":"(Struer) - Thisted","HVDSTRK_NAVN":"Struer - Thisted","DELSTRK_NAVN":"Struer - Thisted","BTRTYPETEKST":"Fri Bane","BANEKLASSETEKST":"Lokalbane II"}},{"type":"Feature","id":367834,"geometry":{"type":"Polygon","coordinates":[[[8.45033,56.66457],[8.45161,56.66447],[8.45149,56.66402],[8.44985,56.66418],[8.44993,56.6645],[8.45011,56.66449],[8.45033,56.66457]]]},"properties":{"STRKAFS":342027,"NAVN":"Lyngs","HOVER_NAME":"Lyngs","TIB":"1034","BANENR":"34","FRA_KM":26.858,"TIL_KM":26.961000000000002,"FORKORTELSE":"Ln","BANENR_NAVN":"(Struer) - Thisted","HVDSTRK_NAVN":"Struer - Thisted","DELSTRK_NAVN":"Struer - Thisted","BTRTYPETEKST":"Trinbræt","BANEKLASSETEKST":"Lokalbane II"}},{"type":"Feature","id":367835,"geometry":{"type":"Polygon","coordinates":[[[8.39909,56.71385],[8.39844,56.71391],[8.39861,56.71479],[8.39947,56.7147],[8.39925,56.71416],[8.39909,56.71385]]]},"properties":{"STRKAFS":342035,"NAVN":"Ydby","HOVER_NAME":"Ydby","TIB":"1034","BANENR":"34","FRA_KM":35.018,"TIL_KM":35.117000000000004,"FORKORTELSE":"Yd","BANENR_NAVN":"(Struer) - Thisted","HVDSTRK_NAVN":"Struer - Thisted","DELSTRK_NAVN":"Struer - Thisted","BTRTYPETEKST":"Trinbræt","BANEKLASSETEKST":"Lokalbane II"}},{"type":"Feature","id":367836,"geometry":{"type":"Polygon","coordinates":[[[11.28839,55.25208],[11.28851,55.25222],[11.2897,55.25189],[11.29044,55.25112],[11.29092,55.25121],[11.29166,55.2507],[11.29208,55.2509],[11.29275,55.25048],[11.29243,55.25031],[11.29241,55.25014],[11.29324,55.24968],[11.29344,55.24963],[11.29402,55.2499],[11.297,55.24797],[11.29712,55.24786],[11.29686,55.24757],[11.2979,55.24694],[11.3011,55.24593],[11.30456,55.24558],[11.30797,55.24602],[11.31397,55.24788],[11.31674,55.24839],[11.35763,55.25108],[11.36126,55.25154],[11.36704,55.25276],[11.3747,55.25532],[11.40162,55.26483],[11.4042,55.26581],[11.40878,55.26797],[11.41102,55.26955],[11.41659,55.27291],[11.42006,55.27529],[11.42251,55.27775],[11.42378,55.27976],[11.42435,55.28139],[11.42486,55.28471],[11.42528,55.28638],[11.42505,55.28829],[11.42438,55.2896],[11.42356,55.29058],[11.42287,55.29124],[11.42246,55.29118],[11.42037,55.29311],[11.42069,55.29322],[11.42168,55.29246],[11.42548,55.28886],[11.42516,55.28856],[11.42575,55.28654],[11.42571,55.28506],[11.42414,55.28004],[11.42287,55.27785],[11.42143,55.27624],[11.41938,55.27449],[11.41373,55.27089],[11.41311,55.27044],[11.41316,55.27027],[11.41103,55.26893],[11.41077,55.269],[11.40663,55.26665],[11.40342,55.2653],[11.38944,55.26036],[11.3887,55.2599],[11.38759,55.25958],[11.38743,55.25966],[11.38405,55.25829],[11.38394,55.25838],[11.37431,55.25502],[11.37432,55.25488],[11.36671,55.25249],[11.36125,55.25138],[11.35364,55.25054],[11.35137,55.25051],[11.35117,55.25039],[11.3493,55.25024],[11.34774,55.25014],[11.34726,55.25024],[11.33858,55.24971],[11.31644,55.24822],[11.31312,55.24747],[11.30853,55.24597],[11.30603,55.24549],[11.30486,55.24545],[11.30194,55.24559],[11.30002,55.24594],[11.29884,55.2463],[11.29661,55.24741],[11.29593,55.24738],[11.2909,55.25071],[11.29023,55.25097],[11.28944,55.25176],[11.2887,55.25199],[11.28839,55.25208]]]},"properties":{"STRKAFS":416000,"NAVN":"(Dalmose) - Skælskør","HOVER_NAME":"(Dalmose) - Skælskør","TIB":null,"BANENR":"58","FRA_KM":15.458,"TIL_KM":26.778000000000002,"FORKORTELSE":"Da-Ss","BANENR_NAVN":"(Dalmose) - Skælskør","HVDSTRK_NAVN":"Dalmose - (Skælskør)","DELSTRK_NAVN":"(Dalmose) - Skælskør","BTRTYPETEKST":"Fri Bane","BANEKLASSETEKST":"Nedlagt"}},{"type":"Feature","id":367837,"geometry":{"type":"Polygon","coordinates":[[[10.18832,55.34607],[10.18874,55.34541],[10.1889,55.3447],[10.18895,55.34391],[10.18866,55.34152],[10.1888,55.34052],[10.18971,55.3388],[10.19104,55.3376],[10.19983,55.33061],[10.20119,55.32919],[10.2016,55.32853],[10.20185,55.32795],[10.20192,55.32697],[10.2017,55.32614],[10.20105,55.32489],[10.19887,55.32191],[10.19715,55.32086],[10.18332,55.3143],[10.16993,55.30975],[10.15473,55.30366],[10.15473,55.30346],[10.15163,55.30218],[10.15138,55.30228],[10.14266,55.29876],[10.12631,55.28935],[10.1249,55.2884],[10.11793,55.28474],[10.10304,55.27771],[10.10291,55.27761],[10.10312,55.27744],[10.10073,55.27626],[10.09984,55.27617],[10.09558,55.27415],[10.09389,55.27354],[10.08102,55.27137],[10.07806,55.2703],[10.07635,55.26918],[10.07518,55.26761],[10.07411,55.26263],[10.07443,55.26261],[10.07428,55.26165],[10.07392,55.26164],[10.07317,55.25747],[10.07308,55.2567],[10.07346,55.25668],[10.07335,55.25614],[10.07297,55.25615],[10.07263,55.25457],[10.07302,55.25456],[10.07251,55.25184],[10.07217,55.25186],[10.07174,55.24972],[10.07137,55.24898],[10.07162,55.24873],[10.07039,55.24741],[10.06945,55.24675],[10.06901,55.24677],[10.0668,55.24581],[10.06691,55.24567],[10.06376,55.24456],[10.06326,55.24461],[10.03656,55.23511],[10.03379,55.23449],[10.03112,55.23436],[10.02083,55.23516],[10.01076,55.23705],[10.00175,55.23853],[9.99222,55.24094],[9.99008,55.24122],[9.98697,55.24127],[9.98469,55.24154],[9.97571,55.24344],[9.96131,55.24841],[9.93381,55.25381],[9.9308,55.25408],[9.92848,55.25409],[9.90814,55.25374],[9.90427,55.25413],[9.90148,55.2549],[9.89709,55.25675],[9.89532,55.2577],[9.8938,55.25937],[9.89294,55.26145],[9.89172,55.26591],[9.89115,55.2687],[9.89143,55.26872],[9.89163,55.26814],[9.89257,55.26365],[9.89355,55.26034],[9.89393,55.25957],[9.89442,55.259],[9.89537,55.25817],[9.89801,55.25668],[9.90122,55.25521],[9.90341,55.25446],[9.9057,55.25409],[9.93009,55.25424],[9.93395,55.25396],[9.9606,55.24874],[9.96359,55.24788],[9.97499,55.2438],[9.97661,55.2434],[9.97686,55.24336],[9.97686,55.24352],[9.9786,55.24315],[9.98519,55.24158],[9.99159,55.24122],[10.00104,55.23882],[10.01112,55.23718],[10.01618,55.23607],[10.02052,55.23533],[10.03137,55.23448],[10.03281,55.23455],[10.03568,55.23503],[10.0627,55.24455],[10.06309,55.24496],[10.06532,55.24574],[10.0676,55.2463],[10.0691,55.24707],[10.07031,55.248],[10.07112,55.24898],[10.07156,55.24994],[10.07476,55.26727],[10.07526,55.26824],[10.07627,55.26937],[10.0778,55.27036],[10.08075,55.27145],[10.09252,55.27339],[10.09497,55.27405],[10.10045,55.27664],[10.10068,55.27697],[10.10378,55.27845],[10.10397,55.27837],[10.10469,55.27865],[10.11935,55.28563],[10.12202,55.28704],[10.14204,55.29865],[10.15155,55.30253],[10.15203,55.30298],[10.15378,55.30367],[10.15433,55.30365],[10.15512,55.30396],[10.17041,55.31012],[10.18005,55.31327],[10.18319,55.31445],[10.19805,55.32158],[10.19825,55.32177],[10.19804,55.32184],[10.19876,55.32249],[10.20014,55.32426],[10.20031,55.32419],[10.20132,55.32577],[10.20161,55.32722],[10.2013,55.32853],[10.20094,55.32916],[10.20003,55.33015],[10.19162,55.33678],[10.18925,55.33895],[10.18847,55.34054],[10.18872,55.34428],[10.18861,55.34504],[10.18823,55.34577],[10.18698,55.3469],[10.18736,55.34678],[10.18819,55.34605],[10.18832,55.34607]]]},"properties":{"STRKAFS":432000,"NAVN":"(Tommerup) - Assens","HOVER_NAME":"(Tommerup) - Assens","TIB":null,"BANENR":"44","FRA_KM":0,"TIL_KM":28.607000000000003,"FORKORTELSE":"Tp-Ac","BANENR_NAVN":"(Tommerup) - Assens","HVDSTRK_NAVN":"(Tommerup) - Assens","DELSTRK_NAVN":"(Tommerup) - Assens","BTRTYPETEKST":"Fri Bane","BANEKLASSETEKST":"Restbane m/spor"}},{"type":"Feature","id":367838,"geometry":{"type":"Polygon","coordinates":[[[10.33056,55.14849],[10.33069,55.14909],[10.33256,55.1526],[10.33303,55.15306],[10.33435,55.15526],[10.33522,55.15607],[10.33714,55.15726],[10.33917,55.15808],[10.34384,55.15916],[10.34605,55.15992],[10.34756,55.16071],[10.34904,55.16204],[10.34942,55.16261],[10.35004,55.16455],[10.35079,55.16882],[10.35093,55.16998],[10.35083,55.17079],[10.35016,55.17224],[10.34741,55.17552],[10.34509,55.1786],[10.34459,55.17962],[10.34444,55.18022],[10.34449,55.18099],[10.34664,55.19022],[10.34692,55.19073],[10.34785,55.19173],[10.34917,55.19251],[10.34909,55.19266],[10.3495,55.19297],[10.35041,55.19345],[10.35027,55.19356],[10.35158,55.19434],[10.35241,55.19452],[10.35653,55.19697],[10.35847,55.19789],[10.36704,55.20028],[10.36804,55.20042],[10.37722,55.20061],[10.38929,55.20297],[10.39279,55.20339],[10.40427,55.20319],[10.40669,55.2033],[10.41219,55.20448],[10.41966,55.20568],[10.44404,55.2084],[10.44687,55.2089],[10.44854,55.20945],[10.45031,55.21036],[10.46983,55.22328],[10.47125,55.22494],[10.476,55.23184],[10.47651,55.23241],[10.47914,55.2344],[10.47703,55.23266],[10.47596,55.23153],[10.47123,55.22433],[10.46991,55.22304],[10.45247,55.21145],[10.45029,55.21007],[10.44779,55.20896],[10.44571,55.20843],[10.44398,55.20821],[10.4182,55.20532],[10.40812,55.20336],[10.40591,55.20308],[10.39258,55.2032],[10.38887,55.20275],[10.37725,55.20046],[10.36871,55.20028],[10.36712,55.2001],[10.35883,55.19786],[10.35608,55.19644],[10.34878,55.192],[10.34862,55.19204],[10.34738,55.19098],[10.34679,55.18962],[10.3447,55.18098],[10.34501,55.17929],[10.34552,55.17847],[10.35076,55.17186],[10.351,55.17127],[10.35116,55.17017],[10.35071,55.16668],[10.35003,55.16332],[10.34956,55.16219],[10.34797,55.16069],[10.34574,55.15955],[10.34093,55.15824],[10.34024,55.15791],[10.3386,55.15765],[10.33639,55.15669],[10.33515,55.15577],[10.33428,55.15482],[10.33315,55.15291],[10.33305,55.15249],[10.33224,55.15136],[10.33195,55.15062],[10.33114,55.14951],[10.33085,55.1488],[10.33082,55.148],[10.33104,55.1472],[10.33142,55.14657],[10.33487,55.14359],[10.33556,55.14268],[10.33535,55.14262],[10.33114,55.1465],[10.3308,55.14702],[10.33059,55.14806],[10.33056,55.14849]]]},"properties":{"STRKAFS":434000,"NAVN":"(Ringe) - Korinth","HOVER_NAME":"(Ringe) - Korinth","TIB":null,"BANENR":"43","FRA_KM":27.13,"TIL_KM":43.566,"FORKORTELSE":"Re-Krs","BANENR_NAVN":"(Ringe) - Korinth","HVDSTRK_NAVN":"(Ringe) - Korinth","DELSTRK_NAVN":"(Ringe) - Korinth","BTRTYPETEKST":"Fri Bane","BANEKLASSETEKST":"Nedlagt"}},{"type":"Feature","id":367839,"geometry":{"type":"Polygon","coordinates":[[[9.3631,56.45499],[9.36312,56.45516],[9.36583,56.45552],[9.36586,56.45539],[9.37104,56.45571],[9.37519,56.45527],[9.37839,56.45454],[9.38521,56.45179],[9.3894,56.45053],[9.38923,56.45032],[9.38701,56.45099],[9.37928,56.45413],[9.3755,56.45513],[9.37315,56.45543],[9.37066,56.45554],[9.36667,56.45538],[9.36315,56.45492],[9.3631,56.45499]]]},"properties":{"STRKAFS":451000,"NAVN":"Ålestrup - (Viborg)","HOVER_NAME":"Ålestrup - (Viborg)","TIB":null,"BANENR":null,"FRA_KM":35.318000000000005,"TIL_KM":37.095,"FORKORTELSE":"Aat-Vi","BANENR_NAVN":null,"HVDSTRK_NAVN":"Ålestrup - (Viborg)","DELSTRK_NAVN":"Ålestrup - (Viborg)","BTRTYPETEKST":"Fri Bane","BANEKLASSETEKST":"Nedlagt"}},{"type":"Feature","id":367840,"geometry":{"type":"Polygon","coordinates":[[[10.05154,56.45682],[10.05229,56.45647],[10.05366,56.45502],[10.05353,56.45498],[10.05209,56.4564],[10.05078,56.4568],[10.0479,56.45627],[10.04691,56.45598],[10.0465,56.45569],[10.04629,56.45543],[10.04624,56.45493],[10.04677,56.45397],[10.04688,56.45273],[10.04709,56.4523],[10.04794,56.4518],[10.04861,56.45161],[10.05329,56.45088],[10.05343,56.45072],[10.05643,56.45063],[10.05912,56.45087],[10.06437,56.4519],[10.06836,56.45293],[10.0685,56.45277],[10.06449,56.45173],[10.05921,56.4507],[10.05706,56.45047],[10.05372,56.45048],[10.05103,56.45078],[10.04469,56.4521],[10.04413,56.45196],[10.04393,56.45223],[10.0429,56.45241],[10.04101,56.45253],[10.03879,56.4529],[10.03372,56.45287],[10.03259,56.45316],[10.0317,56.4537],[10.03142,56.45396],[10.03129,56.45474],[10.03137,56.45595],[10.03201,56.4558],[10.0319,56.45433],[10.03176,56.45412],[10.03258,56.45343],[10.03385,56.45305],[10.03881,56.45304],[10.0474,56.45185],[10.0467,56.4525],[10.04658,56.45369],[10.04602,56.45491],[10.04613,56.45557],[10.04666,56.45601],[10.05663,56.45844],[10.05364,56.45754],[10.05067,56.45689],[10.05126,56.45687],[10.05154,56.45682]]]},"properties":{"STRKAFS":457000,"NAVN":"(Randers) - Strømmen","HOVER_NAME":"(Randers) - Strømmen","TIB":null,"BANENR":null,"FRA_KM":0.8150000000000001,"TIL_KM":3.365,"FORKORTELSE":"Rd-Stø","BANENR_NAVN":null,"HVDSTRK_NAVN":"(Randers) - Strømmen","DELSTRK_NAVN":"(Randers) - Strømmen","BTRTYPETEKST":"Fri Bane","BANEKLASSETEKST":"Nedlagt"}},{"type":"Feature","id":367841,"geometry":{"type":"Polygon","coordinates":[[[10.14773,56.45159],[10.14501,56.45175],[10.13485,56.45301],[10.12165,56.45304],[10.11926,56.45319],[10.11681,56.45356],[10.10349,56.45657],[10.09903,56.45698],[10.08915,56.45688],[10.08545,56.4566],[10.07703,56.45506],[10.0685,56.45277],[10.06836,56.45293],[10.07634,56.4551],[10.08538,56.45678],[10.08914,56.45706],[10.09903,56.45716],[10.1036,56.45674],[10.11693,56.45373],[10.11933,56.45336],[10.12166,56.45322],[10.13409,56.45324],[10.13689,56.45301],[10.14591,56.45185],[10.14845,56.45177],[10.15103,56.45194],[10.15438,56.45255],[10.16914,56.45679],[10.18359,56.4624],[10.18594,56.46317],[10.20729,56.46689],[10.21161,56.46733],[10.23834,56.46754],[10.2408,56.46739],[10.24663,56.46661],[10.25648,56.46626],[10.29949,56.46632],[10.32398,56.46356],[10.32379,56.46346],[10.30283,56.46583],[10.29881,56.46616],[10.25647,56.46608],[10.24659,56.46644],[10.24074,56.46722],[10.23832,56.46736],[10.21055,56.46709],[10.20739,56.46671],[10.18662,56.46315],[10.1844,56.46249],[10.17084,56.45717],[10.16838,56.45635],[10.154,56.45226],[10.1511,56.45176],[10.14773,56.45159],[10.14773,56.45159]]]},"properties":{"STRKAFS":472000,"NAVN":"(Strømmen) - Allingåbro","HOVER_NAME":"(Strømmen) - Allingåbro","TIB":null,"BANENR":null,"FRA_KM":3.365,"TIL_KM":19.752000000000002,"FORKORTELSE":"Stø-Al","BANENR_NAVN":null,"HVDSTRK_NAVN":"(Strømmen)-Allingåbro","DELSTRK_NAVN":"(Strømmen)-Allingåbro","BTRTYPETEKST":"Fri Bane","BANEKLASSETEKST":"Nedlagt"}},{"type":"Feature","id":367842,"geometry":{"type":"Polygon","coordinates":[[[8.73008,55.46612],[8.7232,55.46566],[8.72317,55.46581],[8.73003,55.46627],[8.73027,55.4665],[8.73352,55.4671],[8.73688,55.46806],[8.73733,55.46799],[8.74001,55.46902],[8.74239,55.47009],[8.75001,55.47459],[8.7542,55.47755],[8.7563,55.47945],[8.75925,55.48289],[8.76107,55.48591],[8.76788,55.49616],[8.7783,55.51333],[8.77978,55.51523],[8.78104,55.51637],[8.78389,55.51817],[8.78713,55.51957],[8.78697,55.5197],[8.79099,55.52118],[8.79071,55.52144],[8.7939,55.52276],[8.79422,55.52254],[8.80235,55.52594],[8.80483,55.52738],[8.80624,55.52861],[8.80715,55.52964],[8.80804,55.53106],[8.81414,55.54419],[8.81558,55.5464],[8.81933,55.55138],[8.82112,55.55345],[8.82207,55.55498],[8.82248,55.556],[8.82231,55.55605],[8.82284,55.55806],[8.82201,55.55778],[8.82227,55.5598],[8.82236,55.56417],[8.82331,55.56459],[8.82328,55.56634],[8.82288,55.56804],[8.8219,55.57027],[8.82175,55.57135],[8.82068,55.57381],[8.81935,55.57568],[8.81772,55.5773],[8.80221,55.58965],[8.80109,55.59094],[8.80034,55.59225],[8.80004,55.59335],[8.80001,55.59479],[8.80042,55.5963],[8.80131,55.59814],[8.81591,55.61107],[8.81714,55.61276],[8.81762,55.61382],[8.81817,55.61595],[8.81867,55.62441],[8.81937,55.63042],[8.81918,55.63041],[8.81935,55.63169],[8.81957,55.63172],[8.81996,55.63664],[8.82012,55.63703],[8.82075,55.64255],[8.82069,55.64272],[8.82047,55.64274],[8.82052,55.64343],[8.82074,55.64334],[8.82073,55.64487],[8.82227,55.65034],[8.8222,55.65063],[8.82341,55.65296],[8.82469,55.65607],[8.82667,55.65919],[8.83412,55.66672],[8.8354,55.66822],[8.83685,55.67068],[8.83752,55.67231],[8.84064,55.68318],[8.84093,55.68498],[8.84142,55.6909],[8.8414,55.69222],[8.84185,55.69378],[8.84269,55.69556],[8.84467,55.69782],[8.84466,55.6982],[8.84675,55.70028],[8.84715,55.70013],[8.84827,55.70105],[8.84782,55.70122],[8.84879,55.70207],[8.85017,55.70273],[8.85325,55.70534],[8.85466,55.70633],[8.85896,55.70884],[8.87812,55.71671],[8.88167,55.71837],[8.89387,55.7254],[8.89433,55.72571],[8.89423,55.72576],[8.89679,55.72727],[8.89714,55.72726],[8.90182,55.72997],[8.90498,55.7315],[8.92068,55.73716],[8.92031,55.73723],[8.92472,55.73883],[8.9246,55.73859],[8.93356,55.74192],[8.93584,55.74292],[8.93808,55.74439],[8.93937,55.74569],[8.94037,55.74747],[8.94064,55.74828],[8.94071,55.74946],[8.94034,55.75088],[8.93986,55.75192],[8.93838,55.7536],[8.93406,55.75711],[8.92827,55.7634],[8.92687,55.76575],[8.92739,55.76579],[8.92765,55.76494],[8.92869,55.76346],[8.92884,55.76348],[8.92864,55.76491],[8.92884,55.76491],[8.92911,55.76314],[8.93135,55.76042],[8.93147,55.76046],[8.93217,55.75982],[8.93414,55.75778],[8.93389,55.75771],[8.93481,55.7567],[8.93701,55.75498],[8.93777,55.75465],[8.93874,55.75387],[8.93851,55.75378],[8.93989,55.7528],[8.93971,55.75276],[8.94009,55.75245],[8.93986,55.75241],[8.94046,55.75152],[8.94096,55.75024],[8.9409,55.74826],[8.94108,55.74824],[8.94101,55.748],[8.94124,55.74798],[8.94064,55.74634],[8.93986,55.74525],[8.93874,55.74421],[8.9381,55.74385],[8.93786,55.74388],[8.93495,55.74222],[8.9244,55.73829],[8.92422,55.73799],[8.91605,55.73504],[8.91599,55.73523],[8.9043,55.73086],[8.90153,55.72953],[8.89685,55.72688],[8.88538,55.72022],[8.88561,55.7201],[8.88217,55.71831],[8.87806,55.71641],[8.86104,55.70955],[8.85785,55.70799],[8.85706,55.70757],[8.85713,55.70726],[8.85459,55.70562],[8.85254,55.70395],[8.85316,55.70375],[8.85244,55.70341],[8.85032,55.70156],[8.84977,55.70154],[8.84564,55.698],[8.8454,55.69805],[8.84382,55.69647],[8.84277,55.695],[8.84215,55.69351],[8.84245,55.69333],[8.84222,55.69233],[8.84195,55.69239],[8.84175,55.69095],[8.84136,55.68576],[8.84077,55.68249],[8.84108,55.68226],[8.8404,55.67984],[8.84002,55.67967],[8.83991,55.67938],[8.83953,55.67788],[8.83979,55.67781],[8.83912,55.67607],[8.8393,55.67594],[8.83826,55.67251],[8.83786,55.67239],[8.83699,55.67017],[8.83622,55.66878],[8.83546,55.66781],[8.82701,55.65904],[8.82733,55.65898],[8.8264,55.65779],[8.82485,55.65519],[8.82393,55.65273],[8.82341,55.65186],[8.82351,55.65147],[8.82313,55.65151],[8.82255,55.6499],[8.82265,55.64837],[8.82211,55.64827],[8.82171,55.64645],[8.82145,55.64593],[8.82156,55.64497],[8.82095,55.64157],[8.82131,55.64129],[8.82117,55.63952],[8.82105,55.63876],[8.82065,55.63867],[8.82003,55.63352],[8.8199,55.63177],[8.82024,55.63171],[8.82015,55.63042],[8.81981,55.63043],[8.81975,55.62889],[8.81961,55.62873],[8.81911,55.62516],[8.81878,55.62138],[8.81881,55.62091],[8.81914,55.62071],[8.81909,55.61928],[8.81896,55.61873],[8.81861,55.61857],[8.8185,55.61605],[8.81802,55.61301],[8.81708,55.61158],[8.81665,55.61146],[8.81405,55.60899],[8.81475,55.60861],[8.81288,55.60749],[8.8111,55.60596],[8.81075,55.6061],[8.80292,55.59913],[8.80111,55.59691],[8.80029,55.59471],[8.80064,55.59232],[8.80148,55.5909],[8.80247,55.58977],[8.81244,55.58181],[8.81289,55.58177],[8.81567,55.57963],[8.81557,55.57936],[8.81799,55.57745],[8.81939,55.57608],[8.82024,55.5751],[8.82097,55.57392],[8.82157,55.57274],[8.82225,55.57082],[8.82242,55.57083],[8.82274,55.57037],[8.82294,55.56908],[8.82376,55.56649],[8.8237,55.56475],[8.82411,55.56492],[8.82406,55.56053],[8.82349,55.56056],[8.82345,55.55948],[8.82393,55.5593],[8.82349,55.55684],[8.82336,55.55684],[8.82306,55.55563],[8.82277,55.55581],[8.82198,55.55405],[8.82129,55.55307],[8.81953,55.55074],[8.81752,55.54848],[8.81456,55.5443],[8.81396,55.54322],[8.8142,55.54299],[8.81282,55.53993],[8.81227,55.53949],[8.80822,55.53054],[8.80721,55.52919],[8.80589,55.52785],[8.8041,55.5266],[8.80411,55.5263],[8.80264,55.52553],[8.79838,55.52369],[8.79717,55.52336],[8.79453,55.52228],[8.79461,55.5222],[8.79076,55.5206],[8.79108,55.52035],[8.78809,55.51909],[8.7878,55.51911],[8.78736,55.51942],[8.78286,55.51731],[8.78147,55.51621],[8.77921,55.51362],[8.77673,55.51023],[8.7712,55.50108],[8.77141,55.50083],[8.76962,55.49797],[8.76916,55.49784],[8.76869,55.49688],[8.76362,55.48913],[8.76398,55.48906],[8.76358,55.48852],[8.76312,55.4884],[8.76097,55.48508],[8.76085,55.48482],[8.76108,55.48456],[8.75988,55.48275],[8.75973,55.48255],[8.75935,55.48258],[8.75719,55.47993],[8.75371,55.47666],[8.75328,55.47599],[8.75253,55.47601],[8.7466,55.47214],[8.74097,55.46915],[8.73471,55.46685],[8.73008,55.46612],[8.73008,55.46612]]]},"properties":{"STRKAFS":491000,"NAVN":"(Bramming) - Grindsted","HOVER_NAME":"(Bramming) - Grindsted","TIB":null,"BANENR":"47","FRA_KM":1.0510000000000002,"TIL_KM":40.79,"FORKORTELSE":"Bm-Gi","BANENR_NAVN":"(Bramming) - Grindsted","HVDSTRK_NAVN":"(Bramming) - Grindsted","DELSTRK_NAVN":"(Bramming) - Grindsted","BTRTYPETEKST":"Fri Bane","BANEKLASSETEKST":"Nedlagt"}},{"type":"Feature","id":367843,"geometry":{"type":"Polygon","coordinates":[[[9.01331,56.1278],[9.03155,56.1251],[9.03653,56.12455],[9.04071,56.12439],[9.04553,56.12465],[9.05048,56.12555],[9.05398,56.12656],[9.05736,56.12798],[9.05819,56.12851],[9.05844,56.12838],[9.05604,56.12717],[9.05375,56.1263],[9.0482,56.12487],[9.0431,56.12432],[9.03934,56.12427],[9.0317,56.12494],[9.01142,56.12775],[8.99961,56.1296],[8.99396,56.1302],[8.99406,56.13058],[9.01189,56.12801],[9.01331,56.1278]]]},"properties":{"STRKAFS":352068,"NAVN":"Hammerum - Herning","HOVER_NAME":"Hammerum - Herning","TIB":"1035","BANENR":"55","FRA_KM":66,"TIL_KM":70.2,"FORKORTELSE":"Hu-Hr","BANENR_NAVN":"(Skanderborg) - (Herning)","HVDSTRK_NAVN":"Skanderborg - Skjern","DELSTRK_NAVN":"Skanderborg - Herning","BTRTYPETEKST":"Fri Bane","BANEKLASSETEKST":"Regionalbane"}},{"type":"Feature","id":367844,"geometry":{"type":"Polygon","coordinates":[[[9.03039,56.12518],[9.02897,56.12532],[9.02902,56.12545],[9.03042,56.12525],[9.03039,56.12518]]]},"properties":{"STRKAFS":352069,"NAVN":"Birk Centerpark","HOVER_NAME":"Birk Centerpark","TIB":"1035","BANENR":"56","FRA_KM":67.87,"TIL_KM":67.96000000000001,"FORKORTELSE":"Bic","BANENR_NAVN":"(Herning) - (Skjern)","HVDSTRK_NAVN":"Skanderborg - Skjern","DELSTRK_NAVN":"Skanderborg - Herning","BTRTYPETEKST":"Trinbræt","BANEKLASSETEKST":"Regionalbane"}},{"type":"Feature","id":367845,"geometry":{"type":"Polygon","coordinates":[[[8.95436,56.12951],[8.95016,56.12786],[8.94783,56.12646],[8.94667,56.12558],[8.94261,56.12145],[8.94241,56.12128],[8.94219,56.12132],[8.94089,56.12],[8.94078,56.11972],[8.94052,56.11974],[8.94003,56.11924],[8.93988,56.11929],[8.9365,56.11594],[8.9346,56.11356],[8.93348,56.11242],[8.92983,56.10962],[8.92763,56.10767],[8.91269,56.0935],[8.91285,56.09347],[8.9123,56.09288],[8.91211,56.09294],[8.91122,56.09214],[8.91123,56.092],[8.90931,56.09009],[8.90768,56.08877],[8.89749,56.07907],[8.89778,56.07899],[8.89548,56.07672],[8.89514,56.07682],[8.89459,56.07632],[8.88143,56.06377],[8.88062,56.06275],[8.88081,56.06272],[8.87998,56.06152],[8.87898,56.05944],[8.87881,56.05948],[8.8784,56.05852],[8.87839,56.05805],[8.87815,56.05788],[8.87774,56.05703],[8.87622,56.05343],[8.87614,56.05296],[8.87636,56.05295],[8.87626,56.05111],[8.87778,56.04715],[8.87792,56.04641],[8.87743,56.04511],[8.87632,56.04369],[8.87485,56.04256],[8.87067,56.04042],[8.8699,56.04],[8.86984,56.03983],[8.86647,56.03824],[8.86016,56.03481],[8.85788,56.03379],[8.85767,56.0339],[8.86704,56.03872],[8.8669,56.0388],[8.86729,56.03903],[8.87249,56.04158],[8.87525,56.04312],[8.87622,56.04388],[8.87671,56.04441],[8.8773,56.04547],[8.87738,56.04759],[8.87612,56.05067],[8.87584,56.05173],[8.87567,56.05173],[8.87568,56.05298],[8.87591,56.05299],[8.87617,56.05416],[8.87777,56.05775],[8.87776,56.05806],[8.87854,56.05951],[8.87836,56.05973],[8.87875,56.06065],[8.88021,56.06286],[8.8804,56.06283],[8.88171,56.06436],[8.8875,56.06981],[8.88739,56.06986],[8.90483,56.0863],[8.90658,56.08804],[8.90805,56.08986],[8.91007,56.09168],[8.91049,56.09171],[8.91128,56.09242],[8.92824,56.10867],[8.93307,56.11262],[8.93672,56.11674],[8.9378,56.11758],[8.94204,56.12158],[8.9419,56.12163],[8.94465,56.12467],[8.94519,56.12454],[8.94692,56.1261],[8.94885,56.12738],[8.94913,56.12782],[8.94914,56.12821],[8.94935,56.12821],[8.94926,56.12757],[8.95219,56.12893],[8.96327,56.13306],[8.96507,56.13339],[8.96906,56.13364],[8.96906,56.1335],[8.96445,56.13307],[8.95534,56.12987],[8.95436,56.12951]]]},"properties":{"STRKAFS":354074,"NAVN":"Herning - Kibæk","HOVER_NAME":"Herning - Kibæk","TIB":"1035","BANENR":"56","FRA_KM":71.8,"TIL_KM":85.4,"FORKORTELSE":"Hr-Kæ","BANENR_NAVN":"(Herning) - (Skjern)","HVDSTRK_NAVN":"Skanderborg - Skjern","DELSTRK_NAVN":"Herning - Skjern","BTRTYPETEKST":"Fri Bane","BANEKLASSETEKST":"Lokalbane II"}},{"type":"Feature","id":367846,"geometry":{"type":"Polygon","coordinates":[[[8.94425,56.12348],[8.94406,56.1233],[8.94356,56.12346],[8.9441,56.12405],[8.94467,56.12388],[8.94425,56.12348]]]},"properties":{"STRKAFS":354075,"NAVN":"Herning Messecenter","HOVER_NAME":"Herning Messecenter","TIB":"1035","BANENR":"56","FRA_KM":73.72800000000001,"TIL_KM":73.803,"FORKORTELSE":"Hrm","BANENR_NAVN":"(Herning) - (Skjern)","HVDSTRK_NAVN":"Skanderborg - Skjern","DELSTRK_NAVN":"Herning - Skjern","BTRTYPETEKST":"Trinbræt","BANEKLASSETEKST":"Lokalbane II"}},{"type":"Feature","id":367847,"geometry":{"type":"Polygon","coordinates":[[[8.91119,56.09196],[8.91032,56.09108],[8.90964,56.09128],[8.91007,56.09168],[8.91049,56.09171],[8.91096,56.09213],[8.91123,56.092],[8.91119,56.09196]]]},"properties":{"STRKAFS":354077,"NAVN":"Studsgård","HOVER_NAME":"Studsgård","TIB":"1035","BANENR":"56","FRA_KM":77.83800000000001,"TIL_KM":77.96000000000001,"FORKORTELSE":"Stu","BANENR_NAVN":"(Herning) - (Skjern)","HVDSTRK_NAVN":"Skanderborg - Skjern","DELSTRK_NAVN":"Herning - Skjern","BTRTYPETEKST":"Trinbræt","BANEKLASSETEKST":"Lokalbane II"}},{"type":"Feature","id":367848,"geometry":{"type":"Polygon","coordinates":[[[8.85509,56.0329],[8.84648,56.03102],[8.84595,56.03102],[8.84586,56.03115],[8.84605,56.03119],[8.84595,56.03139],[8.85457,56.0329],[8.85767,56.0339],[8.85783,56.03377],[8.8557,56.03304],[8.85509,56.0329]]]},"properties":{"STRKAFS":354085,"NAVN":"Kibæk","HOVER_NAME":"Kibæk","TIB":"1035","BANENR":"56","FRA_KM":85.4,"TIL_KM":86.2,"FORKORTELSE":"Kæ","BANENR_NAVN":"(Herning) - (Skjern)","HVDSTRK_NAVN":"Skanderborg - Skjern","DELSTRK_NAVN":"Herning - Skjern","BTRTYPETEKST":"Station","BANEKLASSETEKST":"Lokalbane II"}},{"type":"Feature","id":367849,"geometry":{"type":"Polygon","coordinates":[[[8.83712,56.02916],[8.83118,56.02795],[8.83125,56.02777],[8.8275,56.02704],[8.82704,56.02712],[8.82355,56.02639],[8.81881,56.02493],[8.81756,56.02447],[8.8177,56.02439],[8.80907,56.02144],[8.79736,56.0171],[8.79633,56.01687],[8.78368,56.01234],[8.77714,56.00966],[8.77239,56.0073],[8.7685,56.00504],[8.76193,56.00099],[8.76155,56.00074],[8.76172,56.00068],[8.75761,55.99809],[8.75687,55.99779],[8.75075,55.99402],[8.7511,55.99384],[8.74458,55.99],[8.74484,55.98979],[8.74409,55.98932],[8.74343,55.98916],[8.74167,55.9879],[8.74112,55.98811],[8.73309,55.98316],[8.73189,55.98227],[8.7287,55.98045],[8.72885,55.98039],[8.72229,55.97632],[8.72176,55.97613],[8.70731,55.96721],[8.70569,55.96645],[8.70315,55.96574],[8.70067,55.96548],[8.68313,55.96538],[8.68003,55.96511],[8.66119,55.96157],[8.66129,55.96139],[8.66011,55.96111],[8.66002,55.96133],[8.6486,55.95908],[8.64846,55.9593],[8.68005,55.96533],[8.68395,55.96556],[8.70058,55.96564],[8.70339,55.96596],[8.70553,55.96657],[8.70739,55.96748],[8.7167,55.97326],[8.71655,55.97334],[8.72189,55.97647],[8.7218,55.97658],[8.72496,55.97856],[8.72836,55.98063],[8.72855,55.98058],[8.7322,55.98296],[8.74006,55.98765],[8.744,55.99018],[8.74386,55.99029],[8.74644,55.99186],[8.74627,55.99196],[8.7496,55.99402],[8.75159,55.99485],[8.75703,55.99813],[8.75701,55.99831],[8.76118,56.00091],[8.76138,56.00086],[8.77033,56.00635],[8.77468,56.00871],[8.7787,56.01056],[8.78199,56.01187],[8.79417,56.01627],[8.79665,56.01731],[8.8208,56.02582],[8.82286,56.02643],[8.82686,56.02731],[8.82682,56.02742],[8.83248,56.02844],[8.83412,56.02894],[8.83579,56.02913],[8.84586,56.03115],[8.84595,56.03102],[8.83915,56.02956],[8.83712,56.02916]]]},"properties":{"STRKAFS":354088,"NAVN":"Kibæk - Borris","HOVER_NAME":"Kibæk - Borris","TIB":"1035","BANENR":"56","FRA_KM":86.2,"TIL_KM":101.4,"FORKORTELSE":"Kæ-Bs","BANENR_NAVN":"(Herning) - (Skjern)","HVDSTRK_NAVN":"Skanderborg - Skjern","DELSTRK_NAVN":"Herning - Skjern","BTRTYPETEKST":"Fri Bane","BANEKLASSETEKST":"Lokalbane II"}},{"type":"Feature","id":367850,"geometry":{"type":"Polygon","coordinates":[[[8.74612,55.99093],[8.74493,55.99021],[8.74428,55.99055],[8.74541,55.99124],[8.74575,55.99108],[8.74612,55.99093]]]},"properties":{"STRKAFS":354095,"NAVN":"Troldhede","HOVER_NAME":"Troldhede","TIB":"1035","BANENR":"56","FRA_KM":93.989,"TIL_KM":94.09400000000001,"FORKORTELSE":"Td","BANENR_NAVN":"(Herning) - (Skjern)","HVDSTRK_NAVN":"Skanderborg - Skjern","DELSTRK_NAVN":"Herning - Skjern","BTRTYPETEKST":"Trinbræt","BANEKLASSETEKST":"Lokalbane II"}},{"type":"Feature","id":367851,"geometry":{"type":"Polygon","coordinates":[[[8.64295,55.95794],[8.63646,55.95679],[8.63635,55.95696],[8.64054,55.95797],[8.64065,55.95781],[8.64846,55.9593],[8.6486,55.95908],[8.64366,55.95807],[8.64295,55.95794]]]},"properties":{"STRKAFS":354101,"NAVN":"Borris","HOVER_NAME":"Borris","TIB":"1035","BANENR":"56","FRA_KM":101.4,"TIL_KM":102.2,"FORKORTELSE":"Bs","BANENR_NAVN":"(Herning) - (Skjern)","HVDSTRK_NAVN":"Skanderborg - Skjern","DELSTRK_NAVN":"Herning - Skjern","BTRTYPETEKST":"Station","BANEKLASSETEKST":"Lokalbane II"}},{"type":"Feature","id":367852,"geometry":{"type":"Polygon","coordinates":[[[8.60216,55.95208],[8.50777,55.93954],[8.50469,55.93949],[8.50139,55.94003],[8.49955,55.94055],[8.49861,55.94109],[8.49751,55.94202],[8.49769,55.94209],[8.49972,55.94078],[8.50231,55.93995],[8.50471,55.93961],[8.50771,55.93968],[8.63031,55.95594],[8.63635,55.95696],[8.63646,55.95679],[8.63084,55.95585],[8.60223,55.95208],[8.60216,55.95208]]]},"properties":{"STRKAFS":354104,"NAVN":"Borris - Skjern","HOVER_NAME":"Borris - Skjern","TIB":"1035","BANENR":"56","FRA_KM":102.2,"TIL_KM":111.2,"FORKORTELSE":"Bs-Sj","BANENR_NAVN":"(Herning) - (Skjern)","HVDSTRK_NAVN":"Skanderborg - Skjern","DELSTRK_NAVN":"Herning - Skjern","BTRTYPETEKST":"Fri Bane","BANEKLASSETEKST":"Lokalbane II"}},{"type":"Feature","id":367853,"geometry":{"type":"Polygon","coordinates":[[[10.2133,56.1535],[10.21264,56.15448],[10.21256,56.15541],[10.21279,56.15651],[10.21389,56.1591],[10.21408,56.15907],[10.21295,56.15646],[10.2127,56.1552],[10.21278,56.15459],[10.21336,56.15351],[10.2133,56.1535]]]},"properties":{"STRKAFS":362002,"NAVN":"Aarhus H - Østbanetorvet","HOVER_NAME":"Aarhus H - Østbanetorvet","TIB":"36","BANENR":"36","FRA_KM":0.881,"TIL_KM":1.5150000000000001,"FORKORTELSE":"Ar-Øs","BANENR_NAVN":"(Aarhus H) - Grenaa","HVDSTRK_NAVN":"Aarhus H - Grenaa","DELSTRK_NAVN":"Aarhus H - Grenaa","BTRTYPETEKST":"Fri Bane","BANEKLASSETEKST":"Lokalbane I"}},{"type":"Feature","id":367854,"geometry":{"type":"Polygon","coordinates":[[[10.2176,56.16394],[10.21598,56.16176],[10.21535,56.16114],[10.21408,56.15907],[10.21389,56.1591],[10.21631,56.16301],[10.2161,56.16307],[10.21621,56.16325],[10.21646,56.16346],[10.21666,56.16341],[10.2193,56.16613],[10.2195,56.16607],[10.218,56.16439],[10.2176,56.16394]]]},"properties":{"STRKAFS":362003,"NAVN":"Østbanetorvet","HOVER_NAME":"Østbanetorvet","TIB":"36","BANENR":"36","FRA_KM":1.5150000000000001,"TIL_KM":2.37,"FORKORTELSE":"Øs","BANENR_NAVN":"(Aarhus H) - Grenaa","HVDSTRK_NAVN":"Aarhus H - Grenaa","DELSTRK_NAVN":"Aarhus H - Grenaa","BTRTYPETEKST":"Station","BANEKLASSETEKST":"Lokalbane I"}},{"type":"Feature","id":367855,"geometry":{"type":"Polygon","coordinates":[[[10.23512,56.18106],[10.23502,56.18081],[10.23524,56.18076],[10.23196,56.17766],[10.23039,56.17585],[10.22936,56.1752],[10.22788,56.17379],[10.22472,56.17127],[10.22275,56.16949],[10.2195,56.16607],[10.2193,56.16613],[10.22183,56.16909],[10.22317,56.17043],[10.22622,56.17286],[10.2278,56.17473],[10.22821,56.17473],[10.23034,56.17655],[10.23141,56.17775],[10.23372,56.17981],[10.23421,56.18098],[10.23473,56.18087],[10.23834,56.18662],[10.23862,56.1873],[10.23889,56.18894],[10.23819,56.19206],[10.23763,56.19342],[10.23672,56.19489],[10.23435,56.19786],[10.2346,56.19791],[10.23675,56.19524],[10.23796,56.19326],[10.23852,56.19183],[10.23908,56.18917],[10.23895,56.18753],[10.23857,56.18654],[10.23535,56.18142],[10.23512,56.18106]]]},"properties":{"STRKAFS":362004,"NAVN":"Østbanetorvet - Torsøvej","HOVER_NAME":"Østbanetorvet - Torsøvej","TIB":"36","BANENR":"36","FRA_KM":2.37,"TIL_KM":6.26,"FORKORTELSE":"Øs-Tov","BANENR_NAVN":"(Aarhus H) - Grenaa","HVDSTRK_NAVN":"Aarhus H - Grenaa","DELSTRK_NAVN":"Aarhus H - Grenaa","BTRTYPETEKST":"Fri Bane","BANEKLASSETEKST":"Lokalbane I"}},{"type":"Feature","id":367856,"geometry":{"type":"Polygon","coordinates":[[[10.21878,56.21263],[10.22189,56.21163],[10.22512,56.20992],[10.22503,56.20969],[10.22589,56.20913],[10.23116,56.20225],[10.23147,56.20231],[10.23217,56.20147],[10.23185,56.20138],[10.2346,56.19791],[10.23435,56.19786],[10.23372,56.19872],[10.23358,56.19869],[10.23329,56.19904],[10.22615,56.20815],[10.22577,56.20856],[10.22555,56.20853],[10.22479,56.20952],[10.22378,56.21023],[10.22052,56.2115],[10.22064,56.21162],[10.21922,56.21197],[10.218,56.21162],[10.21754,56.21068],[10.2173,56.21071],[10.21788,56.21179],[10.21886,56.21206],[10.21777,56.21201],[10.21568,56.21158],[10.21317,56.21161],[10.21318,56.21173],[10.21433,56.21169],[10.21335,56.21184],[10.2134,56.21195],[10.21456,56.21175],[10.21594,56.21173],[10.21836,56.21219],[10.21775,56.21232],[10.2178,56.21244],[10.2186,56.21238],[10.21878,56.21263]]]},"properties":{"STRKAFS":362007,"NAVN":"Torsøvej","HOVER_NAME":"Torsøvej","TIB":"36","BANENR":"36","FRA_KM":6.26,"TIL_KM":8.203000000000001,"FORKORTELSE":"Tov","BANENR_NAVN":"(Aarhus H) - Grenaa","HVDSTRK_NAVN":"Aarhus H - Grenaa","DELSTRK_NAVN":"Aarhus H - Grenaa","BTRTYPETEKST":"Station","BANEKLASSETEKST":"Lokalbane I"}},{"type":"Feature","id":367857,"geometry":{"type":"Polygon","coordinates":[[[10.22296,56.22787],[10.21667,56.22637],[10.21653,56.22655],[10.21596,56.22642],[10.21233,56.22538],[10.20947,56.22378],[10.20969,56.22366],[10.20893,56.22305],[10.20858,56.22317],[10.20762,56.22191],[10.20718,56.2209],[10.20693,56.21963],[10.20718,56.21826],[10.20772,56.21786],[10.20781,56.21767],[10.20764,56.21747],[10.20822,56.21656],[10.20965,56.21531],[10.21165,56.21414],[10.21354,56.21342],[10.21568,56.21295],[10.21609,56.21291],[10.21619,56.21319],[10.21746,56.21297],[10.21878,56.21263],[10.21857,56.21231],[10.21334,56.21325],[10.21087,56.21424],[10.2102,56.21435],[10.21024,56.21455],[10.20809,56.21599],[10.20654,56.21786],[10.20651,56.22042],[10.20696,56.22156],[10.2086,56.22361],[10.20954,56.22441],[10.2109,56.22516],[10.21245,56.22583],[10.2151,56.22656],[10.21653,56.22677],[10.22497,56.22879],[10.22747,56.2293],[10.22756,56.22917],[10.22313,56.22812],[10.22296,56.22787]]]},"properties":{"STRKAFS":362010,"NAVN":"Torsøvej - Lystrup","HOVER_NAME":"Torsøvej - Lystrup","TIB":"36","BANENR":"36","FRA_KM":8.203000000000001,"TIL_KM":11.200000000000001,"FORKORTELSE":"Tov-Lp","BANENR_NAVN":"(Aarhus H) - Grenaa","HVDSTRK_NAVN":"Aarhus H - Grenaa","DELSTRK_NAVN":"Aarhus H - Grenaa","BTRTYPETEKST":"Fri Bane","BANEKLASSETEKST":"Lokalbane I"}},{"type":"Feature","id":367858,"geometry":{"type":"Polygon","coordinates":[[[10.23938,56.23177],[10.23746,56.23149],[10.23689,56.23126],[10.23677,56.23098],[10.23637,56.23105],[10.22756,56.22917],[10.22747,56.2293],[10.23695,56.2315],[10.23867,56.23213],[10.24001,56.23231],[10.24015,56.23189],[10.23938,56.23177]]]},"properties":{"STRKAFS":362011,"NAVN":"Lystrup","HOVER_NAME":"Lystrup","TIB":"36","BANENR":"36","FRA_KM":11.200000000000001,"TIL_KM":12.042,"FORKORTELSE":"Lp","BANENR_NAVN":"(Aarhus H) - Grenaa","HVDSTRK_NAVN":"Aarhus H - Grenaa","DELSTRK_NAVN":"Aarhus H - Grenaa","BTRTYPETEKST":"Station","BANEKLASSETEKST":"Lokalbane I"}},{"type":"Feature","id":367859,"geometry":{"type":"Polygon","coordinates":[[[10.29589,56.25566],[10.29503,56.25522],[10.29485,56.2554],[10.29209,56.25421],[10.29234,56.254],[10.2898,56.25297],[10.28841,56.25218],[10.287,56.25174],[10.28673,56.252],[10.28422,56.25096],[10.28439,56.2508],[10.28343,56.2502],[10.28296,56.25042],[10.26707,56.24382],[10.26721,56.24369],[10.26546,56.24288],[10.26549,56.24275],[10.26501,56.24266],[10.26321,56.24141],[10.26131,56.23956],[10.26099,56.23943],[10.25746,56.23535],[10.25658,56.23471],[10.25669,56.23446],[10.25497,56.23359],[10.25475,56.23375],[10.25113,56.23278],[10.24015,56.23189],[10.24001,56.23231],[10.249,56.23299],[10.24905,56.23277],[10.24982,56.23284],[10.25247,56.2332],[10.25461,56.23385],[10.2544,56.23401],[10.25637,56.23508],[10.25652,56.23485],[10.25728,56.23549],[10.26079,56.23946],[10.26104,56.23982],[10.2609,56.24007],[10.2617,56.24092],[10.26195,56.24093],[10.26375,56.24241],[10.26512,56.24321],[10.26826,56.24469],[10.27019,56.24536],[10.29288,56.25469],[10.29706,56.25682],[10.29967,56.2588],[10.30019,56.25864],[10.29827,56.25704],[10.29624,56.25584],[10.29589,56.25566]]]},"properties":{"STRKAFS":362014,"NAVN":"Lystrup - Skødstrup","HOVER_NAME":"Lystrup - Skødstrup","TIB":"36","BANENR":"36","FRA_KM":12.042,"TIL_KM":16.993000000000002,"FORKORTELSE":"Lp-Øds","BANENR_NAVN":"(Aarhus H) - Grenaa","HVDSTRK_NAVN":"Aarhus H - Grenaa","DELSTRK_NAVN":"Aarhus H - Grenaa","BTRTYPETEKST":"Fri Bane","BANEKLASSETEKST":"Lokalbane I"}},{"type":"Feature","id":367860,"geometry":{"type":"Polygon","coordinates":[[[10.26834,56.24436],[10.26819,56.2443],[10.26798,56.2445],[10.27045,56.24549],[10.27064,56.24536],[10.26845,56.24447],[10.26853,56.24439],[10.26834,56.24436]]]},"properties":{"STRKAFS":362015,"NAVN":"Hjortshøj","HOVER_NAME":"Hjortshøj","TIB":"36","BANENR":"36","FRA_KM":14.446000000000002,"TIL_KM":14.636000000000001,"FORKORTELSE":"Ht","BANENR_NAVN":"(Aarhus H) - Grenaa","HVDSTRK_NAVN":"Aarhus H - Grenaa","DELSTRK_NAVN":"Aarhus H - Grenaa","BTRTYPETEKST":"Trinbræt","BANEKLASSETEKST":"Lokalbane I"}},{"type":"Feature","id":367861,"geometry":{"type":"Polygon","coordinates":[[[10.30131,56.25965],[10.30019,56.25864],[10.29967,56.2588],[10.30114,56.26019],[10.30092,56.26031],[10.30276,56.26199],[10.30286,56.26242],[10.3036,56.26253],[10.3061,56.26457],[10.30633,56.26449],[10.30457,56.26278],[10.30402,56.26242],[10.30396,56.26212],[10.30268,56.26122],[10.30105,56.25976],[10.30131,56.25965]]]},"properties":{"STRKAFS":362017,"NAVN":"Skødstrup","HOVER_NAME":"Skødstrup","TIB":"36","BANENR":"36","FRA_KM":16.993000000000002,"TIL_KM":17.75,"FORKORTELSE":"Øds","BANENR_NAVN":"(Aarhus H) - Grenaa","HVDSTRK_NAVN":"Aarhus H - Grenaa","DELSTRK_NAVN":"Aarhus H - Grenaa","BTRTYPETEKST":"Station","BANEKLASSETEKST":"Lokalbane I"}},{"type":"Feature","id":367862,"geometry":{"type":"Polygon","coordinates":[[[10.30698,56.31124],[10.30673,56.31095],[10.30643,56.31103],[10.30618,56.31069],[10.30456,56.30845],[10.30415,56.30748],[10.3041,56.3067],[10.30426,56.30587],[10.3046,56.30518],[10.30529,56.3044],[10.30517,56.30437],[10.30586,56.30375],[10.30893,56.30165],[10.30913,56.30185],[10.31008,56.30134],[10.31061,56.30083],[10.31037,56.30072],[10.31197,56.2998],[10.31541,56.29743],[10.31593,56.29727],[10.31764,56.29597],[10.32043,56.29445],[10.32091,56.29392],[10.32275,56.29266],[10.32327,56.2925],[10.32517,56.29099],[10.32598,56.28999],[10.32683,56.28807],[10.32678,56.28745],[10.32717,56.28749],[10.32699,56.28628],[10.32663,56.28632],[10.32571,56.28443],[10.32409,56.28284],[10.32442,56.28274],[10.32368,56.28195],[10.32333,56.28198],[10.32211,56.2807],[10.3225,56.28069],[10.32118,56.27927],[10.32066,56.27918],[10.31912,56.27749],[10.31943,56.2774],[10.3188,56.27675],[10.31849,56.27685],[10.31772,56.27586],[10.31795,56.27577],[10.31561,56.27327],[10.31531,56.27337],[10.31335,56.27132],[10.31315,56.2711],[10.31348,56.27104],[10.31092,56.26828],[10.31025,56.26765],[10.30987,56.26769],[10.30958,56.26749],[10.30633,56.26449],[10.3061,56.26457],[10.31075,56.26882],[10.31649,56.27495],[10.3174,56.27596],[10.31737,56.27612],[10.31848,56.27708],[10.32526,56.28439],[10.32587,56.28533],[10.32627,56.28658],[10.32633,56.28729],[10.32597,56.28855],[10.32614,56.28866],[10.32568,56.28966],[10.32468,56.29093],[10.32333,56.29206],[10.31944,56.29442],[10.31676,56.29638],[10.30634,56.30307],[10.3047,56.30451],[10.30396,56.30575],[10.30382,56.30628],[10.30391,56.30775],[10.3044,56.3088],[10.30768,56.3132],[10.30885,56.31454],[10.31114,56.31778],[10.31183,56.31852],[10.31213,56.31845],[10.31165,56.31758],[10.30907,56.31449],[10.30938,56.31441],[10.30783,56.31223],[10.30736,56.31213],[10.30709,56.31184],[10.30745,56.31184],[10.30724,56.31155],[10.30698,56.31124]]]},"properties":{"STRKAFS":362018,"NAVN":"Skødstrup - Hornslet","HOVER_NAME":"Skødstrup - Hornslet","TIB":"36","BANENR":"36","FRA_KM":17.75,"TIL_KM":24.64,"FORKORTELSE":"Øds-Os","BANENR_NAVN":"(Aarhus H) - Grenaa","HVDSTRK_NAVN":"Aarhus H - Grenaa","DELSTRK_NAVN":"Aarhus H - Grenaa","BTRTYPETEKST":"Fri Bane","BANEKLASSETEKST":"Lokalbane I"}},{"type":"Feature","id":367863,"geometry":{"type":"Polygon","coordinates":[[[10.31795,56.27577],[10.31732,56.2751],[10.31675,56.27524],[10.31775,56.27649],[10.31813,56.27676],[10.31836,56.27669],[10.31772,56.27586],[10.31795,56.27577]]]},"properties":{"STRKAFS":362019,"NAVN":"Løgten","HOVER_NAME":"Løgten","TIB":"36","BANENR":"36","FRA_KM":19.112000000000002,"TIL_KM":19.301000000000002,"FORKORTELSE":"Lt","BANENR_NAVN":"(Aarhus H) - Grenaa","HVDSTRK_NAVN":"Aarhus H - Grenaa","DELSTRK_NAVN":"Aarhus H - Grenaa","BTRTYPETEKST":"Trinbræt","BANEKLASSETEKST":"Lokalbane I"}},{"type":"Feature","id":367864,"geometry":{"type":"Polygon","coordinates":[[[10.31493,56.32159],[10.31398,56.32036],[10.31374,56.32039],[10.31326,56.31971],[10.31308,56.31974],[10.31213,56.31845],[10.31183,56.31852],[10.31352,56.32064],[10.3134,56.3207],[10.31379,56.32121],[10.3136,56.32126],[10.31543,56.32362],[10.31598,56.32388],[10.31684,56.32496],[10.31704,56.32492],[10.31679,56.3246],[10.31715,56.32452],[10.31493,56.32159]]]},"properties":{"STRKAFS":362025,"NAVN":"Hornslet","HOVER_NAME":"Hornslet","TIB":"36","BANENR":"36","FRA_KM":24.64,"TIL_KM":25.424,"FORKORTELSE":"Os","BANENR_NAVN":"(Aarhus H) - Grenaa","HVDSTRK_NAVN":"Aarhus H - Grenaa","DELSTRK_NAVN":"Aarhus H - Grenaa","BTRTYPETEKST":"Station","BANEKLASSETEKST":"Lokalbane I"}},{"type":"Feature","id":367865,"geometry":{"type":"Polygon","coordinates":[[[10.4785,56.37528],[10.46802,56.36853],[10.46659,56.36757],[10.46681,56.36744],[10.46516,56.36637],[10.46409,56.3658],[10.46326,56.36567],[10.45815,56.3632],[10.45686,56.36228],[10.45141,56.35773],[10.44992,56.35679],[10.44865,56.35624],[10.4468,56.3557],[10.44456,56.35536],[10.44202,56.3553],[10.43824,56.3556],[10.43822,56.35543],[10.43745,56.35546],[10.43636,56.35553],[10.43638,56.35567],[10.43329,56.3558],[10.42955,56.35549],[10.42636,56.35481],[10.42194,56.35349],[10.42211,56.35332],[10.41284,56.35014],[10.41279,56.35025],[10.41197,56.3501],[10.41145,56.34981],[10.40889,56.34906],[10.40844,56.34889],[10.40863,56.34871],[10.40497,56.34747],[10.40478,56.34764],[10.40045,56.34615],[10.40064,56.34598],[10.39993,56.34574],[10.39436,56.34415],[10.39408,56.34428],[10.37656,56.33945],[10.37661,56.33935],[10.3763,56.3392],[10.37551,56.33914],[10.36994,56.33757],[10.36676,56.33718],[10.36452,56.33724],[10.36243,56.33753],[10.36,56.33828],[10.35753,56.33954],[10.35219,56.34319],[10.35033,56.34418],[10.34912,56.34462],[10.3475,56.34496],[10.34505,56.34519],[10.34262,56.34509],[10.34093,56.34482],[10.33706,56.34335],[10.3346,56.34202],[10.33446,56.34191],[10.33474,56.34176],[10.33112,56.33971],[10.33084,56.33986],[10.32917,56.33891],[10.32696,56.33735],[10.32505,56.33539],[10.32275,56.33234],[10.32309,56.33227],[10.31979,56.328],[10.31946,56.32807],[10.31898,56.32745],[10.31887,56.32695],[10.31819,56.32641],[10.31704,56.32492],[10.31684,56.32496],[10.31805,56.32655],[10.31821,56.32709],[10.31942,56.32834],[10.32446,56.33507],[10.32661,56.33733],[10.32834,56.33861],[10.33745,56.34391],[10.33968,56.34478],[10.34163,56.34526],[10.34344,56.34545],[10.34614,56.34539],[10.34834,56.34498],[10.35158,56.34405],[10.35369,56.34271],[10.35494,56.34165],[10.3575,56.34004],[10.35803,56.33985],[10.35909,56.33901],[10.35931,56.3391],[10.36179,56.33816],[10.36383,56.33774],[10.36671,56.33749],[10.3668,56.33734],[10.36919,56.33757],[10.38456,56.34178],[10.3903,56.34353],[10.39853,56.3457],[10.42397,56.35444],[10.42696,56.35526],[10.43289,56.35591],[10.43699,56.35588],[10.44345,56.3555],[10.4479,56.35615],[10.4494,56.35675],[10.45079,56.35755],[10.45785,56.36321],[10.46529,56.36694],[10.47652,56.37423],[10.47618,56.37434],[10.47698,56.37491],[10.47748,56.37483],[10.4835,56.37883],[10.48521,56.37975],[10.48672,56.3803],[10.49021,56.38094],[10.49025,56.3808],[10.48733,56.38032],[10.48548,56.37967],[10.4841,56.37894],[10.47962,56.37601],[10.4785,56.37528]]]},"properties":{"STRKAFS":362026,"NAVN":"Hornslet - Ryomgård","HOVER_NAME":"Hornslet - Ryomgård","TIB":"36","BANENR":"36","FRA_KM":25.424,"TIL_KM":39.517,"FORKORTELSE":"Os-Rå","BANENR_NAVN":"(Aarhus H) - Grenaa","HVDSTRK_NAVN":"Aarhus H - Grenaa","DELSTRK_NAVN":"Aarhus H - Grenaa","BTRTYPETEKST":"Fri Bane","BANEKLASSETEKST":"Lokalbane I"}},{"type":"Feature","id":367866,"geometry":{"type":"Polygon","coordinates":[[[10.21335,56.1574],[10.21317,56.15696],[10.21299,56.15698],[10.21327,56.15763],[10.21344,56.15761],[10.21337,56.15745],[10.21335,56.1574]]]},"properties":{"STRKAFS":362027,"NAVN":"Skolebakken","HOVER_NAME":"Skolebakken","TIB":"36","BANENR":"36","FRA_KM":1.274,"TIL_KM":1.348,"FORKORTELSE":"Bak","BANENR_NAVN":"(Aarhus H) - Grenaa","HVDSTRK_NAVN":"Aarhus H - Grenaa","DELSTRK_NAVN":"Aarhus H - Grenaa","BTRTYPETEKST":"Trinbræt","BANEKLASSETEKST":"Lokalbane I"}},{"type":"Feature","id":367867,"geometry":{"type":"Polygon","coordinates":[[[10.3763,56.3392],[10.3756,56.33907],[10.37517,56.3392],[10.37668,56.33963],[10.3768,56.33951],[10.37656,56.33945],[10.37661,56.33935],[10.3763,56.3392]]]},"properties":{"STRKAFS":362031,"NAVN":"Mørke","HOVER_NAME":"Mørke","TIB":"36","BANENR":"36","FRA_KM":30.677000000000003,"TIL_KM":30.783,"FORKORTELSE":"Mr","BANENR_NAVN":"(Aarhus H) - Grenaa","HVDSTRK_NAVN":"Aarhus H - Grenaa","DELSTRK_NAVN":"Aarhus H - Grenaa","BTRTYPETEKST":"Trinbræt","BANEKLASSETEKST":"Lokalbane I"}},{"type":"Feature","id":367868,"geometry":{"type":"Polygon","coordinates":[[[10.23166,56.1772],[10.23127,56.17683],[10.23079,56.17699],[10.23113,56.17736],[10.23136,56.17729],[10.23166,56.1772]]]},"properties":{"STRKAFS":362037,"NAVN":"Den Permanente","HOVER_NAME":"Den Permanente","TIB":"36","BANENR":"36","FRA_KM":3.7750000000000004,"TIL_KM":3.8230000000000004,"FORKORTELSE":"Per","BANENR_NAVN":"(Aarhus H) - Grenaa","HVDSTRK_NAVN":"Aarhus H - Grenaa","DELSTRK_NAVN":"Aarhus H - Grenaa","BTRTYPETEKST":"Trinbræt","BANEKLASSETEKST":"Lokalbane I"}},{"type":"Feature","id":367869,"geometry":{"type":"Polygon","coordinates":[[[10.49416,56.38085],[10.50171,56.3801],[10.50165,56.37997],[10.50645,56.37917],[10.50872,56.37858],[10.5085,56.37832],[10.50511,56.3792],[10.49717,56.38017],[10.49432,56.38022],[10.49412,56.38065],[10.49189,56.38087],[10.49025,56.3808],[10.49021,56.38094],[10.49083,56.38125],[10.49321,56.38097],[10.49416,56.38085]]]},"properties":{"STRKAFS":362041,"NAVN":"Ryomgård","HOVER_NAME":"Ryomgård","TIB":"36","BANENR":"36","FRA_KM":39.517,"TIL_KM":40.695,"FORKORTELSE":"Rå","BANENR_NAVN":"(Aarhus H) - Grenaa","HVDSTRK_NAVN":"Aarhus H - Grenaa","DELSTRK_NAVN":"Aarhus H - Grenaa","BTRTYPETEKST":"Station","BANEKLASSETEKST":"Lokalbane I"}},{"type":"Feature","id":367870,"geometry":{"type":"Polygon","coordinates":[[[10.86514,56.38491],[10.86426,56.38433],[10.86206,56.38373],[10.85233,56.38118],[10.8522,56.38133],[10.84161,56.37859],[10.84185,56.3784],[10.83972,56.37777],[10.83955,56.37757],[10.83757,56.37685],[10.83761,56.37703],[10.8367,56.37668],[10.83654,56.37679],[10.8305,56.37429],[10.83049,56.37401],[10.82964,56.37372],[10.82944,56.37387],[10.8279,56.37336],[10.82809,56.37319],[10.82329,56.37167],[10.8232,56.37185],[10.82191,56.37149],[10.82205,56.37124],[10.82015,56.37081],[10.82001,56.37099],[10.81914,56.37081],[10.81588,56.37006],[10.81578,56.36985],[10.80269,56.36706],[10.80264,56.36724],[10.80214,56.36707],[10.80119,56.36653],[10.79938,56.36594],[10.79936,56.36563],[10.79687,56.36401],[10.79641,56.36408],[10.79553,56.36352],[10.79596,56.36353],[10.79409,56.36235],[10.79356,56.36231],[10.78783,56.35867],[10.78805,56.3585],[10.78656,56.35756],[10.78627,56.3577],[10.78494,56.35668],[10.78226,56.35514],[10.78253,56.35497],[10.78079,56.35394],[10.78063,56.35411],[10.77838,56.35265],[10.77861,56.3525],[10.77669,56.35146],[10.77655,56.35163],[10.77527,56.35118],[10.77239,56.35058],[10.76747,56.34999],[10.76763,56.34972],[10.76578,56.34954],[10.76516,56.34974],[10.75807,56.34886],[10.75815,56.34868],[10.75458,56.34822],[10.75457,56.34808],[10.75228,56.34809],[10.75066,56.34791],[10.75073,56.34772],[10.74695,56.34729],[10.74618,56.34729],[10.74615,56.34744],[10.74556,56.3474],[10.74555,56.3472],[10.74483,56.34718],[10.74477,56.34737],[10.71063,56.34603],[10.71064,56.34583],[10.70717,56.34556],[10.7047,56.34518],[10.7046,56.34536],[10.70357,56.34522],[10.7037,56.34503],[10.70177,56.34472],[10.70158,56.34482],[10.69803,56.34454],[10.69579,56.34484],[10.69591,56.34501],[10.69455,56.34529],[10.68287,56.34879],[10.68266,56.34857],[10.67673,56.35047],[10.67684,56.35057],[10.66986,56.35267],[10.66977,56.35255],[10.6686,56.35272],[10.66353,56.35431],[10.66041,56.3551],[10.65748,56.35555],[10.65567,56.35559],[10.65526,56.35589],[10.64931,56.35571],[10.64781,56.35579],[10.64332,56.35665],[10.64317,56.35647],[10.64113,56.35699],[10.64107,56.35721],[10.63901,56.35768],[10.63677,56.35845],[10.63015,56.36266],[10.62777,56.36383],[10.62675,56.36405],[10.62631,56.36443],[10.6238,56.36537],[10.6221,56.36579],[10.61979,56.36607],[10.61684,56.36596],[10.6135,56.36541],[10.61361,56.3652],[10.60722,56.36409],[10.60309,56.36338],[10.60298,56.36357],[10.59478,56.36212],[10.59266,56.36213],[10.58959,56.36239],[10.58687,56.36287],[10.58495,56.36345],[10.58213,56.36486],[10.57972,56.3664],[10.57793,56.36718],[10.57689,56.36809],[10.57155,56.37096],[10.56603,56.37269],[10.55989,56.37429],[10.55585,56.37466],[10.55202,56.37475],[10.55201,56.37442],[10.54942,56.3745],[10.54946,56.37479],[10.54529,56.37487],[10.54531,56.3747],[10.54196,56.37476],[10.54155,56.37494],[10.53487,56.37501],[10.53485,56.37485],[10.53249,56.37479],[10.53253,56.37497],[10.52912,56.37485],[10.52221,56.3752],[10.51896,56.37571],[10.5099,56.37808],[10.5085,56.37832],[10.50872,56.37858],[10.51951,56.37578],[10.52273,56.37535],[10.52908,56.37502],[10.54231,56.37526],[10.5423,56.37508],[10.55726,56.37478],[10.56206,56.37412],[10.56562,56.3732],[10.56557,56.37301],[10.57003,56.37177],[10.57288,56.37069],[10.58361,56.36474],[10.5849,56.36425],[10.58485,56.36401],[10.58591,56.36346],[10.58828,56.36288],[10.59233,56.36232],[10.59396,56.36227],[10.59558,56.36244],[10.61473,56.36586],[10.61829,56.36622],[10.62171,56.36605],[10.62443,56.36535],[10.6264,56.36461],[10.62695,56.36457],[10.63009,56.36296],[10.63648,56.35894],[10.63921,56.35782],[10.64586,56.35626],[10.64807,56.35601],[10.65553,56.35611],[10.65799,56.35602],[10.66025,56.35571],[10.66693,56.35394],[10.67005,56.35299],[10.66994,56.35282],[10.67484,56.35146],[10.67697,56.35072],[10.67711,56.35088],[10.68029,56.34996],[10.68337,56.34901],[10.68322,56.34886],[10.69473,56.34543],[10.69597,56.34514],[10.69608,56.34532],[10.699,56.34505],[10.69901,56.34493],[10.70094,56.34496],[10.70689,56.34588],[10.70927,56.3461],[10.74622,56.34759],[10.74619,56.34778],[10.75051,56.34825],[10.75059,56.34806],[10.75255,56.34831],[10.75245,56.34851],[10.7579,56.34919],[10.75805,56.349],[10.7749,56.35131],[10.77466,56.35158],[10.77708,56.35215],[10.77775,56.35252],[10.78212,56.35529],[10.78436,56.35689],[10.78622,56.35784],[10.79398,56.36283],[10.80068,56.3669],[10.80365,56.36767],[10.80364,56.3679],[10.80606,56.36844],[10.80895,56.36902],[10.80906,56.36885],[10.8207,56.37131],[10.82973,56.3742],[10.83424,56.37612],[10.8345,56.37637],[10.84029,56.37866],[10.84384,56.37955],[10.84401,56.3794],[10.84463,56.37952],[10.86439,56.385],[10.8644,56.38482],[10.86637,56.38572],[10.87093,56.38887],[10.87174,56.3898],[10.87225,56.39071],[10.87258,56.39472],[10.87275,56.39999],[10.87127,56.40721],[10.87127,56.40784],[10.87153,56.40782],[10.87307,56.39993],[10.87284,56.39337],[10.87295,56.39247],[10.87274,56.39243],[10.87266,56.39112],[10.8721,56.38984],[10.87121,56.38874],[10.86743,56.38607],[10.866,56.38529],[10.86514,56.38491]]]},"properties":{"STRKAFS":362042,"NAVN":"Ryomgård - Grenaa","HOVER_NAME":"Ryomgård - Grenaa","TIB":"36","BANENR":"36","FRA_KM":40.695,"TIL_KM":68.07600000000001,"FORKORTELSE":"Rå-Gr","BANENR_NAVN":"(Aarhus H) - Grenaa","HVDSTRK_NAVN":"Aarhus H - Grenaa","DELSTRK_NAVN":"Aarhus H - Grenaa","BTRTYPETEKST":"Fri Bane","BANEKLASSETEKST":"Lokalbane I"}},{"type":"Feature","id":367871,"geometry":{"type":"Polygon","coordinates":[[[10.58829,56.3628],[10.5882,56.3626],[10.58679,56.3629],[10.58699,56.36315],[10.58833,56.36287],[10.58829,56.3628]]]},"properties":{"STRKAFS":362047,"NAVN":"Kolind","HOVER_NAME":"Kolind","TIB":"36","BANENR":"36","FRA_KM":46.065000000000005,"TIL_KM":46.155,"FORKORTELSE":"Ko","BANENR_NAVN":"(Aarhus H) - Grenaa","HVDSTRK_NAVN":"Aarhus H - Grenaa","DELSTRK_NAVN":"Aarhus H - Grenaa","BTRTYPETEKST":"Trinbræt","BANEKLASSETEKST":"Lokalbane I"}},{"type":"Feature","id":367872,"geometry":{"type":"Polygon","coordinates":[[[10.23756,56.19378],[10.23743,56.19376],[10.2363,56.19541],[10.23656,56.19547],[10.23768,56.1938],[10.23756,56.19378]]]},"properties":{"STRKAFS":362057,"NAVN":"Vestre Strandallé","HOVER_NAME":"Vestre Strandallé","TIB":"36","BANENR":"36","FRA_KM":5.765000000000001,"TIL_KM":5.962000000000001,"FORKORTELSE":"Vsa","BANENR_NAVN":"(Aarhus H) - Grenaa","HVDSTRK_NAVN":"Aarhus H - Grenaa","DELSTRK_NAVN":"Aarhus H - Grenaa","BTRTYPETEKST":"Trinbræt","BANEKLASSETEKST":"Lokalbane I"}},{"type":"Feature","id":367873,"geometry":{"type":"Polygon","coordinates":[[[10.77233,56.35057],[10.7711,56.35039],[10.77092,56.35075],[10.77216,56.35091],[10.77223,56.35077],[10.77233,56.35057]]]},"properties":{"STRKAFS":362059,"NAVN":"Trustrup","HOVER_NAME":"Trustrup","TIB":"36","BANENR":"36","FRA_KM":58.275000000000006,"TIL_KM":58.354000000000006,"FORKORTELSE":"Tu","BANENR_NAVN":"(Aarhus H) - Grenaa","HVDSTRK_NAVN":"Aarhus H - Grenaa","DELSTRK_NAVN":"Aarhus H - Grenaa","BTRTYPETEKST":"Trinbræt","BANEKLASSETEKST":"Lokalbane I"}},{"type":"Feature","id":367874,"geometry":{"type":"Polygon","coordinates":[[[10.25549,56.23382],[10.25488,56.23424],[10.25572,56.23468],[10.25639,56.23429],[10.25596,56.23406],[10.25549,56.23382]]]},"properties":{"STRKAFS":362145,"NAVN":"Hovmarken","HOVER_NAME":"Hovmarken","TIB":"36","BANENR":"36","FRA_KM":13.017000000000001,"TIL_KM":13.092,"FORKORTELSE":"Lpt","BANENR_NAVN":"(Aarhus H) - Grenaa","HVDSTRK_NAVN":"Aarhus H - Grenaa","DELSTRK_NAVN":"Aarhus H - Grenaa","BTRTYPETEKST":"Trinbræt","BANEKLASSETEKST":"Lokalbane I"}},{"type":"Feature","id":367875,"geometry":{"type":"MultiPolygon","coordinates":[[[[10.92051,56.42352],[10.92203,56.42287],[10.92319,56.4215],[10.92332,56.42108],[10.9226,56.41865],[10.92498,56.42172],[10.92519,56.42167],[10.92245,56.41779],[10.9209,56.41611],[10.92051,56.41339],[10.91922,56.41227],[10.91819,56.41187],[10.91923,56.4118],[10.91917,56.4115],[10.91414,56.41184],[10.91205,56.41179],[10.91071,56.41208],[10.91181,56.41195],[10.91412,56.41212],[10.91779,56.41192],[10.91859,56.41214],[10.92011,56.41325],[10.92053,56.41455],[10.92042,56.41606],[10.92065,56.41651],[10.9222,56.41811],[10.92223,56.41886],[10.92288,56.42082],[10.92272,56.42162],[10.92191,56.42263],[10.9207,56.4233],[10.91903,56.42347],[10.91695,56.42308],[10.91655,56.42287],[10.91606,56.42229],[10.91604,56.4218],[10.91581,56.42179],[10.91575,56.42216],[10.91595,56.42264],[10.91633,56.423],[10.91311,56.42244],[10.9125,56.42215],[10.9121,56.42162],[10.91212,56.4211],[10.91255,56.41975],[10.91222,56.41972],[10.91161,56.42162],[10.91179,56.42207],[10.91221,56.42235],[10.91127,56.42221],[10.91124,56.42235],[10.91375,56.42275],[10.91365,56.4229],[10.91493,56.42313],[10.91981,56.42361],[10.92051,56.42352]]],[[[10.87886,56.41215],[10.87649,56.41134],[10.87325,56.40989],[10.87201,56.40894],[10.87153,56.40782],[10.87127,56.40784],[10.87154,56.40861],[10.87257,56.40973],[10.87608,56.41143],[10.87983,56.41283],[10.88478,56.41335],[10.88142,56.41282],[10.87882,56.41221],[10.87886,56.41215]]]]},"properties":{"STRKAFS":363000,"NAVN":"Grenaa","HOVER_NAME":"Grenaa","TIB":"36","BANENR":"36","FRA_KM":68.07600000000001,"TIL_KM":69.169,"FORKORTELSE":"Gr","BANENR_NAVN":"(Aarhus H) - Grenaa","HVDSTRK_NAVN":"Aarhus H - Grenaa","DELSTRK_NAVN":"Grenaa","BTRTYPETEKST":"Station","BANEKLASSETEKST":"Lokalbane I"}},{"type":"Feature","id":367876,"geometry":{"type":"Polygon","coordinates":[[[10.8972,56.41423],[10.91071,56.41208],[10.91634,56.41053],[10.91871,56.41008],[10.9205,56.41009],[10.92163,56.4106],[10.92196,56.41093],[10.92565,56.41127],[10.92568,56.41116],[10.92257,56.41076],[10.92077,56.41005],[10.92444,56.41027],[10.92448,56.41013],[10.91908,56.40991],[10.91666,56.41029],[10.91106,56.41187],[10.89654,56.41417],[10.89383,56.41419],[10.88479,56.41327],[10.88474,56.41344],[10.89425,56.41434],[10.89559,56.41441],[10.89672,56.41429],[10.8972,56.41423]]]},"properties":{"STRKAFS":363901,"NAVN":"Grenaa Havn","HOVER_NAME":"Grenaa Havn","TIB":null,"BANENR":"36","FRA_KM":0,"TIL_KM":0,"FORKORTELSE":"Gr.H","BANENR_NAVN":"(Aarhus H) - Grenaa","HVDSTRK_NAVN":"Aarhus H - Grenaa","DELSTRK_NAVN":"Grenaa","BTRTYPETEKST":"Teknisk Station","BANEKLASSETEKST":"Lokalbane I"}},{"type":"Feature","id":367877,"geometry":{"type":"Polygon","coordinates":[[[11.33084,55.40167],[11.33127,55.40314],[11.33174,55.40384],[11.33323,55.4052],[11.33477,55.40603],[11.33493,55.40592],[11.33409,55.40553],[11.33266,55.40453],[11.33268,55.4043],[11.33174,55.40312],[11.33143,55.40219],[11.33135,55.40129],[11.33118,55.40107],[11.33191,55.39939],[11.33343,55.39797],[11.33586,55.3968],[11.34853,55.39313],[11.35142,55.39182],[11.3563,55.38879],[11.35827,55.38739],[11.36641,55.38253],[11.36633,55.38239],[11.37666,55.37601],[11.381,55.37304],[11.38265,55.3714],[11.3844,55.36886],[11.3849,55.36757],[11.38681,55.3605],[11.38703,55.36052],[11.38789,55.35863],[11.38859,55.35761],[11.38852,55.35748],[11.39045,55.35544],[11.39065,55.3555],[11.39114,55.355],[11.39255,55.3531],[11.3924,55.35296],[11.39292,55.35182],[11.39315,55.35068],[11.39338,55.35056],[11.39347,55.34937],[11.39331,55.34939],[11.39331,55.34917],[11.3935,55.34835],[11.39333,55.34822],[11.39378,55.34348],[11.39382,55.34144],[11.39407,55.34126],[11.39429,55.33984],[11.39415,55.33967],[11.39441,55.33851],[11.39536,55.33578],[11.39648,55.33371],[11.39805,55.33135],[11.39912,55.32988],[11.39937,55.3298],[11.39958,55.32927],[11.40082,55.32798],[11.40273,55.32537],[11.40259,55.32525],[11.40332,55.32416],[11.40697,55.31903],[11.41222,55.31224],[11.41211,55.31205],[11.41358,55.31016],[11.41446,55.30863],[11.41488,55.30855],[11.41548,55.30671],[11.41511,55.30644],[11.41535,55.30061],[11.41567,55.29919],[11.41601,55.29889],[11.41755,55.29645],[11.41791,55.29613],[11.41831,55.29629],[11.4193,55.29541],[11.41954,55.29518],[11.41911,55.29505],[11.42478,55.28995],[11.42606,55.28861],[11.4264,55.28852],[11.42727,55.2877],[11.42731,55.28749],[11.43175,55.28338],[11.43217,55.28336],[11.43266,55.28293],[11.43306,55.28255],[11.43294,55.28233],[11.43308,55.28213],[11.434,55.28125],[11.43503,55.2805],[11.43587,55.27964],[11.43614,55.2796],[11.4376,55.27862],[11.43923,55.27788],[11.4417,55.27712],[11.44699,55.27595],[11.47779,55.26942],[11.47837,55.26949],[11.48433,55.26822],[11.48441,55.268],[11.48822,55.26718],[11.49403,55.26624],[11.51582,55.2649],[11.52125,55.26476],[11.53537,55.26374],[11.5939,55.2602],[11.60239,55.2599],[11.60273,55.25977],[11.60856,55.25933],[11.66726,55.25581],[11.67487,55.25524],[11.70118,55.25378],[11.74845,55.25075],[11.75121,55.25022],[11.75438,55.24914],[11.75459,55.24919],[11.7563,55.24848],[11.75623,55.24831],[11.75763,55.2474],[11.75892,55.24617],[11.75972,55.24509],[11.76138,55.2395],[11.76117,55.23948],[11.76058,55.24183],[11.75926,55.24529],[11.75783,55.24697],[11.75599,55.24819],[11.75242,55.24973],[11.75028,55.25028],[11.74756,55.2507],[11.73121,55.25176],[11.72588,55.25195],[11.72562,55.25211],[11.70547,55.25334],[11.70515,55.25323],[11.69566,55.25393],[11.6889,55.25433],[11.68862,55.25422],[11.68738,55.25442],[11.68294,55.25458],[11.68188,55.25476],[11.67654,55.25499],[11.67651,55.25483],[11.67078,55.25522],[11.67082,55.25539],[11.66908,55.25553],[11.66093,55.25603],[11.65953,55.25599],[11.6578,55.25611],[11.65771,55.25623],[11.60283,55.25956],[11.60233,55.25935],[11.59936,55.25951],[11.59933,55.25979],[11.58917,55.26028],[11.54856,55.26283],[11.52957,55.26392],[11.5291,55.2639],[11.529,55.2637],[11.52432,55.26394],[11.52143,55.26418],[11.52154,55.26445],[11.50848,55.26522],[11.50761,55.26512],[11.49556,55.26592],[11.4934,55.2662],[11.49292,55.26611],[11.48418,55.26791],[11.48353,55.26791],[11.47317,55.27027],[11.46404,55.27207],[11.46393,55.27222],[11.46299,55.27243],[11.44165,55.27694],[11.43928,55.27765],[11.43674,55.27886],[11.43493,55.28006],[11.42168,55.29246],[11.41971,55.29412],[11.41942,55.29402],[11.41722,55.29595],[11.41731,55.29648],[11.41694,55.29673],[11.41589,55.29811],[11.41515,55.30017],[11.41484,55.30651],[11.41412,55.30879],[11.40892,55.31611],[11.40849,55.31644],[11.40802,55.31724],[11.40691,55.31844],[11.40704,55.31856],[11.40105,55.32698],[11.39967,55.32883],[11.3994,55.3288],[11.39912,55.32917],[11.39924,55.32933],[11.3968,55.33261],[11.39495,55.33614],[11.39418,55.33839],[11.39364,55.34113],[11.39287,55.35081],[11.3927,55.35135],[11.39257,55.35168],[11.39214,55.3518],[11.39151,55.35308],[11.38945,55.35587],[11.38959,55.35596],[11.38792,55.35781],[11.38722,55.35887],[11.38655,55.36061],[11.38465,55.36762],[11.38388,55.36932],[11.38235,55.37142],[11.38069,55.37297],[11.37736,55.37528],[11.36343,55.38397],[11.35965,55.38612],[11.35808,55.38731],[11.35242,55.39082],[11.34844,55.39283],[11.34615,55.3936],[11.33842,55.39571],[11.33407,55.39726],[11.33306,55.39793],[11.33162,55.39931],[11.33116,55.40014],[11.33093,55.40108],[11.33084,55.40167]]]},"properties":{"STRKAFS":414000,"NAVN":"(Slagelse) - (Næstved)","HOVER_NAME":"(Slagelse) - (Næstved)","TIB":null,"BANENR":"59","FRA_KM":0.922,"TIL_KM":39.123000000000005,"FORKORTELSE":"Sg-Næ","BANENR_NAVN":"(Slagelse) - (Næstved)","HVDSTRK_NAVN":"(Slagelse) - (Næstved)","DELSTRK_NAVN":"(Slagelse) - (Næstved)","BTRTYPETEKST":"Fri Bane","BANEKLASSETEKST":"Nedlagt"}},{"type":"Feature","id":367878,"geometry":{"type":"Polygon","coordinates":[[[9.87982,57.08153],[9.88092,57.08105],[9.88269,57.08064],[9.88262,57.08052],[9.88194,57.08064],[9.88087,57.08093],[9.87965,57.08149],[9.87948,57.0814],[9.8744,57.08502],[9.87479,57.08517],[9.87949,57.08172],[9.87982,57.08153]]]},"properties":{"STRKAFS":521255,"NAVN":"Aalborg Lufthavn","HOVER_NAME":"Aalborg Lufthavn","TIB":"1052","BANENR":"52","FRA_KM":253.8,"TIL_KM":254.30300000000003,"FORKORTELSE":"Abl","BANENR_NAVN":"(Lindholm) - Aalborg Lufthavn","HVDSTRK_NAVN":"(Lindholm) - Aalborg Lufthavn","DELSTRK_NAVN":"(Lindholm) - Aalborg Lufthavn","BTRTYPETEKST":"Station","BANEKLASSETEKST":"Hovedbane"}},{"type":"Feature","id":367879,"geometry":{"type":"Polygon","coordinates":[[[10.04859,57.04892],[10.04979,57.04906],[10.05702,57.05136],[10.05698,57.05119],[10.04955,57.04877],[10.05073,57.04826],[10.0523,57.04686],[10.05222,57.04671],[10.05196,57.04675],[10.04997,57.04839],[10.04789,57.04878],[10.05025,57.04732],[10.05151,57.04689],[10.05147,57.04672],[10.05117,57.04675],[10.05288,57.0457],[10.05432,57.04533],[10.05562,57.04548],[10.06466,57.04843],[10.06493,57.04821],[10.05617,57.04534],[10.05484,57.04512],[10.05373,57.04517],[10.05749,57.04279],[10.0578,57.04207],[10.05739,57.04129],[10.05799,57.04177],[10.05901,57.04335],[10.06013,57.04395],[10.06106,57.04419],[10.06113,57.044],[10.05934,57.04323],[10.05835,57.04168],[10.0577,57.04115],[10.0609,57.04165],[10.06209,57.04159],[10.06213,57.0414],[10.06039,57.04137],[10.03611,57.03732],[10.0344,57.03684],[10.03307,57.03612],[10.01863,57.02389],[10.01705,57.0223],[10.0117,57.01483],[10.01108,57.01365],[10.01075,57.01241],[10.0101,57.00632],[10.00976,57.00535],[10.00908,57.00448],[10.00784,57.00356],[10.00634,57.00287],[10.0049,57.00246],[10.00285,57.00216],[9.98592,57.00113],[9.9826,57.0006],[9.97268,56.99845],[9.96755,56.99785],[9.96405,56.99777],[9.94991,56.99815],[9.94682,56.99837],[9.94345,56.99886],[9.93989,56.99969],[9.93672,57.00074],[9.92651,57.00519],[9.92443,57.00636],[9.9231,57.00743],[9.91388,57.01652],[9.91273,57.01805],[9.91195,57.02003],[9.91187,57.0245],[9.91205,57.0245],[9.9121,57.02042],[9.91264,57.0188],[9.9134,57.01765],[9.91461,57.01623],[9.92405,57.00701],[9.92646,57.00549],[9.9364,57.00113],[9.94007,56.99988],[9.94358,56.99907],[9.9469,56.99859],[9.94993,56.99836],[9.96407,56.99799],[9.96751,56.99806],[9.97255,56.99866],[9.98247,57.0008],[9.98584,57.00134],[10.0028,57.00237],[10.00476,57.00266],[10.00612,57.00305],[10.00755,57.0037],[10.00874,57.00459],[10.00938,57.00541],[10.00971,57.00634],[10.01035,57.01242],[10.01069,57.0137],[10.01133,57.0149],[10.01656,57.02222],[10.01829,57.024],[10.02941,57.03343],[10.02803,57.03326],[10.02659,57.03351],[10.02421,57.03445],[10.02367,57.03496],[10.02356,57.03541],[10.02388,57.03541],[10.02411,57.03493],[10.0245,57.03459],[10.02562,57.03414],[10.02589,57.0342],[10.02782,57.03349],[10.02888,57.03354],[10.03013,57.03404],[10.03301,57.03642],[10.03507,57.03732],[10.05578,57.04083],[10.05656,57.04107],[10.05715,57.0415],[10.0574,57.04219],[10.05689,57.0429],[10.04181,57.0522],[10.04211,57.05234],[10.04705,57.04929],[10.04841,57.04893],[10.04859,57.04892]]]},"properties":{"STRKAFS":531002,"NAVN":"Aalborg - Aalborg Østhavn","HOVER_NAME":"Aalborg - Aalborg Østhavn","TIB":null,"BANENR":null,"FRA_KM":2.154,"TIL_KM":16.919,"FORKORTELSE":"Ab-Abø","BANENR_NAVN":null,"HVDSTRK_NAVN":"Aalborg - Aalborg Østhavn","DELSTRK_NAVN":"Aalborg - Aalborg Østhavn","BTRTYPETEKST":"Fri Bane","BANEKLASSETEKST":"Godsbane"}},{"type":"Feature","id":367880,"geometry":{"type":"Polygon","coordinates":[[[10.04227,57.05224],[10.04197,57.0521],[10.04181,57.0522],[10.04211,57.05234],[10.04227,57.05224],[10.04227,57.05224]]]},"properties":{"STRKAFS":531702,"NAVN":"Aalborg Østhavn grænse","HOVER_NAME":"Aalborg Østhavn grænse","TIB":null,"BANENR":null,"FRA_KM":16.914,"TIL_KM":16.919,"FORKORTELSE":"Abøg","BANENR_NAVN":null,"HVDSTRK_NAVN":"Aalborg - Aalborg Østhavn","DELSTRK_NAVN":"Aalborg - Aalborg Østhavn","BTRTYPETEKST":"Grænsestation","BANEKLASSETEKST":"Godsbane"}},{"type":"Feature","id":367881,"geometry":{"type":"Polygon","coordinates":[[[12.5219,55.7617],[12.51952,55.76256],[12.51877,55.7633],[12.51853,55.7643],[12.51916,55.7657],[12.51924,55.76651],[12.51866,55.76753],[12.51772,55.76816],[12.51804,55.76834],[12.51869,55.76795],[12.51929,55.76737],[12.51962,55.76678],[12.51972,55.76632],[12.5196,55.76566],[12.51898,55.76428],[12.51919,55.76338],[12.51992,55.76269],[12.5219,55.76171],[12.5219,55.7617]]]},"properties":{"STRKAFS":602001,"NAVN":"Jægersborg","HOVER_NAME":"Jægersborg","TIB":"602","BANENR":null,"FRA_KM":0,"TIL_KM":0.8300000000000001,"FORKORTELSE":"Jæt","BANENR_NAVN":null,"HVDSTRK_NAVN":"Jægersborg - Nærum","DELSTRK_NAVN":"Jægersborg - Nærum","BTRTYPETEKST":"Station","BANEKLASSETEKST":"Privatbane"}},{"type":"Feature","id":367882,"geometry":{"type":"Polygon","coordinates":[[[12.51788,55.76825],[12.51772,55.76816],[12.51378,55.77003],[12.50859,55.77339],[12.50725,55.77371],[12.50368,55.77404],[12.50259,55.77442],[12.50172,55.77492],[12.50103,55.77557],[12.50065,55.7764],[12.50064,55.777],[12.50106,55.77844],[12.50087,55.77946],[12.50013,55.78028],[12.49759,55.78205],[12.49712,55.78266],[12.49686,55.78339],[12.49731,55.7834],[12.49755,55.78274],[12.49798,55.78217],[12.5005,55.78042],[12.5013,55.77954],[12.50151,55.77843],[12.50108,55.77697],[12.50109,55.77642],[12.50144,55.77567],[12.50207,55.77507],[12.50385,55.77428],[12.50735,55.77395],[12.50885,55.7736],[12.50984,55.77309],[12.51329,55.77066],[12.51804,55.76834],[12.51788,55.76825]]]},"properties":{"STRKAFS":602002,"NAVN":"Jægersborg - Fuglevad","HOVER_NAME":"Jægersborg - Fuglevad","TIB":"602","BANENR":null,"FRA_KM":0.8300000000000001,"TIL_KM":3.16,"FORKORTELSE":"Jæt-Fgv","BANENR_NAVN":null,"HVDSTRK_NAVN":"Jægersborg - Nærum","DELSTRK_NAVN":"Jægersborg - Nærum","BTRTYPETEKST":"Fri Bane","BANEKLASSETEKST":"Privatbane"}},{"type":"Feature","id":367883,"geometry":{"type":"Polygon","coordinates":[[[12.49708,55.78339],[12.49686,55.78339],[12.49684,55.78401],[12.49733,55.78538],[12.4992,55.78705],[12.49933,55.78714],[12.49968,55.78698],[12.49821,55.78578],[12.49772,55.78512],[12.49731,55.78413],[12.49731,55.7834],[12.49708,55.78339]]]},"properties":{"STRKAFS":602003,"NAVN":"Fuglevad","HOVER_NAME":"Fuglevad","TIB":"602","BANENR":null,"FRA_KM":3.16,"TIL_KM":3.61,"FORKORTELSE":"Fgv","BANENR_NAVN":null,"HVDSTRK_NAVN":"Jægersborg - Nærum","DELSTRK_NAVN":"Jægersborg - Nærum","BTRTYPETEKST":"Station","BANEKLASSETEKST":"Privatbane"}},{"type":"Feature","id":367884,"geometry":{"type":"Polygon","coordinates":[[[12.4997,55.78699],[12.49933,55.78714],[12.50065,55.78804],[12.50145,55.789],[12.50192,55.79085],[12.50176,55.79182],[12.50083,55.79328],[12.5006,55.79389],[12.50032,55.7957],[12.50055,55.79658],[12.50129,55.7975],[12.50244,55.79825],[12.50398,55.79881],[12.50644,55.79927],[12.50658,55.79903],[12.50417,55.79858],[12.50273,55.79806],[12.50167,55.79737],[12.50098,55.7965],[12.50077,55.79569],[12.50104,55.79393],[12.50219,55.79188],[12.50236,55.79083],[12.50206,55.78938],[12.50168,55.78859],[12.50102,55.7879],[12.49978,55.78705],[12.4997,55.78699]]]},"properties":{"STRKAFS":602004,"NAVN":"Fuglevad - Ørholm","HOVER_NAME":"Fuglevad - Ørholm","TIB":"602","BANENR":null,"FRA_KM":3.61,"TIL_KM":5.21,"FORKORTELSE":"Fgv-Ørh","BANENR_NAVN":null,"HVDSTRK_NAVN":"Jægersborg - Nærum","DELSTRK_NAVN":"Jægersborg - Nærum","BTRTYPETEKST":"Fri Bane","BANEKLASSETEKST":"Privatbane"}},{"type":"Feature","id":367885,"geometry":{"type":"Polygon","coordinates":[[[12.50752,55.7992],[12.50658,55.79903],[12.50644,55.79927],[12.51303,55.80046],[12.5132,55.80023],[12.50752,55.7992],[12.50752,55.7992]]]},"properties":{"STRKAFS":602005,"NAVN":"Ørholm","HOVER_NAME":"Ørholm","TIB":"602","BANENR":null,"FRA_KM":5.21,"TIL_KM":5.65,"FORKORTELSE":"Ørh","BANENR_NAVN":null,"HVDSTRK_NAVN":"Jægersborg - Nærum","DELSTRK_NAVN":"Jægersborg - Nærum","BTRTYPETEKST":"Station","BANEKLASSETEKST":"Privatbane"}},{"type":"Feature","id":367886,"geometry":{"type":"Polygon","coordinates":[[[12.5132,55.80023],[12.51303,55.80046],[12.52007,55.80239],[12.52368,55.80426],[12.52477,55.80522],[12.5253,55.80595],[12.52611,55.80837],[12.52666,55.80928],[12.52876,55.81143],[12.5292,55.81137],[12.52692,55.80897],[12.52655,55.80831],[12.52572,55.80587],[12.52516,55.8051],[12.52403,55.80411],[12.5229,55.80342],[12.51994,55.80205],[12.51322,55.80023],[12.5132,55.80023]]]},"properties":{"STRKAFS":602006,"NAVN":"Ørholm - Nærum","HOVER_NAME":"Ørholm - Nærum","TIB":"602","BANENR":null,"FRA_KM":5.65,"TIL_KM":7.33,"FORKORTELSE":"Ørh-Nær","BANENR_NAVN":null,"HVDSTRK_NAVN":"Jægersborg - Nærum","DELSTRK_NAVN":"Jægersborg - Nærum","BTRTYPETEKST":"Fri Bane","BANEKLASSETEKST":"Privatbane"}},{"type":"Feature","id":367887,"geometry":{"type":"Polygon","coordinates":[[[12.51404,55.77006],[12.51389,55.76997],[12.51208,55.77108],[12.51243,55.77123],[12.51419,55.77016],[12.51404,55.77006]]]},"properties":{"STRKAFS":602011,"NAVN":"Nørgaardsvej","HOVER_NAME":"Nørgaardsvej","TIB":"602","BANENR":null,"FRA_KM":null,"TIL_KM":null,"FORKORTELSE":"Nøv","BANENR_NAVN":null,"HVDSTRK_NAVN":"Jægersborg - Nærum","DELSTRK_NAVN":"Jægersborg - Nærum","BTRTYPETEKST":"Trinbræt","BANEKLASSETEKST":"Privatbane"}},{"type":"Feature","id":367888,"geometry":{"type":"Polygon","coordinates":[[[12.50692,55.77386],[12.5069,55.77373],[12.50431,55.77392],[12.5044,55.77416],[12.50693,55.77398],[12.50692,55.77386]]]},"properties":{"STRKAFS":602019,"NAVN":"Lyngby Lokal","HOVER_NAME":"Lyngby Lokal","TIB":"602","BANENR":null,"FRA_KM":null,"TIL_KM":null,"FORKORTELSE":"Lyl","BANENR_NAVN":null,"HVDSTRK_NAVN":"Jægersborg - Nærum","DELSTRK_NAVN":"Jægersborg - Nærum","BTRTYPETEKST":"Trinbræt","BANEKLASSETEKST":"Privatbane"}},{"type":"Feature","id":367889,"geometry":{"type":"Polygon","coordinates":[[[12.50101,55.79338],[12.50079,55.79335],[12.50062,55.79381],[12.50107,55.79383],[12.50122,55.79342],[12.50101,55.79338]]]},"properties":{"STRKAFS":602045,"NAVN":"Brede","HOVER_NAME":"Brede","TIB":"602","BANENR":null,"FRA_KM":null,"TIL_KM":null,"FORKORTELSE":"Bre","BANENR_NAVN":null,"HVDSTRK_NAVN":"Jægersborg - Nærum","DELSTRK_NAVN":"Jægersborg - Nærum","BTRTYPETEKST":"Trinbræt","BANEKLASSETEKST":"Privatbane"}},{"type":"Feature","id":367890,"geometry":{"type":"Polygon","coordinates":[[[12.07987,55.92093],[12.07975,55.92082],[12.07337,55.92295],[12.06909,55.9238],[12.06921,55.92404],[12.07336,55.92329],[12.07998,55.92104],[12.07987,55.92093]]]},"properties":{"STRKAFS":604019,"NAVN":"Ølsted","HOVER_NAME":"Ølsted","TIB":"604","BANENR":null,"FRA_KM":18.87,"TIL_KM":19.622,"FORKORTELSE":"Øls","BANENR_NAVN":null,"HVDSTRK_NAVN":"(Hillerød) - Hundested Havn","DELSTRK_NAVN":"(Hillerød) - Hundested Havn","BTRTYPETEKST":"Station","BANEKLASSETEKST":"Privatbane"}},{"type":"Feature","id":367891,"geometry":{"type":"Polygon","coordinates":[[[12.06915,55.92392],[12.06909,55.9238],[12.06339,55.92477],[12.05504,55.92793],[12.05298,55.92913],[12.0494,55.93224],[12.04978,55.93238],[12.05334,55.92928],[12.05531,55.92813],[12.06346,55.92503],[12.06921,55.92404],[12.06915,55.92392]]]},"properties":{"STRKAFS":604020,"NAVN":"Ølsted - Kregme","HOVER_NAME":"Ølsted - Kregme","TIB":"604","BANENR":null,"FRA_KM":19.622,"TIL_KM":21.213,"FORKORTELSE":"Øls-Krf","BANENR_NAVN":null,"HVDSTRK_NAVN":"(Hillerød) - Hundested Havn","DELSTRK_NAVN":"(Hillerød) - Hundested Havn","BTRTYPETEKST":"Fri Bane","BANEKLASSETEKST":"Privatbane"}},{"type":"Feature","id":367892,"geometry":{"type":"Polygon","coordinates":[[[12.04959,55.93231],[12.0494,55.93224],[12.04538,55.93566],[12.04432,55.93683],[12.04379,55.93793],[12.04423,55.93797],[12.04453,55.93725],[12.04515,55.93644],[12.04978,55.93238],[12.04959,55.93231]]]},"properties":{"STRKAFS":604021,"NAVN":"Kregme","HOVER_NAME":"Kregme","TIB":"604","BANENR":null,"FRA_KM":21.213,"TIL_KM":21.936,"FORKORTELSE":"Krf","BANENR_NAVN":null,"HVDSTRK_NAVN":"(Hillerød) - Hundested Havn","DELSTRK_NAVN":"(Hillerød) - Hundested Havn","BTRTYPETEKST":"Station","BANEKLASSETEKST":"Privatbane"}},{"type":"Feature","id":367893,"geometry":{"type":"Polygon","coordinates":[[[12.04401,55.93795],[12.04379,55.93793],[12.04304,55.93962],[12.04219,55.94053],[12.02258,55.95478],[12.02149,55.95572],[12.02032,55.95718],[12.01944,55.95892],[12.01944,55.95993],[12.02013,55.96247],[12.02057,55.96245],[12.01989,55.95991],[12.01992,55.95882],[12.02078,55.95721],[12.02193,55.95579],[12.04256,55.94068],[12.04347,55.9397],[12.04423,55.93797],[12.04401,55.93795]]]},"properties":{"STRKAFS":604022,"NAVN":"Kregme - Frederiksværk","HOVER_NAME":"Kregme - Frederiksværk","TIB":"604","BANENR":null,"FRA_KM":21.936,"TIL_KM":25.151,"FORKORTELSE":"Krf-Frv","BANENR_NAVN":null,"HVDSTRK_NAVN":"(Hillerød) - Hundested Havn","DELSTRK_NAVN":"(Hillerød) - Hundested Havn","BTRTYPETEKST":"Fri Bane","BANEKLASSETEKST":"Privatbane"}},{"type":"Feature","id":367894,"geometry":{"type":"Polygon","coordinates":[[[12.03458,55.94627],[12.03441,55.94619],[12.03352,55.94684],[12.03387,55.94699],[12.03476,55.94635],[12.03458,55.94627]]]},"properties":{"STRKAFS":604023,"NAVN":"Lille Kregme","HOVER_NAME":"Lille Kregme","TIB":"604","BANENR":null,"FRA_KM":23.049,"TIL_KM":23.139,"FORKORTELSE":"Llk","BANENR_NAVN":null,"HVDSTRK_NAVN":"(Hillerød) - Hundested Havn","DELSTRK_NAVN":"(Hillerød) - Hundested Havn","BTRTYPETEKST":"Trinbræt","BANEKLASSETEKST":"Privatbane"}},{"type":"Feature","id":367895,"geometry":{"type":"Polygon","coordinates":[[[12.51943,55.80188],[12.51915,55.8018],[12.51894,55.80202],[12.52,55.80236],[12.52024,55.80215],[12.51945,55.80189],[12.51943,55.80188]]]},"properties":{"STRKAFS":602061,"NAVN":"Ravnholm","HOVER_NAME":"Ravnholm","TIB":"602","BANENR":null,"FRA_KM":null,"TIL_KM":null,"FORKORTELSE":"Rvh","BANENR_NAVN":null,"HVDSTRK_NAVN":"Jægersborg - Nærum","DELSTRK_NAVN":"Jægersborg - Nærum","BTRTYPETEKST":"Trinbræt","BANEKLASSETEKST":"Privatbane"}},{"type":"Feature","id":367896,"geometry":{"type":"Polygon","coordinates":[[[12.5292,55.81137],[12.52876,55.81143],[12.52882,55.81237],[12.52783,55.81402],[12.52789,55.81416],[12.52831,55.81414],[12.52916,55.81264],[12.52934,55.81196],[12.52921,55.81141],[12.5292,55.81137]]]},"properties":{"STRKAFS":602073,"NAVN":"Nærum","HOVER_NAME":"Nærum","TIB":"602","BANENR":null,"FRA_KM":7.33,"TIL_KM":7.640000000000001,"FORKORTELSE":"Nær","BANENR_NAVN":null,"HVDSTRK_NAVN":"Jægersborg - Nærum","DELSTRK_NAVN":"Jægersborg - Nærum","BTRTYPETEKST":"Station","BANEKLASSETEKST":"Privatbane"}},{"type":"Feature","id":367897,"geometry":{"type":"Polygon","coordinates":[[[12.28589,55.89565],[12.2856,55.89585],[12.3075,55.9037],[12.30957,55.90471],[12.3116,55.90618],[12.31259,55.90721],[12.31337,55.90838],[12.31398,55.91],[12.31406,55.91129],[12.31396,55.91193],[12.31063,55.91877],[12.3108,55.91879],[12.31396,55.91248],[12.31434,55.91099],[12.31431,55.90963],[12.3138,55.90831],[12.313,55.90711],[12.31198,55.90605],[12.30989,55.90454],[12.30776,55.9035],[12.2859,55.89566],[12.28589,55.89565]]]},"properties":{"STRKAFS":604002,"NAVN":"Hillerød - Brødeskov","HOVER_NAME":"Hillerød - Brødeskov","TIB":"604","BANENR":null,"FRA_KM":0.895,"TIL_KM":4.373,"FORKORTELSE":"Hi-Bsk","BANENR_NAVN":null,"HVDSTRK_NAVN":"(Hillerød) - Hundested Havn","DELSTRK_NAVN":"(Hillerød) - Hundested Havn","BTRTYPETEKST":"Fri Bane","BANEKLASSETEKST":"Privatbane"}},{"type":"Feature","id":367898,"geometry":{"type":"Polygon","coordinates":[[[12.31432,55.91029],[12.31433,55.91009],[12.314,55.9101],[12.31409,55.9109],[12.31435,55.91083],[12.31432,55.91029]]]},"properties":{"STRKAFS":604003,"NAVN":"Favrholm","HOVER_NAME":"Favrholm","TIB":"604","BANENR":null,"FRA_KM":1.8010000000000002,"TIL_KM":1.891,"FORKORTELSE":"Fvt","BANENR_NAVN":null,"HVDSTRK_NAVN":"(Hillerød) - Hundested Havn","DELSTRK_NAVN":"(Hillerød) - Hundested Havn","BTRTYPETEKST":"Trinbræt","BANEKLASSETEKST":"Privatbane"}},{"type":"Feature","id":367899,"geometry":{"type":"Polygon","coordinates":[[[12.27418,55.89146],[12.27392,55.89166],[12.27784,55.89314],[12.2856,55.89585],[12.28584,55.89563],[12.27425,55.89148],[12.27418,55.89146]]]},"properties":{"STRKAFS":604005,"NAVN":"Brødeskov","HOVER_NAME":"Brødeskov","TIB":"604","BANENR":null,"FRA_KM":4.373,"TIL_KM":5.24,"FORKORTELSE":"Bsk","BANENR_NAVN":null,"HVDSTRK_NAVN":"(Hillerød) - Hundested Havn","DELSTRK_NAVN":"(Hillerød) - Hundested Havn","BTRTYPETEKST":"Station","BANEKLASSETEKST":"Privatbane"}},{"type":"Feature","id":367900,"geometry":{"type":"Polygon","coordinates":[[[12.20831,55.88661],[12.20829,55.88686],[12.21588,55.88701],[12.26547,55.88966],[12.26987,55.89034],[12.27392,55.89166],[12.27417,55.89145],[12.27005,55.89011],[12.26553,55.88941],[12.21592,55.88676],[12.20832,55.88661],[12.20831,55.88661]]]},"properties":{"STRKAFS":604006,"NAVN":"Brødeskov - Gørløse","HOVER_NAME":"Brødeskov - Gørløse","TIB":"604","BANENR":null,"FRA_KM":5.24,"TIL_KM":9.42,"FORKORTELSE":"Bsk-Gør","BANENR_NAVN":null,"HVDSTRK_NAVN":"(Hillerød) - Hundested Havn","DELSTRK_NAVN":"(Hillerød) - Hundested Havn","BTRTYPETEKST":"Fri Bane","BANEKLASSETEKST":"Privatbane"}},{"type":"Feature","id":367901,"geometry":{"type":"Polygon","coordinates":[[[12.20184,55.88683],[12.20829,55.88686],[12.2083,55.88661],[12.20103,55.88658],[12.19636,55.88737],[12.19657,55.88759],[12.19893,55.88712],[12.20172,55.88684],[12.20184,55.88683]]]},"properties":{"STRKAFS":604011,"NAVN":"Gørløse","HOVER_NAME":"Gørløse","TIB":"604","BANENR":null,"FRA_KM":9.42,"TIL_KM":10.173,"FORKORTELSE":"Gør","BANENR_NAVN":null,"HVDSTRK_NAVN":"(Hillerød) - Hundested Havn","DELSTRK_NAVN":"(Hillerød) - Hundested Havn","BTRTYPETEKST":"Station","BANEKLASSETEKST":"Privatbane"}},{"type":"Feature","id":367902,"geometry":{"type":"Polygon","coordinates":[[[12.19647,55.88748],[12.19636,55.88737],[12.19485,55.88781],[12.19234,55.88883],[12.19047,55.88992],[12.18905,55.89108],[12.1881,55.89214],[12.18743,55.89323],[12.18613,55.89729],[12.18529,55.89873],[12.18338,55.90059],[12.18079,55.90212],[12.17658,55.90363],[12.1737,55.90431],[12.1546,55.90661],[12.15469,55.90685],[12.17383,55.90455],[12.1768,55.90385],[12.18107,55.90231],[12.18374,55.90074],[12.1857,55.89882],[12.18656,55.89735],[12.18786,55.8933],[12.18851,55.89224],[12.18943,55.89121],[12.19082,55.89008],[12.1924,55.88914],[12.19427,55.88832],[12.19657,55.88759],[12.19647,55.88748]]]},"properties":{"STRKAFS":604012,"NAVN":"Gørløse - Skævinge","HOVER_NAME":"Gørløse - Skævinge","TIB":"604","BANENR":null,"FRA_KM":10.173,"TIL_KM":13.898000000000001,"FORKORTELSE":"Gør-Skv","BANENR_NAVN":null,"HVDSTRK_NAVN":"(Hillerød) - Hundested Havn","DELSTRK_NAVN":"(Hillerød) - Hundested Havn","BTRTYPETEKST":"Fri Bane","BANEKLASSETEKST":"Privatbane"}},{"type":"Feature","id":367903,"geometry":{"type":"Polygon","coordinates":[[[12.15465,55.90673],[12.1546,55.90661],[12.15006,55.90713],[12.13506,55.90908],[12.13517,55.90932],[12.15469,55.90685],[12.15465,55.90673]]]},"properties":{"STRKAFS":604015,"NAVN":"Skævinge","HOVER_NAME":"Skævinge","TIB":"604","BANENR":null,"FRA_KM":13.898000000000001,"TIL_KM":15.15,"FORKORTELSE":"Skv","BANENR_NAVN":null,"HVDSTRK_NAVN":"(Hillerød) - Hundested Havn","DELSTRK_NAVN":"(Hillerød) - Hundested Havn","BTRTYPETEKST":"Station","BANEKLASSETEKST":"Privatbane"}},{"type":"Feature","id":367904,"geometry":{"type":"Polygon","coordinates":[[[12.13511,55.9092],[12.13506,55.90908],[12.13375,55.90924],[12.11656,55.91153],[12.11369,55.91223],[12.10358,55.91534],[12.08661,55.91854],[12.07975,55.92082],[12.07998,55.92104],[12.0874,55.91863],[12.10393,55.91553],[12.1139,55.91245],[12.11671,55.91177],[12.13517,55.90932],[12.13511,55.9092]]]},"properties":{"STRKAFS":604016,"NAVN":"Skævinge - Ølsted","HOVER_NAME":"Skævinge - Ølsted","TIB":"604","BANENR":null,"FRA_KM":15.15,"TIL_KM":18.87,"FORKORTELSE":"Skv-Øls","BANENR_NAVN":null,"HVDSTRK_NAVN":"(Hillerød) - Hundested Havn","DELSTRK_NAVN":"(Hillerød) - Hundested Havn","BTRTYPETEKST":"Fri Bane","BANEKLASSETEKST":"Privatbane"}},{"type":"Feature","id":367905,"geometry":{"type":"Polygon","coordinates":[[[12.10281,55.91564],[12.10274,55.91552],[12.10113,55.91582],[12.10128,55.91606],[12.10289,55.91576],[12.10281,55.91564]]]},"properties":{"STRKAFS":604017,"NAVN":"Grimstrup","HOVER_NAME":"Grimstrup","TIB":"604","BANENR":null,"FRA_KM":17.31,"TIL_KM":17.417,"FORKORTELSE":"Gsf","BANENR_NAVN":null,"HVDSTRK_NAVN":"(Hillerød) - Hundested Havn","DELSTRK_NAVN":"(Hillerød) - Hundested Havn","BTRTYPETEKST":"Trinbræt","BANEKLASSETEKST":"Privatbane"}},{"type":"Feature","id":367906,"geometry":{"type":"Polygon","coordinates":[[[9.25859,54.94253],[9.25827,54.94244],[9.25655,54.94375],[9.25462,54.94454],[9.2511,54.94503],[9.21871,54.94607],[9.21838,54.94584],[9.21772,54.94605],[9.21574,54.94616],[9.19409,54.94683],[9.1864,54.94698],[9.18475,54.94677],[9.18416,54.94704],[9.17723,54.94732],[9.16181,54.94768],[9.10622,54.94267],[9.02233,54.9421],[9.02233,54.94199],[9.02182,54.94197],[9.02152,54.94209],[9.02001,54.94208],[8.97944,54.94178],[8.96846,54.94151],[8.96827,54.94139],[8.96607,54.9413],[8.96306,54.94124],[8.96306,54.94136],[8.9362,54.94061],[8.91994,54.94054],[8.91897,54.94038],[8.91866,54.9404],[8.91866,54.94053],[8.9172,54.94054],[8.88014,54.94035],[8.87663,54.93999],[8.86612,54.93797],[8.86449,54.93752],[8.86294,54.93677],[8.86269,54.93691],[8.86371,54.93747],[8.86535,54.93796],[8.87629,54.94014],[8.88016,54.9405],[8.93654,54.94081],[8.97845,54.94199],[9.10574,54.9428],[9.11367,54.94346],[9.11677,54.94382],[9.11672,54.94396],[9.11712,54.94399],[9.11723,54.9438],[9.15849,54.94763],[9.16269,54.94789],[9.19617,54.94693],[9.19635,54.94716],[9.20818,54.94658],[9.25178,54.94525],[9.25352,54.94502],[9.25535,54.94452],[9.25676,54.9439],[9.25785,54.94321],[9.25859,54.94253]]]},"properties":{"STRKAFS":492000,"NAVN":"(Tinglev) - (Tønder)","HOVER_NAME":"(Tinglev) - (Tønder)","TIB":null,"BANENR":"49","FRA_KM":41.855000000000004,"TIL_KM":67.459,"FORKORTELSE":"Te-Tdr","BANENR_NAVN":"(Tinglev) - (Tønder)","HVDSTRK_NAVN":"(Tinglev) - (Tønder)","DELSTRK_NAVN":"(Tinglev) - (Tønder)","BTRTYPETEKST":"Fri Bane","BANEKLASSETEKST":"Restbane m/spor"}},{"type":"Feature","id":367907,"geometry":{"type":"Polygon","coordinates":[[[9.33839,55.05955],[9.34005,55.059],[9.34199,55.05871],[9.34475,55.05856],[9.34711,55.05867],[9.34965,55.05839],[9.35143,55.05795],[9.35297,55.05727],[9.35478,55.05606],[9.35533,55.05584],[9.35555,55.05554],[9.35718,55.05467],[9.35787,55.05472],[9.35828,55.05433],[9.36059,55.05386],[9.36711,55.05331],[9.37203,55.05391],[9.37471,55.05394],[9.37559,55.05378],[9.37643,55.05384],[9.37739,55.05358],[9.37936,55.05336],[9.37951,55.05346],[9.37982,55.0533],[9.38633,55.05255],[9.38856,55.0526],[9.39118,55.05295],[9.3914,55.05348],[9.39313,55.05359],[9.39317,55.05329],[9.39507,55.05357],[9.39715,55.05362],[9.40052,55.05318],[9.40178,55.0528],[9.40427,55.05171],[9.41291,55.05022],[9.41283,55.05006],[9.40486,55.05138],[9.40053,55.05291],[9.39898,55.05331],[9.39729,55.05349],[9.39504,55.0534],[9.39326,55.05311],[9.39331,55.05281],[9.3912,55.05279],[9.39007,55.05252],[9.38705,55.0523],[9.38685,55.05216],[9.38471,55.05238],[9.38464,55.05259],[9.37379,55.0538],[9.37215,55.05373],[9.36978,55.05332],[9.36705,55.05307],[9.35984,55.05379],[9.35848,55.05407],[9.35673,55.05468],[9.35223,55.05738],[9.35019,55.05807],[9.34906,55.05827],[9.34873,55.05817],[9.34773,55.05843],[9.34345,55.05825],[9.34103,55.05852],[9.33792,55.05952],[9.33608,55.06072],[9.3364,55.06084],[9.33849,55.05959],[9.33839,55.05955]]]},"properties":{"STRKAFS":494000,"NAVN":"(Rødekro) - Aabenraa","HOVER_NAME":"(Rødekro) - Aabenraa","TIB":null,"BANENR":"77","FRA_KM":1.09,"TIL_KM":6.383,"FORKORTELSE":"Rq-Åa","BANENR_NAVN":"(Rødekro) - Aabenraa","HVDSTRK_NAVN":"(Rødekro) - Aabenraa","DELSTRK_NAVN":"(Rødekro) - Aabenraa","BTRTYPETEKST":"Fri Bane","BANEKLASSETEKST":"Nedlagt"}},{"type":"Feature","id":367908,"geometry":{"type":"Polygon","coordinates":[[[9.41371,55.05009],[9.4146,55.04993],[9.4147,55.0501],[9.41862,55.04939],[9.42147,55.04848],[9.4235,55.04805],[9.42771,55.04821],[9.43129,55.04733],[9.43197,55.04677],[9.43216,55.0461],[9.43196,55.04608],[9.43168,55.04683],[9.43116,55.04721],[9.42926,55.04777],[9.4302,55.04668],[9.43088,55.04474],[9.43247,55.04223],[9.43204,55.0423],[9.43072,55.04464],[9.42994,55.04666],[9.42955,55.04726],[9.42892,55.04777],[9.42735,55.04811],[9.42388,55.04788],[9.42594,55.0473],[9.4265,55.04663],[9.42754,55.04254],[9.42718,55.04263],[9.42685,55.04457],[9.42614,55.04671],[9.42522,55.04731],[9.42163,55.04828],[9.42202,55.0479],[9.423,55.04409],[9.42288,55.04283],[9.42301,55.04171],[9.42263,55.04099],[9.42351,55.04119],[9.4271,55.04136],[9.42715,55.0412],[9.42311,55.04101],[9.42254,55.04068],[9.42291,55.03996],[9.42275,55.03979],[9.42196,55.03989],[9.42207,55.04039],[9.42276,55.04171],[9.42264,55.04281],[9.42273,55.04419],[9.42181,55.04774],[9.42157,55.0481],[9.42109,55.04842],[9.41883,55.0492],[9.41687,55.04926],[9.41283,55.05006],[9.41291,55.05022],[9.41371,55.05009]]]},"properties":{"STRKAFS":494007,"NAVN":"Aabenraa","HOVER_NAME":"Aabenraa","TIB":null,"BANENR":"54","FRA_KM":6.383,"TIL_KM":6.768000000000001,"FORKORTELSE":"Åa","BANENR_NAVN":"Haderslev - (Vojens)","HVDSTRK_NAVN":"(Rødekro) - Aabenraa","DELSTRK_NAVN":"(Rødekro) - Aabenraa","BTRTYPETEKST":"Station","BANEKLASSETEKST":"Nedlagt"}},{"type":"Feature","id":367909,"geometry":{"type":"Polygon","coordinates":[[[9.32675,55.25751],[9.34461,55.25569],[9.34828,55.25486],[9.35319,55.2533],[9.35654,55.25252],[9.36939,55.25129],[9.38032,55.24912],[9.38142,55.24903],[9.38155,55.24888],[9.38598,55.24796],[9.3904,55.24755],[9.39282,55.24753],[9.39755,55.24799],[9.40736,55.24993],[9.41112,55.25019],[9.41494,55.25021],[9.41936,55.25006],[9.42666,55.24939],[9.44001,55.24682],[9.44253,55.24674],[9.44433,55.24691],[9.44526,55.24682],[9.4526,55.24712],[9.45712,55.24793],[9.4686,55.25075],[9.47031,55.25129],[9.4704,55.2512],[9.46864,55.25061],[9.45563,55.24732],[9.45195,55.24692],[9.44814,55.24677],[9.44775,55.24661],[9.442,55.2465],[9.44041,55.24661],[9.43802,55.24693],[9.42564,55.2493],[9.41655,55.25004],[9.41172,55.25004],[9.40866,55.24987],[9.40409,55.24921],[9.40317,55.24889],[9.39835,55.24791],[9.39544,55.2475],[9.38992,55.24726],[9.38991,55.24739],[9.38696,55.24764],[9.38198,55.24862],[9.38194,55.24852],[9.38153,55.24861],[9.38151,55.24873],[9.37098,55.25088],[9.35824,55.25211],[9.35569,55.25252],[9.353,55.25317],[9.34649,55.25514],[9.34358,55.25566],[9.32866,55.25718],[9.32549,55.25747],[9.32546,55.2573],[9.32053,55.25749],[9.31668,55.25717],[9.31657,55.25735],[9.31249,55.25636],[9.31167,55.25609],[9.31182,55.25594],[9.30952,55.2551],[9.30935,55.25525],[9.30888,55.25508],[9.30878,55.2552],[9.30918,55.25534],[9.30902,55.25548],[9.31074,55.25617],[9.31136,55.25634],[9.31151,55.25621],[9.31442,55.25709],[9.31652,55.25749],[9.31645,55.25766],[9.31753,55.25782],[9.32048,55.25803],[9.32301,55.25802],[9.32561,55.25778],[9.32554,55.25762],[9.32675,55.25751]]]},"properties":{"STRKAFS":496000,"NAVN":"Haderslev - (Vojens)","HOVER_NAME":"Haderslev - (Vojens)","TIB":null,"BANENR":"54","FRA_KM":0.254,"TIL_KM":10.975,"FORKORTELSE":"Had-Oj","BANENR_NAVN":"Haderslev - (Vojens)","HVDSTRK_NAVN":"Haderslev - (Vojens)","DELSTRK_NAVN":"Haderslev - (Vojens)","BTRTYPETEKST":"Fri Bane","BANEKLASSETEKST":"Nedlagt"}},{"type":"Feature","id":367910,"geometry":{"type":"Polygon","coordinates":[[[9.50211,55.25127],[9.50014,55.25117],[9.49156,55.2515],[9.49009,55.25201],[9.48918,55.25281],[9.48825,55.25332],[9.48721,55.25362],[9.48634,55.25367],[9.48398,55.25346],[9.48107,55.2529],[9.47639,55.25306],[9.47394,55.2522],[9.4704,55.2512],[9.47031,55.25129],[9.47251,55.25215],[9.47283,55.2521],[9.47433,55.25247],[9.47593,55.2531],[9.47754,55.25324],[9.47963,55.25298],[9.48101,55.25298],[9.48432,55.25362],[9.48713,55.25378],[9.4883,55.25347],[9.48922,55.25295],[9.49028,55.25206],[9.49175,55.25159],[9.50151,55.25128],[9.50288,55.25161],[9.50645,55.25286],[9.50717,55.25327],[9.50756,55.25397],[9.50777,55.25395],[9.5076,55.25343],[9.50699,55.25293],[9.50248,55.25136],[9.50211,55.25127]]]},"properties":{"STRKAFS":496001,"NAVN":"Haderslev By","HOVER_NAME":"Haderslev By","TIB":null,"BANENR":"54","FRA_KM":0,"TIL_KM":0.254,"FORKORTELSE":"Hab","BANENR_NAVN":"Haderslev - (Vojens)","HVDSTRK_NAVN":"Haderslev - (Vojens)","DELSTRK_NAVN":"Haderslev - (Vojens)","BTRTYPETEKST":"Station","BANEKLASSETEKST":"Nedlagt"}},{"type":"Feature","id":367911,"geometry":{"type":"Polygon","coordinates":[[[9.88194,57.08064],[9.88418,57.08046],[9.88819,57.08045],[9.89021,57.08009],[9.89232,57.07918],[9.89576,57.07656],[9.8955,57.07645],[9.89229,57.07892],[9.89042,57.07982],[9.88815,57.08027],[9.88255,57.08041],[9.88116,57.08071],[9.87948,57.0814],[9.87965,57.08149],[9.88129,57.0808],[9.88194,57.08064]]]},"properties":{"STRKAFS":521252,"NAVN":"Lindholm - Aalborg Lufthavn","HOVER_NAME":"Lindholm - Aalborg Lufthavn","TIB":"1052","BANENR":"52","FRA_KM":252.6,"TIL_KM":253.8,"FORKORTELSE":"Lih-Abl","BANENR_NAVN":"(Lindholm) - Aalborg Lufthavn","HVDSTRK_NAVN":"(Lindholm) - Aalborg Lufthavn","DELSTRK_NAVN":"(Lindholm) - Aalborg Lufthavn","BTRTYPETEKST":"Fri Bane","BANEKLASSETEKST":"Hovedbane"}},{"type":"Feature","id":367912,"geometry":{"type":"Polygon","coordinates":[[[12.38127,56.09827],[12.38124,56.09814],[12.35985,56.09815],[12.35984,56.0984],[12.3813,56.09839],[12.38127,56.09827]]]},"properties":{"STRKAFS":605020,"NAVN":"Dronningmølle - Firhøj","HOVER_NAME":"Dronningmølle - Firhøj","TIB":"605","BANENR":null,"FRA_KM":17.830000000000002,"TIL_KM":19.16,"FORKORTELSE":"Drm-Fir","BANENR_NAVN":null,"HVDSTRK_NAVN":"(Helsingør) - (Gilleleje)","DELSTRK_NAVN":"(Helsingør) - Gilleleje","BTRTYPETEKST":"Fri Bane","BANEKLASSETEKST":"Privatbane"}},{"type":"Feature","id":367913,"geometry":{"type":"Polygon","coordinates":[[[12.35984,56.0984],[12.35985,56.09815],[12.35358,56.09813],[12.35186,56.09813],[12.35185,56.09838],[12.35984,56.0984],[12.35984,56.0984]]]},"properties":{"STRKAFS":605021,"NAVN":"Firhøj","HOVER_NAME":"Firhøj","TIB":"605","BANENR":null,"FRA_KM":19.16,"TIL_KM":19.66,"FORKORTELSE":"Fir","BANENR_NAVN":null,"HVDSTRK_NAVN":"(Helsingør) - (Gilleleje)","DELSTRK_NAVN":"(Helsingør) - Gilleleje","BTRTYPETEKST":"Station","BANEKLASSETEKST":"Privatbane"}},{"type":"Feature","id":367914,"geometry":{"type":"Polygon","coordinates":[[[12.34185,56.09837],[12.35185,56.09838],[12.35186,56.09813],[12.34218,56.09811],[12.33918,56.09848],[12.33682,56.09924],[12.32752,56.10316],[12.32583,56.10425],[12.32444,56.1055],[12.30983,56.12196],[12.30835,56.12293],[12.30581,56.12374],[12.30595,56.12398],[12.30863,56.12313],[12.31022,56.12208],[12.32484,56.10562],[12.3264,56.10425],[12.32891,56.1028],[12.33757,56.09925],[12.33934,56.09872],[12.34137,56.09841],[12.34185,56.09837]]]},"properties":{"STRKAFS":605022,"NAVN":"Firhøj - Gilleleje","HOVER_NAME":"Firhøj - Gilleleje","TIB":"605","BANENR":null,"FRA_KM":19.66,"TIL_KM":24.041,"FORKORTELSE":"Fir-Gll","BANENR_NAVN":null,"HVDSTRK_NAVN":"(Helsingør) - (Gilleleje)","DELSTRK_NAVN":"(Helsingør) - Gilleleje","BTRTYPETEKST":"Fri Bane","BANEKLASSETEKST":"Privatbane"}},{"type":"Feature","id":367915,"geometry":{"type":"Polygon","coordinates":[[[12.60368,56.04327],[12.60365,56.04314],[12.60205,56.04324],[12.60207,56.04349],[12.60371,56.04339],[12.60368,56.04327]]]},"properties":{"STRKAFS":605035,"NAVN":"Marienlyst","HOVER_NAME":"Marienlyst","TIB":"605","BANENR":null,"FRA_KM":1.478,"TIL_KM":1.5790000000000002,"FORKORTELSE":"Mar","BANENR_NAVN":null,"HVDSTRK_NAVN":"(Helsingør) - (Gilleleje)","DELSTRK_NAVN":"(Helsingør) - Gilleleje","BTRTYPETEKST":"Trinbræt","BANEKLASSETEKST":"Privatbane"}},{"type":"Feature","id":367916,"geometry":{"type":"Polygon","coordinates":[[[12.51371,56.07838],[12.51292,56.0781],[12.51267,56.07831],[12.51378,56.0787],[12.51403,56.07849],[12.51371,56.07838]]]},"properties":{"STRKAFS":605087,"NAVN":"Skibstrup","HOVER_NAME":"Skibstrup","TIB":"605","BANENR":null,"FRA_KM":8.706000000000001,"TIL_KM":8.788,"FORKORTELSE":"Skb","BANENR_NAVN":null,"HVDSTRK_NAVN":"(Helsingør) - (Gilleleje)","DELSTRK_NAVN":"(Helsingør) - Gilleleje","BTRTYPETEKST":"Trinbræt","BANEKLASSETEKST":"Privatbane"}},{"type":"Feature","id":367917,"geometry":{"type":"Polygon","coordinates":[[[12.46947,56.08261],[12.46932,56.08252],[12.46792,56.08323],[12.46824,56.0834],[12.46961,56.08271],[12.46947,56.08261]]]},"properties":{"STRKAFS":605117,"NAVN":"Karinebæk","HOVER_NAME":"Karinebæk","TIB":"605","BANENR":null,"FRA_KM":11.775,"TIL_KM":11.892000000000001,"FORKORTELSE":"Kab","BANENR_NAVN":null,"HVDSTRK_NAVN":"(Helsingør) - (Gilleleje)","DELSTRK_NAVN":"(Helsingør) - Gilleleje","BTRTYPETEKST":"Trinbræt","BANEKLASSETEKST":"Privatbane"}},{"type":"Feature","id":367918,"geometry":{"type":"Polygon","coordinates":[[[12.43641,56.08984],[12.43637,56.08972],[12.43515,56.08985],[12.43522,56.09009],[12.43645,56.08996],[12.43641,56.08984]]]},"properties":{"STRKAFS":605143,"NAVN":"Horneby Sand","HOVER_NAME":"Horneby Sand","TIB":"605","BANENR":null,"FRA_KM":14.256,"TIL_KM":14.333,"FORKORTELSE":"Hsa","BANENR_NAVN":null,"HVDSTRK_NAVN":"(Helsingør) - (Gilleleje)","DELSTRK_NAVN":"(Helsingør) - Gilleleje","BTRTYPETEKST":"Trinbræt","BANEKLASSETEKST":"Privatbane"}},{"type":"Feature","id":367919,"geometry":{"type":"Polygon","coordinates":[[[12.42456,56.0924],[12.42447,56.09229],[12.42337,56.09252],[12.42352,56.09275],[12.42463,56.09252],[12.42456,56.0924]]]},"properties":{"STRKAFS":605151,"NAVN":"Kildekrog","HOVER_NAME":"Kildekrog","TIB":"605","BANENR":null,"FRA_KM":15.054,"TIL_KM":15.127,"FORKORTELSE":"Kil","BANENR_NAVN":null,"HVDSTRK_NAVN":"(Helsingør) - (Gilleleje)","DELSTRK_NAVN":"(Helsingør) - Gilleleje","BTRTYPETEKST":"Trinbræt","BANEKLASSETEKST":"Privatbane"}},{"type":"Feature","id":367920,"geometry":{"type":"Polygon","coordinates":[[[12.33484,56.1002],[12.33472,56.1001],[12.33371,56.10051],[12.33398,56.10071],[12.33497,56.10031],[12.33484,56.1002]]]},"properties":{"STRKAFS":605209,"NAVN":"Søborg","HOVER_NAME":"Søborg","TIB":"605","BANENR":null,"FRA_KM":20.775000000000002,"TIL_KM":20.852,"FORKORTELSE":"Søb","BANENR_NAVN":null,"HVDSTRK_NAVN":"(Helsingør) - (Gilleleje)","DELSTRK_NAVN":"(Helsingør) - Gilleleje","BTRTYPETEKST":"Trinbræt","BANEKLASSETEKST":"Privatbane"}},{"type":"Feature","id":367921,"geometry":{"type":"Polygon","coordinates":[[[12.31913,56.11177],[12.31892,56.11172],[12.3184,56.11232],[12.31881,56.11242],[12.31933,56.11183],[12.31913,56.11177]]]},"properties":{"STRKAFS":605225,"NAVN":"Stæremosen","HOVER_NAME":"Stæremosen","TIB":"605","BANENR":null,"FRA_KM":22.428,"TIL_KM":22.502000000000002,"FORKORTELSE":"Stæ","BANENR_NAVN":null,"HVDSTRK_NAVN":"(Helsingør) - (Gilleleje)","DELSTRK_NAVN":"(Helsingør) - Gilleleje","BTRTYPETEKST":"Trinbræt","BANEKLASSETEKST":"Privatbane"}},{"type":"Feature","id":367922,"geometry":{"type":"Polygon","coordinates":[[[12.30983,56.12219],[12.30964,56.12212],[12.30896,56.1226],[12.30927,56.12279],[12.31001,56.12226],[12.30983,56.12219]]]},"properties":{"STRKAFS":605237,"NAVN":"Gilleleje Øst","HOVER_NAME":"Gilleleje Øst","TIB":"605","BANENR":null,"FRA_KM":23.726000000000003,"TIL_KM":23.8,"FORKORTELSE":"Glø","BANENR_NAVN":null,"HVDSTRK_NAVN":"(Helsingør) - (Gilleleje)","DELSTRK_NAVN":"(Helsingør) - Gilleleje","BTRTYPETEKST":"Trinbræt","BANEKLASSETEKST":"Privatbane"}},{"type":"Feature","id":367923,"geometry":{"type":"Polygon","coordinates":[[[12.31321,55.93764],[12.31262,55.93833],[12.31174,55.94003],[12.31217,55.9401],[12.31328,55.93765],[12.31321,55.93764]]]},"properties":{"STRKAFS":606002,"NAVN":"Hillerød - Slotspavillonen","HOVER_NAME":"Hillerød - Slotspavillonen","TIB":"606","BANENR":null,"FRA_KM":1.1880000000000002,"TIL_KM":1.469,"FORKORTELSE":"Hi-Spg","BANENR_NAVN":null,"HVDSTRK_NAVN":"(Hillerød) - Gilleleje","DELSTRK_NAVN":"(Hillerød) - Gilleleje","BTRTYPETEKST":"Fri Bane","BANEKLASSETEKST":"Privatbane"}},{"type":"Feature","id":367924,"geometry":{"type":"Polygon","coordinates":[[[12.31195,55.94007],[12.31174,55.94003],[12.31124,55.94118],[12.31034,55.94602],[12.31079,55.94604],[12.31165,55.94133],[12.31217,55.9401],[12.31195,55.94007]]]},"properties":{"STRKAFS":606003,"NAVN":"Slotspavillonen","HOVER_NAME":"Slotspavillonen","TIB":"606","BANENR":null,"FRA_KM":1.469,"TIL_KM":2.14,"FORKORTELSE":"Spg","BANENR_NAVN":null,"HVDSTRK_NAVN":"(Hillerød) - Gilleleje","DELSTRK_NAVN":"(Hillerød) - Gilleleje","BTRTYPETEKST":"Station","BANEKLASSETEKST":"Privatbane"}},{"type":"Feature","id":367925,"geometry":{"type":"Polygon","coordinates":[[[12.31057,55.94603],[12.31034,55.94602],[12.30895,55.9538],[12.30992,55.96342],[12.31014,55.96415],[12.31065,55.965],[12.3156,55.97054],[12.31614,55.97132],[12.31654,55.97263],[12.31651,55.97347],[12.31626,55.97423],[12.31529,55.97632],[12.31447,55.97728],[12.30377,55.98607],[12.28962,55.99469],[12.28995,55.99487],[12.30414,55.98621],[12.31485,55.97741],[12.31572,55.9764],[12.31669,55.97429],[12.31696,55.9735],[12.31699,55.97263],[12.31657,55.97124],[12.316,55.97043],[12.31106,55.9649],[12.31036,55.96339],[12.30939,55.95405],[12.31079,55.94604],[12.31057,55.94603]]]},"properties":{"STRKAFS":606004,"NAVN":"Slotspavillonen - Kagerup","HOVER_NAME":"Slotspavillonen - Kagerup","TIB":"606","BANENR":null,"FRA_KM":2.14,"TIL_KM":8.237,"FORKORTELSE":"Spg-Kgg","BANENR_NAVN":null,"HVDSTRK_NAVN":"(Hillerød) - Gilleleje","DELSTRK_NAVN":"(Hillerød) - Gilleleje","BTRTYPETEKST":"Fri Bane","BANEKLASSETEKST":"Privatbane"}},{"type":"Feature","id":367926,"geometry":{"type":"Polygon","coordinates":[[[12.3025,55.98711],[12.30233,55.98703],[12.30149,55.98754],[12.30182,55.98771],[12.30266,55.9872],[12.3025,55.98711]]]},"properties":{"STRKAFS":606007,"NAVN":"Gribsø","HOVER_NAME":"Gribsø","TIB":"606","BANENR":null,"FRA_KM":7.072,"TIL_KM":7.15,"FORKORTELSE":"Gøg","BANENR_NAVN":null,"HVDSTRK_NAVN":"(Hillerød) - Gilleleje","DELSTRK_NAVN":"(Hillerød) - Gilleleje","BTRTYPETEKST":"Trinbræt","BANEKLASSETEKST":"Privatbane"}},{"type":"Feature","id":367927,"geometry":{"type":"Polygon","coordinates":[[[12.28609,55.99883],[12.28603,55.99837],[12.28621,55.99777],[12.2867,55.99702],[12.28776,55.99619],[12.28995,55.99487],[12.28962,55.99469],[12.28632,55.99675],[12.28581,55.9974],[12.28539,55.99834],[12.28417,55.99996],[12.2846,56.00005],[12.28561,55.99871],[12.28606,56.00022],[12.2865,56.00018],[12.28623,55.99928],[12.28609,55.99883]]]},"properties":{"STRKAFS":606009,"NAVN":"Kagerup","HOVER_NAME":"Kagerup","TIB":"606,608","BANENR":null,"FRA_KM":8.237,"TIL_KM":8.928,"FORKORTELSE":"Kgg","BANENR_NAVN":null,"HVDSTRK_NAVN":"(Hillerød) - Gilleleje","DELSTRK_NAVN":"(Hillerød) - Gilleleje","BTRTYPETEKST":"Station","BANEKLASSETEKST":"Privatbane"}},{"type":"Feature","id":367928,"geometry":{"type":"Polygon","coordinates":[[[12.01602,55.97068],[12.01798,55.97022],[12.01885,55.96968],[12.01937,55.96908],[12.02057,55.96358],[12.02057,55.96245],[12.02013,55.96247],[12.02007,55.96382],[12.01888,55.96865],[12.0185,55.96945],[12.01781,55.96997],[12.01681,55.97032],[12.01365,55.97049],[12.01367,55.97074],[12.01593,55.97069],[12.01602,55.97068]]]},"properties":{"STRKAFS":604025,"NAVN":"Frederiksværk","HOVER_NAME":"Frederiksværk","TIB":"604","BANENR":null,"FRA_KM":25.151,"TIL_KM":26.305,"FORKORTELSE":"Frv","BANENR_NAVN":null,"HVDSTRK_NAVN":"(Hillerød) - Hundested Havn","DELSTRK_NAVN":"(Hillerød) - Hundested Havn","BTRTYPETEKST":"Station","BANEKLASSETEKST":"Privatbane"}},{"type":"Feature","id":367929,"geometry":{"type":"Polygon","coordinates":[[[11.97839,55.99183],[11.98061,55.99112],[11.9821,55.99026],[12.00551,55.97192],[12.00674,55.97135],[12.00824,55.97096],[12.01367,55.97074],[12.01365,55.97049],[12.00835,55.97069],[12.00664,55.97109],[12.00517,55.97175],[11.98159,55.99022],[11.97935,55.9913],[11.97632,55.99186],[11.97636,55.99211],[11.97838,55.99183],[11.97839,55.99183]]]},"properties":{"STRKAFS":604026,"NAVN":"Frederiksværk - Melby","HOVER_NAME":"Frederiksværk - Melby","TIB":"604","BANENR":null,"FRA_KM":26.305,"TIL_KM":29.79,"FORKORTELSE":"Frv-Mel","BANENR_NAVN":null,"HVDSTRK_NAVN":"(Hillerød) - Hundested Havn","DELSTRK_NAVN":"(Hillerød) - Hundested Havn","BTRTYPETEKST":"Fri Bane","BANEKLASSETEKST":"Privatbane"}},{"type":"Feature","id":367930,"geometry":{"type":"Polygon","coordinates":[[[12.00134,55.97493],[12.00115,55.97486],[12.00013,55.97566],[12.0005,55.97581],[12.00152,55.975],[12.00134,55.97493]]]},"properties":{"STRKAFS":604027,"NAVN":"Hanehoved","HOVER_NAME":"Hanehoved","TIB":"604","BANENR":null,"FRA_KM":27.289,"TIL_KM":27.400000000000002,"FORKORTELSE":"Hhf","BANENR_NAVN":null,"HVDSTRK_NAVN":"(Hillerød) - Hundested Havn","DELSTRK_NAVN":"(Hillerød) - Hundested Havn","BTRTYPETEKST":"Trinbræt","BANEKLASSETEKST":"Privatbane"}},{"type":"Feature","id":367931,"geometry":{"type":"Polygon","coordinates":[[[11.97634,55.99198],[11.97632,55.99186],[11.97315,55.99169],[11.96508,55.98999],[11.96492,55.99022],[11.97329,55.99197],[11.97636,55.99211],[11.97634,55.99198]]]},"properties":{"STRKAFS":604029,"NAVN":"Melby","HOVER_NAME":"Melby","TIB":"604","BANENR":null,"FRA_KM":29.79,"TIL_KM":30.534000000000002,"FORKORTELSE":"Mel","BANENR_NAVN":null,"HVDSTRK_NAVN":"(Hillerød) - Hundested Havn","DELSTRK_NAVN":"(Hillerød) - Hundested Havn","BTRTYPETEKST":"Station","BANEKLASSETEKST":"Privatbane"}},{"type":"Feature","id":367932,"geometry":{"type":"Polygon","coordinates":[[[11.94888,55.98656],[11.94872,55.98679],[11.96492,55.99022],[11.96508,55.98999],[11.9489,55.98656],[11.94888,55.98656]]]},"properties":{"STRKAFS":604030,"NAVN":"Melby - Dyssekilde","HOVER_NAME":"Melby - Dyssekilde","TIB":"604","BANENR":null,"FRA_KM":30.534000000000002,"TIL_KM":31.615000000000002,"FORKORTELSE":"Mel-Dsk","BANENR_NAVN":null,"HVDSTRK_NAVN":"(Hillerød) - Hundested Havn","DELSTRK_NAVN":"(Hillerød) - Hundested Havn","BTRTYPETEKST":"Fri Bane","BANEKLASSETEKST":"Privatbane"}},{"type":"Feature","id":367933,"geometry":{"type":"Polygon","coordinates":[[[11.93694,55.98403],[11.93674,55.98425],[11.94265,55.98558],[11.94872,55.98679],[11.94888,55.98656],[11.93729,55.9841],[11.93694,55.98403]]]},"properties":{"STRKAFS":604031,"NAVN":"Dyssekilde","HOVER_NAME":"Dyssekilde","TIB":"604","BANENR":null,"FRA_KM":31.615000000000002,"TIL_KM":32.413000000000004,"FORKORTELSE":"Dsk","BANENR_NAVN":null,"HVDSTRK_NAVN":"(Hillerød) - Hundested Havn","DELSTRK_NAVN":"(Hillerød) - Hundested Havn","BTRTYPETEKST":"Station","BANEKLASSETEKST":"Privatbane"}},{"type":"Feature","id":367934,"geometry":{"type":"Polygon","coordinates":[[[11.91981,55.97885],[11.91956,55.97906],[11.93029,55.98281],[11.93674,55.98425],[11.93693,55.98402],[11.93051,55.98259],[11.91981,55.97885],[11.91981,55.97885]]]},"properties":{"STRKAFS":604032,"NAVN":"Dyssekilde - Østerbjerg","HOVER_NAME":"Dyssekilde - Østerbjerg","TIB":"604","BANENR":null,"FRA_KM":32.413000000000004,"TIL_KM":33.634,"FORKORTELSE":"Dsk-Øsf","BANENR_NAVN":null,"HVDSTRK_NAVN":"(Hillerød) - Hundested Havn","DELSTRK_NAVN":"(Hillerød) - Hundested Havn","BTRTYPETEKST":"Fri Bane","BANEKLASSETEKST":"Privatbane"}},{"type":"Feature","id":367935,"geometry":{"type":"Polygon","coordinates":[[[11.90914,55.97509],[11.9089,55.97531],[11.91355,55.977],[11.91956,55.97906],[11.9198,55.97885],[11.90916,55.9751],[11.90914,55.97509]]]},"properties":{"STRKAFS":604033,"NAVN":"Østerbjerg","HOVER_NAME":"Østerbjerg","TIB":"604","BANENR":null,"FRA_KM":33.634,"TIL_KM":34.42,"FORKORTELSE":"Øsf","BANENR_NAVN":null,"HVDSTRK_NAVN":"(Hillerød) - Hundested Havn","DELSTRK_NAVN":"(Hillerød) - Hundested Havn","BTRTYPETEKST":"Station","BANEKLASSETEKST":"Privatbane"}},{"type":"Feature","id":367936,"geometry":{"type":"Polygon","coordinates":[[[11.86608,55.95661],[11.8645,55.95641],[11.86273,55.95641],[11.86107,55.95659],[11.85948,55.95697],[11.85581,55.95861],[11.85461,55.95943],[11.85336,55.96057],[11.85377,55.96067],[11.85529,55.95933],[11.85683,55.9584],[11.86026,55.95703],[11.8619,55.95673],[11.8637,55.95664],[11.86687,55.95706],[11.86919,55.95802],[11.87716,55.96302],[11.87864,55.9638],[11.89871,55.97171],[11.9089,55.97531],[11.90914,55.97509],[11.89896,55.9715],[11.87891,55.9636],[11.869,55.95756],[11.86783,55.95707],[11.86609,55.95661],[11.86608,55.95661]]]},"properties":{"STRKAFS":604036,"NAVN":"Østerbjerg - Hundested","HOVER_NAME":"Østerbjerg - Hundested","TIB":"604","BANENR":null,"FRA_KM":34.42,"TIL_KM":38.791000000000004,"FORKORTELSE":"Øsf-Hun","BANENR_NAVN":null,"HVDSTRK_NAVN":"(Hillerød) - Hundested Havn","DELSTRK_NAVN":"(Hillerød) - Hundested Havn","BTRTYPETEKST":"Fri Bane","BANEKLASSETEKST":"Privatbane"}},{"type":"Feature","id":367937,"geometry":{"type":"Polygon","coordinates":[[[11.87299,55.96003],[11.87264,55.96019],[11.87359,55.96078],[11.87393,55.96062],[11.87314,55.96012],[11.87299,55.96003]]]},"properties":{"STRKAFS":604037,"NAVN":"Vibehus","HOVER_NAME":"Vibehus","TIB":"604","BANENR":null,"FRA_KM":37.159,"TIL_KM":37.25,"FORKORTELSE":"Vif","BANENR_NAVN":null,"HVDSTRK_NAVN":"(Hillerød) - Hundested Havn","DELSTRK_NAVN":"(Hillerød) - Hundested Havn","BTRTYPETEKST":"Trinbræt","BANEKLASSETEKST":"Privatbane"}},{"type":"Feature","id":367938,"geometry":{"type":"Polygon","coordinates":[[[11.85357,55.96062],[11.85336,55.96057],[11.85316,55.96093],[11.8526,55.96321],[11.85199,55.9646],[11.85241,55.96468],[11.8529,55.96392],[11.85377,55.96067],[11.85357,55.96062]]]},"properties":{"STRKAFS":604039,"NAVN":"Hundested","HOVER_NAME":"Hundested","TIB":"604","BANENR":null,"FRA_KM":38.791000000000004,"TIL_KM":39.243,"FORKORTELSE":"Hun","BANENR_NAVN":null,"HVDSTRK_NAVN":"(Hillerød) - Hundested Havn","DELSTRK_NAVN":"(Hillerød) - Hundested Havn","BTRTYPETEKST":"Station","BANEKLASSETEKST":"Privatbane"}},{"type":"Feature","id":367939,"geometry":{"type":"Polygon","coordinates":[[[11.85071,55.96612],[11.85241,55.96468],[11.85199,55.9646],[11.85067,55.96578],[11.84987,55.96611],[11.84896,55.96612],[11.84685,55.96568],[11.84605,55.96567],[11.84587,55.9658],[11.84915,55.9664],[11.85065,55.96615],[11.85071,55.96612]]]},"properties":{"STRKAFS":604041,"NAVN":"Hundested Havn","HOVER_NAME":"Hundested Havn","TIB":"604","BANENR":null,"FRA_KM":39.243,"TIL_KM":39.736000000000004,"FORKORTELSE":"Huh","BANENR_NAVN":null,"HVDSTRK_NAVN":"(Hillerød) - Hundested Havn","DELSTRK_NAVN":"(Hillerød) - Hundested Havn","BTRTYPETEKST":"Station","BANEKLASSETEKST":"Privatbane"}},{"type":"Feature","id":367940,"geometry":{"type":"Polygon","coordinates":[[[12.61463,56.03377],[12.61441,56.03364],[12.61409,56.03379],[12.61566,56.03471],[12.61602,56.036],[12.61482,56.03709],[12.61302,56.03809],[12.61273,56.03843],[12.61262,56.03892],[12.61306,56.03894],[12.61314,56.03854],[12.6134,56.03823],[12.61517,56.03724],[12.61645,56.03609],[12.61648,56.03566],[12.61611,56.03465],[12.61483,56.03391],[12.61463,56.03377]]]},"properties":{"STRKAFS":605002,"NAVN":"Helsingør - Grønnehave","HOVER_NAME":"Helsingør - Grønnehave","TIB":"605","BANENR":null,"FRA_KM":0,"TIL_KM":0.7000000000000001,"FORKORTELSE":"Hg-Grø","BANENR_NAVN":null,"HVDSTRK_NAVN":"(Helsingør) - (Gilleleje)","DELSTRK_NAVN":"(Helsingør) - Gilleleje","BTRTYPETEKST":"Fri Bane","BANEKLASSETEKST":"Privatbane"}},{"type":"Feature","id":367941,"geometry":{"type":"Polygon","coordinates":[[[12.61284,56.03893],[12.61262,56.03892],[12.61238,56.03937],[12.61184,56.03972],[12.60827,56.04108],[12.60713,56.04198],[12.60754,56.04209],[12.60875,56.04118],[12.612,56.04],[12.61277,56.03949],[12.61306,56.03894],[12.61284,56.03893]]]},"properties":{"STRKAFS":605003,"NAVN":"Grønnehave","HOVER_NAME":"Grønnehave","TIB":"605","BANENR":null,"FRA_KM":0.7000000000000001,"TIL_KM":1.2,"FORKORTELSE":"Grø","BANENR_NAVN":null,"HVDSTRK_NAVN":"(Helsingør) - (Gilleleje)","DELSTRK_NAVN":"(Helsingør) - Gilleleje","BTRTYPETEKST":"Station","BANEKLASSETEKST":"Privatbane"}},{"type":"Feature","id":367942,"geometry":{"type":"Polygon","coordinates":[[[12.60114,56.0435],[12.60522,56.04321],[12.6064,56.04282],[12.60754,56.04209],[12.60713,56.04198],[12.6061,56.04263],[12.6049,56.04301],[12.60069,56.04327],[12.59933,56.04354],[12.59826,56.04402],[12.5952,56.04598],[12.59559,56.04611],[12.59913,56.04392],[12.6011,56.0435],[12.60114,56.0435]]]},"properties":{"STRKAFS":605004,"NAVN":"Grønnehave - Højstrup","HOVER_NAME":"Grønnehave - Højstrup","TIB":"605","BANENR":null,"FRA_KM":1.2,"TIL_KM":2.11,"FORKORTELSE":"Grø-Høp","BANENR_NAVN":null,"HVDSTRK_NAVN":"(Helsingør) - (Gilleleje)","DELSTRK_NAVN":"(Helsingør) - Gilleleje","BTRTYPETEKST":"Fri Bane","BANEKLASSETEKST":"Privatbane"}},{"type":"Feature","id":367943,"geometry":{"type":"Polygon","coordinates":[[[12.5954,56.04604],[12.5952,56.04598],[12.59372,56.04719],[12.59222,56.04914],[12.59158,56.04969],[12.59192,56.04986],[12.59237,56.04951],[12.59416,56.04735],[12.59559,56.04611],[12.5954,56.04604]]]},"properties":{"STRKAFS":605005,"NAVN":"Højstrup","HOVER_NAME":"Højstrup","TIB":"605","BANENR":null,"FRA_KM":2.11,"TIL_KM":2.59,"FORKORTELSE":"Høp","BANENR_NAVN":null,"HVDSTRK_NAVN":"(Helsingør) - (Gilleleje)","DELSTRK_NAVN":"(Helsingør) - Gilleleje","BTRTYPETEKST":"Station","BANEKLASSETEKST":"Privatbane"}},{"type":"Feature","id":367944,"geometry":{"type":"Polygon","coordinates":[[[12.59175,56.04977],[12.59158,56.04969],[12.58739,56.0518],[12.5854,56.05317],[12.58417,56.05378],[12.57751,56.05581],[12.56078,56.06277],[12.55703,56.06472],[12.55736,56.06489],[12.56163,56.06272],[12.57815,56.05586],[12.58286,56.05456],[12.58445,56.05399],[12.58574,56.05334],[12.58755,56.05207],[12.59192,56.04986],[12.59175,56.04977]]]},"properties":{"STRKAFS":605006,"NAVN":"Højstrup - Hellebæk","HOVER_NAME":"Højstrup - Hellebæk","TIB":"605","BANENR":null,"FRA_KM":2.59,"TIL_KM":5.34,"FORKORTELSE":"Høp-Hel","BANENR_NAVN":null,"HVDSTRK_NAVN":"(Helsingør) - (Gilleleje)","DELSTRK_NAVN":"(Helsingør) - Gilleleje","BTRTYPETEKST":"Fri Bane","BANEKLASSETEKST":"Privatbane"}},{"type":"Feature","id":367945,"geometry":{"type":"Polygon","coordinates":[[[12.5572,56.06481],[12.55703,56.06472],[12.55111,56.06798],[12.55143,56.06816],[12.55736,56.06489],[12.5572,56.06481]]]},"properties":{"STRKAFS":605007,"NAVN":"Hellebæk","HOVER_NAME":"Hellebæk","TIB":"605","BANENR":null,"FRA_KM":5.34,"TIL_KM":5.849,"FORKORTELSE":"Hel","BANENR_NAVN":null,"HVDSTRK_NAVN":"(Helsingør) - (Gilleleje)","DELSTRK_NAVN":"(Helsingør) - Gilleleje","BTRTYPETEKST":"Station","BANEKLASSETEKST":"Privatbane"}},{"type":"Feature","id":367946,"geometry":{"type":"Polygon","coordinates":[[[12.55127,56.06807],[12.55111,56.06798],[12.54694,56.0703],[12.54197,56.07365],[12.54235,56.07379],[12.54697,56.07065],[12.55143,56.06816],[12.55127,56.06807]]]},"properties":{"STRKAFS":605008,"NAVN":"Hellebæk - Ålsgårde","HOVER_NAME":"Hellebæk - Ålsgårde","TIB":"605","BANENR":null,"FRA_KM":5.849,"TIL_KM":6.7,"FORKORTELSE":"Hel-Aal","BANENR_NAVN":null,"HVDSTRK_NAVN":"(Helsingør) - (Gilleleje)","DELSTRK_NAVN":"(Helsingør) - Gilleleje","BTRTYPETEKST":"Fri Bane","BANEKLASSETEKST":"Privatbane"}},{"type":"Feature","id":367947,"geometry":{"type":"Polygon","coordinates":[[[12.54036,56.07481],[12.5414,56.07439],[12.54235,56.07379],[12.54197,56.07365],[12.54085,56.07432],[12.53951,56.07475],[12.53243,56.07531],[12.53067,56.07565],[12.52874,56.07628],[12.52903,56.07647],[12.53086,56.07587],[12.53253,56.07555],[12.5389,56.07512],[12.54034,56.07481],[12.54036,56.07481]]]},"properties":{"STRKAFS":605009,"NAVN":"Ålsgårde","HOVER_NAME":"Ålsgårde","TIB":"605","BANENR":null,"FRA_KM":6.7,"TIL_KM":7.6000000000000005,"FORKORTELSE":"Aal","BANENR_NAVN":null,"HVDSTRK_NAVN":"(Helsingør) - (Gilleleje)","DELSTRK_NAVN":"(Helsingør) - Gilleleje","BTRTYPETEKST":"Station","BANEKLASSETEKST":"Privatbane"}},{"type":"Feature","id":367948,"geometry":{"type":"Polygon","coordinates":[[[12.52252,56.07962],[12.5246,56.07891],[12.52903,56.07647],[12.52874,56.07628],[12.5284,56.07643],[12.52454,56.0786],[12.52335,56.0791],[12.52156,56.07954],[12.51975,56.0797],[12.5167,56.07937],[12.50767,56.07629],[12.50482,56.07575],[12.5019,56.07568],[12.48926,56.07659],[12.48933,56.07683],[12.50194,56.07593],[12.5045,56.07597],[12.50746,56.07651],[12.51689,56.07968],[12.51975,56.07995],[12.52247,56.07963],[12.52252,56.07962]]]},"properties":{"STRKAFS":605010,"NAVN":"Ålsgårde - Saunte","HOVER_NAME":"Ålsgårde - Saunte","TIB":"605","BANENR":null,"FRA_KM":7.6000000000000005,"TIL_KM":10.33,"FORKORTELSE":"Aal-Sau","BANENR_NAVN":null,"HVDSTRK_NAVN":"(Helsingør) - (Gilleleje)","DELSTRK_NAVN":"(Helsingør) - Gilleleje","BTRTYPETEKST":"Fri Bane","BANEKLASSETEKST":"Privatbane"}},{"type":"Feature","id":367949,"geometry":{"type":"Polygon","coordinates":[[[12.48408,56.07721],[12.48933,56.07683],[12.48926,56.07659],[12.48137,56.07723],[12.4815,56.07747],[12.48385,56.07723],[12.48408,56.07721]]]},"properties":{"STRKAFS":605013,"NAVN":"Saunte","HOVER_NAME":"Saunte","TIB":"605","BANENR":null,"FRA_KM":10.33,"TIL_KM":10.82,"FORKORTELSE":"Sau","BANENR_NAVN":null,"HVDSTRK_NAVN":"(Helsingør) - (Gilleleje)","DELSTRK_NAVN":"(Helsingør) - Gilleleje","BTRTYPETEKST":"Station","BANEKLASSETEKST":"Privatbane"}},{"type":"Feature","id":367950,"geometry":{"type":"Polygon","coordinates":[[[12.48144,56.07735],[12.48137,56.07723],[12.48025,56.07746],[12.47799,56.07821],[12.46759,56.08342],[12.46592,56.08476],[12.46399,56.08776],[12.46435,56.08792],[12.46453,56.08775],[12.46633,56.08487],[12.46799,56.08354],[12.47812,56.07847],[12.47972,56.07788],[12.4815,56.07747],[12.48144,56.07735]]]},"properties":{"STRKAFS":605014,"NAVN":"Saunte - Hornbæk","HOVER_NAME":"Saunte - Hornbæk","TIB":"605","BANENR":null,"FRA_KM":10.82,"TIL_KM":12.46,"FORKORTELSE":"Sau-Hnk","BANENR_NAVN":null,"HVDSTRK_NAVN":"(Helsingør) - (Gilleleje)","DELSTRK_NAVN":"(Helsingør) - Gilleleje","BTRTYPETEKST":"Fri Bane","BANEKLASSETEKST":"Privatbane"}},{"type":"Feature","id":367951,"geometry":{"type":"Polygon","coordinates":[[[12.46252,56.08891],[12.46348,56.0885],[12.46435,56.08792],[12.46399,56.08776],[12.46258,56.08859],[12.46095,56.08894],[12.45459,56.08889],[12.45457,56.08914],[12.46007,56.0893],[12.46249,56.08892],[12.46252,56.08891]]]},"properties":{"STRKAFS":605015,"NAVN":"Hornbæk","HOVER_NAME":"Hornbæk","TIB":"605","BANENR":null,"FRA_KM":12.46,"TIL_KM":13.11,"FORKORTELSE":"Hnk","BANENR_NAVN":null,"HVDSTRK_NAVN":"(Helsingør) - (Gilleleje)","DELSTRK_NAVN":"(Helsingør) - Gilleleje","BTRTYPETEKST":"Station","BANEKLASSETEKST":"Privatbane"}},{"type":"Feature","id":367952,"geometry":{"type":"Polygon","coordinates":[[[12.44863,56.08873],[12.45457,56.08914],[12.45459,56.08889],[12.4504,56.08851],[12.44812,56.0885],[12.43316,56.09006],[12.43102,56.09046],[12.42631,56.0919],[12.41828,56.09354],[12.3984,56.09631],[12.39162,56.09708],[12.39171,56.09733],[12.39779,56.09664],[12.41775,56.09389],[12.42649,56.09213],[12.43091,56.09077],[12.43289,56.09036],[12.44835,56.08874],[12.44863,56.08873]]]},"properties":{"STRKAFS":605016,"NAVN":"Hornbæk - Dronningmølle","HOVER_NAME":"Hornbæk - Dronningmølle","TIB":"605","BANENR":null,"FRA_KM":13.11,"TIL_KM":17.17,"FORKORTELSE":"Hnk-Drm","BANENR_NAVN":null,"HVDSTRK_NAVN":"(Helsingør) - (Gilleleje)","DELSTRK_NAVN":"(Helsingør) - Gilleleje","BTRTYPETEKST":"Fri Bane","BANEKLASSETEKST":"Privatbane"}},{"type":"Feature","id":367953,"geometry":{"type":"Polygon","coordinates":[[[12.39167,56.09721],[12.39162,56.09708],[12.38124,56.09814],[12.3813,56.09839],[12.38275,56.0983],[12.39171,56.09733],[12.39167,56.09721]]]},"properties":{"STRKAFS":605019,"NAVN":"Dronningmølle","HOVER_NAME":"Dronningmølle","TIB":"605","BANENR":null,"FRA_KM":17.17,"TIL_KM":17.830000000000002,"FORKORTELSE":"Drm","BANENR_NAVN":null,"HVDSTRK_NAVN":"(Helsingør) - (Gilleleje)","DELSTRK_NAVN":"(Helsingør) - Gilleleje","BTRTYPETEKST":"Station","BANEKLASSETEKST":"Privatbane"}},{"type":"Feature","id":367954,"geometry":{"type":"Polygon","coordinates":[[[11.47697,54.77656],[11.48043,54.77657],[11.48715,54.77717],[11.49158,54.77712],[11.49547,54.77734],[11.4955,54.77709],[11.4916,54.77687],[11.48717,54.77692],[11.48047,54.77632],[11.47693,54.77631],[11.4619,54.77719],[11.38482,54.78273],[11.38,54.7832],[11.38016,54.78344],[11.38488,54.78298],[11.46195,54.77744],[11.47589,54.77662],[11.47697,54.77656]]]},"properties":{"STRKAFS":632026,"NAVN":"Maribo - Ryde","HOVER_NAME":"Maribo - Ryde","TIB":"632","BANENR":null,"FRA_KM":25.84,"TIL_KM":33.32,"FORKORTELSE":"Mrb-Ryd","BANENR_NAVN":null,"HVDSTRK_NAVN":"(Nykøbing Falster Vest) - Nakskov","DELSTRK_NAVN":"(Nykøbing Falster Vest) - Nakskov","BTRTYPETEKST":"Fri Bane","BANEKLASSETEKST":"Privatbane"}},{"type":"Feature","id":367955,"geometry":{"type":"Polygon","coordinates":[[[11.38008,54.78332],[11.38,54.7832],[11.37927,54.78331],[11.37547,54.78406],[11.36428,54.78693],[11.36445,54.78716],[11.37563,54.7843],[11.38016,54.78344],[11.38008,54.78332]]]},"properties":{"STRKAFS":632033,"NAVN":"Ryde","HOVER_NAME":"Ryde","TIB":"632","BANENR":null,"FRA_KM":33.32,"TIL_KM":34.410000000000004,"FORKORTELSE":"Ryd","BANENR_NAVN":null,"HVDSTRK_NAVN":"(Nykøbing Falster Vest) - Nakskov","DELSTRK_NAVN":"(Nykøbing Falster Vest) - Nakskov","BTRTYPETEKST":"Station","BANEKLASSETEKST":"Privatbane"}},{"type":"Feature","id":367956,"geometry":{"type":"Polygon","coordinates":[[[11.36438,54.78704],[11.36428,54.78693],[11.36206,54.78748],[11.27585,54.80952],[11.27603,54.80975],[11.36445,54.78716],[11.36438,54.78704]]]},"properties":{"STRKAFS":632036,"NAVN":"Ryde - Søllested","HOVER_NAME":"Ryde - Søllested","TIB":"632","BANENR":null,"FRA_KM":34.410000000000004,"TIL_KM":40.64,"FORKORTELSE":"Ryd-Søl","BANENR_NAVN":null,"HVDSTRK_NAVN":"(Nykøbing Falster Vest) - Nakskov","DELSTRK_NAVN":"(Nykøbing Falster Vest) - Nakskov","BTRTYPETEKST":"Fri Bane","BANEKLASSETEKST":"Privatbane"}},{"type":"Feature","id":367957,"geometry":{"type":"Polygon","coordinates":[[[11.27594,54.80963],[11.27585,54.80952],[11.26203,54.81305],[11.26221,54.81328],[11.27602,54.80975],[11.27594,54.80963]]]},"properties":{"STRKAFS":632041,"NAVN":"Søllested","HOVER_NAME":"Søllested","TIB":"632","BANENR":null,"FRA_KM":40.64,"TIL_KM":41.61,"FORKORTELSE":"Søl","BANENR_NAVN":null,"HVDSTRK_NAVN":"(Nykøbing Falster Vest) - Nakskov","DELSTRK_NAVN":"(Nykøbing Falster Vest) - Nakskov","BTRTYPETEKST":"Station","BANEKLASSETEKST":"Privatbane"}},{"type":"Feature","id":367958,"geometry":{"type":"Polygon","coordinates":[[[11.17637,54.83468],[11.20423,54.83189],[11.20967,54.8309],[11.21277,54.82994],[11.25352,54.81565],[11.26221,54.81328],[11.26203,54.81305],[11.25331,54.81544],[11.21173,54.83],[11.20668,54.83128],[11.1763,54.83443],[11.17302,54.83464],[11.16661,54.83452],[11.15094,54.83275],[11.15084,54.83299],[11.16723,54.83481],[11.17166,54.83492],[11.17637,54.83468],[11.17637,54.83468]]]},"properties":{"STRKAFS":632042,"NAVN":"Søllested - Nakskov","HOVER_NAME":"Søllested - Nakskov","TIB":"632","BANENR":null,"FRA_KM":41.61,"TIL_KM":49.35,"FORKORTELSE":"Søl-Nsk","BANENR_NAVN":null,"HVDSTRK_NAVN":"(Nykøbing Falster Vest) - Nakskov","DELSTRK_NAVN":"(Nykøbing Falster Vest) - Nakskov","BTRTYPETEKST":"Fri Bane","BANEKLASSETEKST":"Privatbane"}},{"type":"Feature","id":367959,"geometry":{"type":"Polygon","coordinates":[[[11.2162,54.82859],[11.21609,54.82848],[11.21472,54.82896],[11.21497,54.82916],[11.21631,54.8287],[11.2162,54.82859]]]},"properties":{"STRKAFS":632045,"NAVN":"Avnede","HOVER_NAME":"Avnede","TIB":"632","BANENR":null,"FRA_KM":45.02,"TIL_KM":45.03,"FORKORTELSE":"Avd","BANENR_NAVN":null,"HVDSTRK_NAVN":"(Nykøbing Falster Vest) - Nakskov","DELSTRK_NAVN":"(Nykøbing Falster Vest) - Nakskov","BTRTYPETEKST":"Trinbræt","BANEKLASSETEKST":"Privatbane"}},{"type":"Feature","id":367960,"geometry":{"type":"Polygon","coordinates":[[[9.97148,57.59],[9.97394,57.58879],[9.97552,57.58752],[9.97611,57.58669],[9.97699,57.58397],[9.97653,57.58394],[9.97592,57.58597],[9.97512,57.58728],[9.97446,57.58793],[9.97291,57.58896],[9.96992,57.59036],[9.96796,57.59105],[9.96551,57.59144],[9.96145,57.59172],[9.96127,57.59186],[9.96152,57.59197],[9.96373,57.59185],[9.96718,57.59148],[9.96898,57.59104],[9.97147,57.59],[9.97148,57.59]]]},"properties":{"STRKAFS":668017,"NAVN":"Hirtshals","HOVER_NAME":"Hirtshals","TIB":"668","BANENR":null,"FRA_KM":16.425,"TIL_KM":17.842000000000002,"FORKORTELSE":"Hhs","BANENR_NAVN":null,"HVDSTRK_NAVN":"Hjørring - Hirtshals","DELSTRK_NAVN":"Hjørring - Hirtshals","BTRTYPETEKST":"Station","BANEKLASSETEKST":"Privatbane"}},{"type":"Feature","id":367961,"geometry":{"type":"Polygon","coordinates":[[[9.96572,57.47294],[9.96531,57.47307],[9.96586,57.47361],[9.96628,57.47349],[9.96572,57.47294],[9.96572,57.47294]]]},"properties":{"STRKAFS":668033,"NAVN":"Herregårdsparken","HOVER_NAME":"Herregårdsparken","TIB":"668","BANENR":null,"FRA_KM":3.16,"TIL_KM":3.23,"FORKORTELSE":"Hgp","BANENR_NAVN":null,"HVDSTRK_NAVN":"Hjørring - Hirtshals","DELSTRK_NAVN":"Hjørring - Hirtshals","BTRTYPETEKST":"Trinbræt","BANEKLASSETEKST":"Privatbane"}},{"type":"Feature","id":367962,"geometry":{"type":"Polygon","coordinates":[[[9.9688,57.48031],[9.96876,57.48013],[9.9683,57.48016],[9.96843,57.48073],[9.96889,57.4807],[9.96882,57.48036],[9.9688,57.48031]]]},"properties":{"STRKAFS":668041,"NAVN":"Vellingshøj","HOVER_NAME":"Vellingshøj","TIB":"668","BANENR":null,"FRA_KM":3.9890000000000003,"TIL_KM":4.05,"FORKORTELSE":"Vlh","BANENR_NAVN":null,"HVDSTRK_NAVN":"Hjørring - Hirtshals","DELSTRK_NAVN":"Hjørring - Hirtshals","BTRTYPETEKST":"Trinbræt","BANEKLASSETEKST":"Privatbane"}},{"type":"Feature","id":367963,"geometry":{"type":"Polygon","coordinates":[[[9.94783,57.50162],[9.94781,57.50147],[9.94734,57.50149],[9.94744,57.5021],[9.9479,57.50209],[9.94786,57.50177],[9.94783,57.50162]]]},"properties":{"STRKAFS":668069,"NAVN":"Vidstrup","HOVER_NAME":"Vidstrup","TIB":"668","BANENR":null,"FRA_KM":6.8,"TIL_KM":6.87,"FORKORTELSE":"Vid","BANENR_NAVN":null,"HVDSTRK_NAVN":"Hjørring - Hirtshals","DELSTRK_NAVN":"Hjørring - Hirtshals","BTRTYPETEKST":"Trinbræt","BANEKLASSETEKST":"Privatbane"}},{"type":"Feature","id":367964,"geometry":{"type":"Polygon","coordinates":[[[9.97258,57.55917],[9.97211,57.5592],[9.97244,57.55979],[9.97289,57.55972],[9.97274,57.55945],[9.97258,57.55917]]]},"properties":{"STRKAFS":668135,"NAVN":"Horne","HOVER_NAME":"Horne","TIB":"668","BANENR":null,"FRA_KM":13.616000000000001,"TIL_KM":13.684000000000001,"FORKORTELSE":"Hon","BANENR_NAVN":null,"HVDSTRK_NAVN":"Hjørring - Hirtshals","DELSTRK_NAVN":"Hjørring - Hirtshals","BTRTYPETEKST":"Trinbræt","BANEKLASSETEKST":"Privatbane"}},{"type":"Feature","id":367965,"geometry":{"type":"Polygon","coordinates":[[[9.97787,57.57208],[9.97781,57.5719],[9.97735,57.57194],[9.97757,57.57256],[9.97804,57.57252],[9.9779,57.57215],[9.97787,57.57208]]]},"properties":{"STRKAFS":668151,"NAVN":"Emmersbæk","HOVER_NAME":"Emmersbæk","TIB":"668","BANENR":null,"FRA_KM":15.071000000000002,"TIL_KM":15.14,"FORKORTELSE":"Emm","BANENR_NAVN":null,"HVDSTRK_NAVN":"Hjørring - Hirtshals","DELSTRK_NAVN":"Hjørring - Hirtshals","BTRTYPETEKST":"Trinbræt","BANEKLASSETEKST":"Privatbane"}},{"type":"Feature","id":367966,"geometry":{"type":"Polygon","coordinates":[[[9.97672,57.58494],[9.97625,57.58491],[9.97606,57.58555],[9.97653,57.58557],[9.97671,57.58494],[9.97672,57.58494]]]},"properties":{"STRKAFS":668165,"NAVN":"Lilleheden","HOVER_NAME":"Lilleheden","TIB":"668","BANENR":null,"FRA_KM":16.534000000000002,"TIL_KM":16.606,"FORKORTELSE":"Lhe","BANENR_NAVN":null,"HVDSTRK_NAVN":"Hjørring - Hirtshals","DELSTRK_NAVN":"Hjørring - Hirtshals","BTRTYPETEKST":"Trinbræt","BANEKLASSETEKST":"Privatbane"}},{"type":"Feature","id":367967,"geometry":{"type":"Polygon","coordinates":[[[12.27863,55.56901],[12.27777,55.5686],[12.27749,55.5688],[12.27927,55.56968],[12.28138,55.57104],[12.28282,55.57239],[12.28596,55.57591],[12.28798,55.57752],[12.29101,55.57931],[12.30061,55.58375],[12.3063,55.58753],[12.30792,55.58818],[12.31028,55.58875],[12.31991,55.58997],[12.32199,55.59036],[12.32373,55.59087],[12.32463,55.59133],[12.32603,55.59215],[12.32736,55.59319],[12.32787,55.593],[12.32494,55.59109],[12.32269,55.59028],[12.3193,55.58965],[12.31025,55.58852],[12.30662,55.58734],[12.29984,55.58293],[12.29564,55.58098],[12.29144,55.57927],[12.28902,55.57789],[12.28653,55.57599],[12.28282,55.57182],[12.28126,55.5706],[12.27923,55.56933],[12.27863,55.56901]]]},"properties":{"STRKAFS":854020,"NAVN":"Hundige - Karlslunde","HOVER_NAME":"Hundige - Karlslunde","TIB":"850","BANENR":"85","FRA_KM":19.384,"TIL_KM":23.708000000000002,"FORKORTELSE":"Und-Klu","BANENR_NAVN":"(København H)/(Skelbæk) - Køge","HVDSTRK_NAVN":"København H/Skelbæk - Køge","DELSTRK_NAVN":"Hundige - Køge","BTRTYPETEKST":"Fri Bane","BANEKLASSETEKST":"S-bane"}},{"type":"Feature","id":367968,"geometry":{"type":"Polygon","coordinates":[[[12.27777,55.5686],[12.27576,55.56779],[12.27039,55.56621],[12.26051,55.5635],[12.26033,55.5637],[12.26809,55.56607],[12.26797,55.56624],[12.26935,55.56665],[12.27026,55.56663],[12.27224,55.56711],[12.27581,55.56814],[12.27572,55.56846],[12.27639,55.56856],[12.27649,55.56837],[12.27749,55.5688],[12.27764,55.56868],[12.27777,55.5686]]]},"properties":{"STRKAFS":854023,"NAVN":"Karlslunde","HOVER_NAME":"Karlslunde","TIB":"850","BANENR":"85","FRA_KM":23.708000000000002,"TIL_KM":24.935000000000002,"FORKORTELSE":"Klu","BANENR_NAVN":"(København H)/(Skelbæk) - Køge","HVDSTRK_NAVN":"København H/Skelbæk - Køge","DELSTRK_NAVN":"Hundige - Køge","BTRTYPETEKST":"Station","BANEKLASSETEKST":"S-bane"}},{"type":"Feature","id":367969,"geometry":{"type":"Polygon","coordinates":[[[12.23434,55.54653],[12.2329,55.54566],[12.23301,55.54559],[12.22654,55.54206],[12.22407,55.54017],[12.2217,55.53765],[12.22133,55.53775],[12.22297,55.53963],[12.2254,55.54166],[12.23239,55.54595],[12.23251,55.54589],[12.23463,55.54717],[12.23875,55.5502],[12.24337,55.55403],[12.24766,55.55792],[12.24991,55.55965],[12.25168,55.56065],[12.25403,55.56164],[12.26033,55.5637],[12.26051,55.5635],[12.25363,55.56125],[12.24987,55.55915],[12.24786,55.55759],[12.24073,55.55119],[12.23516,55.547],[12.23434,55.54653]]]},"properties":{"STRKAFS":854026,"NAVN":"Karlslunde - Solrød Strand","HOVER_NAME":"Karlslunde - Solrød Strand","TIB":"850","BANENR":"85","FRA_KM":24.935000000000002,"TIL_KM":28.772000000000002,"FORKORTELSE":"Klu-Sol","BANENR_NAVN":"(København H)/(Skelbæk) - Køge","HVDSTRK_NAVN":"København H/Skelbæk - Køge","DELSTRK_NAVN":"Hundige - Køge","BTRTYPETEKST":"Fri Bane","BANEKLASSETEKST":"S-bane"}},{"type":"Feature","id":367970,"geometry":{"type":"Polygon","coordinates":[[[12.22034,55.53484],[12.22017,55.53449],[12.21934,55.53457],[12.21617,55.53018],[12.21446,55.52843],[12.21399,55.52858],[12.22042,55.53678],[12.22133,55.53775],[12.2217,55.53765],[12.21971,55.53493],[12.22034,55.53484]]]},"properties":{"STRKAFS":854029,"NAVN":"Solrød Strand","HOVER_NAME":"Solrød Strand","TIB":"850","BANENR":"85","FRA_KM":28.772000000000002,"TIL_KM":29.895000000000003,"FORKORTELSE":"Sol","BANENR_NAVN":"(København H)/(Skelbæk) - Køge","HVDSTRK_NAVN":"København H/Skelbæk - Køge","DELSTRK_NAVN":"Hundige - Køge","BTRTYPETEKST":"Station","BANEKLASSETEKST":"S-bane"}},{"type":"Feature","id":367971,"geometry":{"type":"Polygon","coordinates":[[[12.20312,55.51493],[12.20278,55.5147],[12.20255,55.51478],[12.18984,55.50767],[12.18951,55.50787],[12.1952,55.51095],[12.20298,55.51554],[12.20493,55.5169],[12.20608,55.51795],[12.20722,55.51934],[12.21167,55.52615],[12.21399,55.52858],[12.21446,55.52843],[12.21209,55.52574],[12.20985,55.52217],[12.20774,55.51917],[12.20774,55.51897],[12.20567,55.51694],[12.20317,55.51516],[12.20312,55.51493]]]},"properties":{"STRKAFS":854030,"NAVN":"Solrød Strand - Ølsemagle","HOVER_NAME":"Solrød Strand - Ølsemagle","TIB":"850","BANENR":"85","FRA_KM":29.895000000000003,"TIL_KM":32.724000000000004,"FORKORTELSE":"Sol-Ølm","BANENR_NAVN":"(København H)/(Skelbæk) - Køge","HVDSTRK_NAVN":"København H/Skelbæk - Køge","DELSTRK_NAVN":"Hundige - Køge","BTRTYPETEKST":"Fri Bane","BANEKLASSETEKST":"S-bane"}},{"type":"Feature","id":367972,"geometry":{"type":"Polygon","coordinates":[[[12.17864,55.50154],[12.17752,55.50088],[12.17723,55.50102],[12.18367,55.50483],[12.18951,55.50787],[12.18984,55.50767],[12.18027,55.50249],[12.17864,55.50154]]]},"properties":{"STRKAFS":854033,"NAVN":"Ølsemagle","HOVER_NAME":"Ølsemagle","TIB":"850","BANENR":"85","FRA_KM":32.724000000000004,"TIL_KM":33.81,"FORKORTELSE":"Ølm","BANENR_NAVN":"(København H)/(Skelbæk) - Køge","HVDSTRK_NAVN":"København H/Skelbæk - Køge","DELSTRK_NAVN":"Hundige - Køge","BTRTYPETEKST":"Teknisk Station","BANEKLASSETEKST":"S-bane"}},{"type":"Feature","id":367973,"geometry":{"type":"Polygon","coordinates":[[[12.17383,55.48136],[12.17598,55.47978],[12.17988,55.47769],[12.18149,55.47642],[12.18216,55.47565],[12.18257,55.47487],[12.18382,55.47137],[12.18358,55.47135],[12.18222,55.475],[12.18106,55.47647],[12.17969,55.47749],[12.17619,55.4792],[12.17334,55.48116],[12.17308,55.4808],[12.1725,55.48141],[12.17281,55.48153],[12.17277,55.48168],[12.17223,55.48227],[12.17139,55.48395],[12.17014,55.4881],[12.17007,55.48932],[12.17038,55.49078],[12.17317,55.4971],[12.1747,55.49927],[12.17542,55.49992],[12.17723,55.50102],[12.17752,55.50088],[12.17582,55.49969],[12.1745,55.49828],[12.17215,55.49351],[12.17086,55.49025],[12.17079,55.4892],[12.17171,55.48438],[12.1724,55.48287],[12.17337,55.48179],[12.17383,55.48136]]]},"properties":{"STRKAFS":854034,"NAVN":"Ølsemagle - Køge","HOVER_NAME":"Ølsemagle - Køge","TIB":"850","BANENR":"85","FRA_KM":33.81,"TIL_KM":37.443000000000005,"FORKORTELSE":"Ølm-Kj","BANENR_NAVN":"(København H)/(Skelbæk) - Køge","HVDSTRK_NAVN":"København H/Skelbæk - Køge","DELSTRK_NAVN":"Hundige - Køge","BTRTYPETEKST":"Fri Bane","BANEKLASSETEKST":"S-bane"}},{"type":"Feature","id":367974,"geometry":{"type":"Polygon","coordinates":[[[12.07605,56.05945],[12.08463,56.05998],[12.08468,56.05973],[12.07608,56.0592],[12.07584,56.05932],[12.07601,56.05945],[12.07605,56.05945]]]},"properties":{"STRKAFS":608025,"NAVN":"Tisvildeleje","HOVER_NAME":"Tisvildeleje","TIB":"608","BANENR":null,"FRA_KM":24.35,"TIL_KM":24.78,"FORKORTELSE":"Tvl","BANENR_NAVN":null,"HVDSTRK_NAVN":"(Kagerup) - Tisvildeleje","DELSTRK_NAVN":"(Kagerup) - Tisvildeleje","BTRTYPETEKST":"Station","BANEKLASSETEKST":"Privatbane"}},{"type":"Feature","id":367975,"geometry":{"type":"Polygon","coordinates":[[[12.19079,56.03201],[12.1906,56.03193],[12.18977,56.03259],[12.19013,56.03273],[12.19097,56.03208],[12.19079,56.03201]]]},"properties":{"STRKAFS":608161,"NAVN":"Troldebakkerne","HOVER_NAME":"Troldebakkerne","TIB":"608","BANENR":null,"FRA_KM":16,"TIL_KM":16.09,"FORKORTELSE":"Tba","BANENR_NAVN":null,"HVDSTRK_NAVN":"(Kagerup) - Tisvildeleje","DELSTRK_NAVN":"(Kagerup) - Tisvildeleje","BTRTYPETEKST":"Trinbræt","BANEKLASSETEKST":"Privatbane"}},{"type":"Feature","id":367976,"geometry":{"type":"Polygon","coordinates":[[[12.1172,56.05934],[12.11715,56.05959],[12.11871,56.05974],[12.1188,56.05949],[12.11724,56.05935],[12.1172,56.05934]]]},"properties":{"STRKAFS":608221,"NAVN":"Holløse","HOVER_NAME":"Holløse","TIB":"608","BANENR":null,"FRA_KM":22.22,"TIL_KM":22.32,"FORKORTELSE":"Hog","BANENR_NAVN":null,"HVDSTRK_NAVN":"(Kagerup) - Tisvildeleje","DELSTRK_NAVN":"(Kagerup) - Tisvildeleje","BTRTYPETEKST":"Trinbræt","BANEKLASSETEKST":"Privatbane"}},{"type":"Feature","id":367977,"geometry":{"type":"Polygon","coordinates":[[[12.09797,56.05994],[12.09795,56.05981],[12.09604,56.05987],[12.09606,56.06012],[12.09798,56.06006],[12.09797,56.05994]]]},"properties":{"STRKAFS":608235,"NAVN":"Godhavn","HOVER_NAME":"Godhavn","TIB":"608","BANENR":null,"FRA_KM":23.52,"TIL_KM":23.64,"FORKORTELSE":"Ghg","BANENR_NAVN":null,"HVDSTRK_NAVN":"(Kagerup) - Tisvildeleje","DELSTRK_NAVN":"(Kagerup) - Tisvildeleje","BTRTYPETEKST":"Trinbræt","BANEKLASSETEKST":"Privatbane"}},{"type":"Feature","id":367978,"geometry":{"type":"Polygon","coordinates":[[[11.66894,55.71231],[11.67161,55.71236],[11.67518,55.71279],[11.69392,55.71683],[11.69488,55.717],[11.69496,55.71688],[11.6735,55.7124],[11.67022,55.71205],[11.66435,55.71229],[11.66133,55.71262],[11.65829,55.71334],[11.64585,55.71752],[11.64115,55.71974],[11.64147,55.71992],[11.64609,55.71773],[11.65927,55.71334],[11.66316,55.71263],[11.6685,55.71233],[11.66894,55.71231]]]},"properties":{"STRKAFS":609002,"NAVN":"Holbæk - Mårsø","HOVER_NAME":"Holbæk - Mårsø","TIB":"609","BANENR":null,"FRA_KM":0.77,"TIL_KM":4.47,"FORKORTELSE":"Hk-Må","BANENR_NAVN":null,"HVDSTRK_NAVN":"(Holbæk) -Nykøbing Sj","DELSTRK_NAVN":"(Holbæk) -Nykøbing Sj","BTRTYPETEKST":"Fri Bane","BANEKLASSETEKST":"Privatbane"}},{"type":"Feature","id":367979,"geometry":{"type":"Polygon","coordinates":[[[11.68664,55.71513],[11.68657,55.71521],[11.68786,55.7155],[11.68794,55.7154],[11.6871,55.71523],[11.68664,55.71513]]]},"properties":{"STRKAFS":609003,"NAVN":"Stenhus","HOVER_NAME":"Stenhus","TIB":"609","BANENR":null,"FRA_KM":1.24,"TIL_KM":1.33,"FORKORTELSE":"Sht","BANENR_NAVN":null,"HVDSTRK_NAVN":"(Holbæk) -Nykøbing Sj","DELSTRK_NAVN":"(Holbæk) -Nykøbing Sj","BTRTYPETEKST":"Trinbræt","BANEKLASSETEKST":"Privatbane"}},{"type":"Feature","id":367980,"geometry":{"type":"Polygon","coordinates":[[[11.64132,55.71983],[11.64115,55.71974],[11.62742,55.72648],[11.62765,55.7267],[11.62861,55.72631],[11.64147,55.71992],[11.64132,55.71983]]]},"properties":{"STRKAFS":609005,"NAVN":"Mårsø","HOVER_NAME":"Mårsø","TIB":"609","BANENR":null,"FRA_KM":4.47,"TIL_KM":5.62,"FORKORTELSE":"Må","BANENR_NAVN":null,"HVDSTRK_NAVN":"(Holbæk) -Nykøbing Sj","DELSTRK_NAVN":"(Holbæk) -Nykøbing Sj","BTRTYPETEKST":"Teknisk Station","BANEKLASSETEKST":"Privatbane"}},{"type":"Feature","id":367981,"geometry":{"type":"Polygon","coordinates":[[[11.13684,54.8339],[11.144,54.83276],[11.14719,54.83267],[11.15084,54.83299],[11.15094,54.83275],[11.14684,54.83241],[11.14299,54.83262],[11.13639,54.83352],[11.13442,54.83393],[11.13378,54.83391],[11.1337,54.83411],[11.13417,54.83418],[11.13327,54.83458],[11.13238,54.83521],[11.1327,54.83529],[11.13418,54.83448],[11.13617,54.834],[11.13684,54.8339]]]},"properties":{"STRKAFS":632049,"NAVN":"Nakskov","HOVER_NAME":"Nakskov","TIB":"632","BANENR":null,"FRA_KM":49.35,"TIL_KM":50.6,"FORKORTELSE":"Nsk","BANENR_NAVN":null,"HVDSTRK_NAVN":"(Nykøbing Falster Vest) - Nakskov","DELSTRK_NAVN":"(Nykøbing Falster Vest) - Nakskov","BTRTYPETEKST":"Station","BANEKLASSETEKST":"Privatbane"}},{"type":"Feature","id":367982,"geometry":{"type":"Polygon","coordinates":[[[11.50708,54.77752],[11.50617,54.77743],[11.50491,54.77774],[11.50412,54.77819],[11.50325,54.77907],[11.50276,54.78011],[11.50308,54.78217],[11.50289,54.78309],[11.50252,54.78377],[11.50064,54.7861],[11.48916,54.79753],[11.48744,54.79984],[11.4862,54.80234],[11.47902,54.83157],[11.47919,54.83283],[11.47993,54.83417],[11.48258,54.83661],[11.48341,54.83708],[11.48471,54.83736],[11.48707,54.83748],[11.48727,54.83737],[11.4871,54.83725],[11.48432,54.83707],[11.48309,54.83661],[11.4803,54.83407],[11.47958,54.83279],[11.47943,54.83157],[11.48659,54.80239],[11.48782,54.79991],[11.48952,54.79763],[11.50099,54.78621],[11.50289,54.78386],[11.50328,54.78314],[11.50347,54.78239],[11.50315,54.78026],[11.50327,54.77971],[11.50361,54.77917],[11.50445,54.77833],[11.50505,54.77797],[11.50708,54.77753],[11.50708,54.77752]]]},"properties":{"STRKAFS":634000,"NAVN":"Maribo - Bandholm","HOVER_NAME":"Maribo - Bandholm","TIB":null,"BANENR":null,"FRA_KM":0,"TIL_KM":7.4,"FORKORTELSE":"Mrb-Bdh","BANENR_NAVN":null,"HVDSTRK_NAVN":"Maribo - Bandholm","DELSTRK_NAVN":"Maribo - Bandholm","BTRTYPETEKST":"Fri Bane","BANEKLASSETEKST":"Privatbane"}},{"type":"Feature","id":367983,"geometry":{"type":"Polygon","coordinates":[[[8.48615,55.62801],[8.4876,55.62759],[8.49046,55.62627],[8.49131,55.62571],[8.49193,55.625],[8.49198,55.62369],[8.49053,55.62079],[8.49037,55.62082],[8.49172,55.62342],[8.4919,55.62413],[8.49174,55.62483],[8.49074,55.62574],[8.48734,55.62739],[8.48599,55.62777],[8.48407,55.62788],[8.48191,55.62744],[8.48165,55.62764],[8.48401,55.62813],[8.48611,55.62801],[8.48615,55.62801]]]},"properties":{"STRKAFS":662002,"NAVN":"Varde - Varde Vest","HOVER_NAME":"Varde - Varde Vest","TIB":"662,1031","BANENR":null,"FRA_KM":0.625,"TIL_KM":1.8800000000000001,"FORKORTELSE":"Va-Vav","BANENR_NAVN":null,"HVDSTRK_NAVN":"(Varde) - Nørre Nebel","DELSTRK_NAVN":"(Varde) - Nørre Nebel","BTRTYPETEKST":"Fri Bane","BANEKLASSETEKST":"Privatbane"}},{"type":"Feature","id":367984,"geometry":{"type":"Polygon","coordinates":[[[8.47275,55.62339],[8.46921,55.62313],[8.46923,55.62339],[8.47202,55.62353],[8.47489,55.62421],[8.4787,55.6259],[8.48119,55.62744],[8.48165,55.62764],[8.48191,55.62744],[8.47702,55.62469],[8.47454,55.62381],[8.47276,55.62339],[8.47275,55.62339]]]},"properties":{"STRKAFS":662003,"NAVN":"Varde Vest","HOVER_NAME":"Varde Vest","TIB":"662","BANENR":null,"FRA_KM":1.8800000000000001,"TIL_KM":2.84,"FORKORTELSE":"Vav","BANENR_NAVN":null,"HVDSTRK_NAVN":"(Varde) - Nørre Nebel","DELSTRK_NAVN":"(Varde) - Nørre Nebel","BTRTYPETEKST":"Station","BANEKLASSETEKST":"Privatbane"}},{"type":"Feature","id":367985,"geometry":{"type":"Polygon","coordinates":[[[8.41122,55.62732],[8.46923,55.62339],[8.46921,55.62313],[8.46817,55.62319],[8.40972,55.62714],[8.40631,55.62697],[8.37928,55.62333],[8.37917,55.62358],[8.40622,55.62722],[8.40847,55.62738],[8.41121,55.62732],[8.41122,55.62732]]]},"properties":{"STRKAFS":662004,"NAVN":"Varde Vest - Janderup","HOVER_NAME":"Varde Vest - Janderup","TIB":"662","BANENR":null,"FRA_KM":2.84,"TIL_KM":8.58,"FORKORTELSE":"Vav-Jad","BANENR_NAVN":null,"HVDSTRK_NAVN":"(Varde) - Nørre Nebel","DELSTRK_NAVN":"(Varde) - Nørre Nebel","BTRTYPETEKST":"Fri Bane","BANEKLASSETEKST":"Privatbane"}},{"type":"Feature","id":367986,"geometry":{"type":"Polygon","coordinates":[[[10.54141,57.453],[10.54123,57.45297],[10.5399,57.45445],[10.53813,57.45557],[10.53589,57.45652],[10.53133,57.45803],[10.52892,57.45925],[10.49691,57.47874],[10.49592,57.4796],[10.4949,57.48114],[10.49462,57.48227],[10.49433,57.48499],[10.49356,57.4867],[10.49401,57.48678],[10.49468,57.48542],[10.49535,57.4812],[10.49635,57.47971],[10.49728,57.47889],[10.53035,57.45864],[10.53211,57.45786],[10.53677,57.45627],[10.53817,57.45565],[10.5398,57.45464],[10.54136,57.45309],[10.54141,57.453]]]},"properties":{"STRKAFS":669002,"NAVN":"Frederikshavn - Strandby","HOVER_NAME":"Frederikshavn - Strandby","TIB":"669","BANENR":null,"FRA_KM":1.0430000000000001,"TIL_KM":5.9030000000000005,"FORKORTELSE":"Fh-Stb","BANENR_NAVN":null,"HVDSTRK_NAVN":"(Frederikshavn) - Skagen","DELSTRK_NAVN":"(Frederikshavn) - Skagen","BTRTYPETEKST":"Fri Bane","BANEKLASSETEKST":"Privatbane"}},{"type":"Feature","id":367987,"geometry":{"type":"Polygon","coordinates":[[[10.49378,57.48674],[10.49356,57.4867],[10.49254,57.48796],[10.49122,57.48907],[10.48849,57.49062],[10.48622,57.49146],[10.48649,57.49167],[10.48802,57.49113],[10.49089,57.4897],[10.49295,57.48808],[10.49401,57.48678],[10.49378,57.48674]]]},"properties":{"STRKAFS":669005,"NAVN":"Strandby","HOVER_NAME":"Strandby","TIB":"669","BANENR":null,"FRA_KM":5.9030000000000005,"TIL_KM":6.615,"FORKORTELSE":"Stb","BANENR_NAVN":null,"HVDSTRK_NAVN":"(Frederikshavn) - Skagen","DELSTRK_NAVN":"(Frederikshavn) - Skagen","BTRTYPETEKST":"Station","BANEKLASSETEKST":"Privatbane"}},{"type":"Feature","id":367988,"geometry":{"type":"Polygon","coordinates":[[[10.48636,57.49156],[10.48622,57.49146],[10.44766,57.50375],[10.44558,57.5045],[10.44377,57.5054],[10.43044,57.51479],[10.42754,57.51718],[10.42572,57.51925],[10.41929,57.52871],[10.41973,57.5288],[10.42616,57.51934],[10.42841,57.51687],[10.43082,57.51494],[10.4441,57.50558],[10.44587,57.5047],[10.4479,57.50397],[10.48649,57.49167],[10.48636,57.49156]]]},"properties":{"STRKAFS":669008,"NAVN":"Strandby - Jerup","HOVER_NAME":"Strandby - Jerup","TIB":"669","BANENR":null,"FRA_KM":6.615,"TIL_KM":12.601,"FORKORTELSE":"Stb-Jeu","BANENR_NAVN":null,"HVDSTRK_NAVN":"(Frederikshavn) - Skagen","DELSTRK_NAVN":"(Frederikshavn) - Skagen","BTRTYPETEKST":"Fri Bane","BANEKLASSETEKST":"Privatbane"}},{"type":"Feature","id":367989,"geometry":{"type":"Polygon","coordinates":[[[10.44596,57.50467],[10.44566,57.50448],[10.44475,57.50488],[10.44505,57.50508],[10.44587,57.5047],[10.44596,57.50467]]]},"properties":{"STRKAFS":669009,"NAVN":"Rimmen","HOVER_NAME":"Rimmen","TIB":"669","BANENR":null,"FRA_KM":9.445,"TIL_KM":9.516,"FORKORTELSE":"Rim","BANENR_NAVN":null,"HVDSTRK_NAVN":"(Frederikshavn) - Skagen","DELSTRK_NAVN":"(Frederikshavn) - Skagen","BTRTYPETEKST":"Trinbræt","BANEKLASSETEKST":"Privatbane"}},{"type":"Feature","id":367990,"geometry":{"type":"Polygon","coordinates":[[[10.41952,57.52875],[10.41929,57.52871],[10.41809,57.53033],[10.41577,57.53388],[10.41622,57.53396],[10.41973,57.5288],[10.41952,57.52875]]]},"properties":{"STRKAFS":669013,"NAVN":"Jerup","HOVER_NAME":"Jerup","TIB":"669","BANENR":null,"FRA_KM":12.601,"TIL_KM":13.214,"FORKORTELSE":"Jeu","BANENR_NAVN":null,"HVDSTRK_NAVN":"(Frederikshavn) - Skagen","DELSTRK_NAVN":"(Frederikshavn) - Skagen","BTRTYPETEKST":"Station","BANEKLASSETEKST":"Privatbane"}},{"type":"Feature","id":367991,"geometry":{"type":"Polygon","coordinates":[[[10.416,57.53392],[10.41577,57.53388],[10.4086,57.54445],[10.40784,57.54642],[10.40799,57.55194],[10.40935,57.57959],[10.40841,57.589],[10.40888,57.58903],[10.40981,57.57958],[10.40845,57.55193],[10.4083,57.54644],[10.40904,57.54453],[10.41622,57.53396],[10.416,57.53392]]]},"properties":{"STRKAFS":669014,"NAVN":"Jerup - Ålbæk","HOVER_NAME":"Jerup - Ålbæk","TIB":"669","BANENR":null,"FRA_KM":13.214,"TIL_KM":19.431,"FORKORTELSE":"Jeu-Ålb","BANENR_NAVN":null,"HVDSTRK_NAVN":"(Frederikshavn) - Skagen","DELSTRK_NAVN":"(Frederikshavn) - Skagen","BTRTYPETEKST":"Fri Bane","BANEKLASSETEKST":"Privatbane"}},{"type":"Feature","id":367992,"geometry":{"type":"Polygon","coordinates":[[[10.40859,57.55442],[10.40858,57.55413],[10.40811,57.55413],[10.40814,57.55476],[10.40861,57.55475],[10.40859,57.55442]]]},"properties":{"STRKAFS":669015,"NAVN":"Napstjert","HOVER_NAME":"Napstjert","TIB":"669","BANENR":null,"FRA_KM":15.545,"TIL_KM":15.615,"FORKORTELSE":"Nap","BANENR_NAVN":null,"HVDSTRK_NAVN":"(Frederikshavn) - Skagen","DELSTRK_NAVN":"(Frederikshavn) - Skagen","BTRTYPETEKST":"Trinbræt","BANEKLASSETEKST":"Privatbane"}},{"type":"Feature","id":367993,"geometry":{"type":"Polygon","coordinates":[[[10.40865,57.58901],[10.40841,57.589],[10.40792,57.59403],[10.4081,57.59519],[10.40844,57.59608],[10.40889,57.59601],[10.40856,57.59515],[10.40838,57.59404],[10.40888,57.58903],[10.40865,57.58901]]]},"properties":{"STRKAFS":669019,"NAVN":"Ålbæk","HOVER_NAME":"Ålbæk","TIB":"669","BANENR":null,"FRA_KM":19.431,"TIL_KM":20.218,"FORKORTELSE":"Ålb","BANENR_NAVN":null,"HVDSTRK_NAVN":"(Frederikshavn) - Skagen","DELSTRK_NAVN":"(Frederikshavn) - Skagen","BTRTYPETEKST":"Station","BANEKLASSETEKST":"Privatbane"}},{"type":"Feature","id":367994,"geometry":{"type":"Polygon","coordinates":[[[11.55983,55.72989],[11.62116,55.72808],[11.6246,55.72759],[11.62765,55.7267],[11.62742,55.72648],[11.62355,55.72753],[11.61959,55.7279],[11.55981,55.72964],[11.55274,55.72958],[11.55273,55.72984],[11.55854,55.72992],[11.55983,55.72989]]]},"properties":{"STRKAFS":609006,"NAVN":"Mårsø - Gislinge","HOVER_NAME":"Mårsø - Gislinge","TIB":"609","BANENR":null,"FRA_KM":5.62,"TIL_KM":10.38,"FORKORTELSE":"Må-Gsl","BANENR_NAVN":null,"HVDSTRK_NAVN":"(Holbæk) -Nykøbing Sj","DELSTRK_NAVN":"(Holbæk) -Nykøbing Sj","BTRTYPETEKST":"Fri Bane","BANEKLASSETEKST":"Privatbane"}},{"type":"Feature","id":367995,"geometry":{"type":"Polygon","coordinates":[[[11.59591,55.72872],[11.5959,55.72859],[11.5939,55.72865],[11.59392,55.7289],[11.59591,55.72885],[11.59591,55.72872]]]},"properties":{"STRKAFS":609007,"NAVN":"Ny Hagested","HOVER_NAME":"Ny Hagested","TIB":"609","BANENR":null,"FRA_KM":7.63,"TIL_KM":7.75,"FORKORTELSE":"Hgt","BANENR_NAVN":null,"HVDSTRK_NAVN":"(Holbæk) -Nykøbing Sj","DELSTRK_NAVN":"(Holbæk) -Nykøbing Sj","BTRTYPETEKST":"Trinbræt","BANEKLASSETEKST":"Privatbane"}},{"type":"Feature","id":367996,"geometry":{"type":"Polygon","coordinates":[[[11.54684,55.72939],[11.54279,55.72935],[11.54276,55.72961],[11.55273,55.72984],[11.55274,55.72958],[11.54685,55.72939],[11.54684,55.72939]]]},"properties":{"STRKAFS":609011,"NAVN":"Gislinge","HOVER_NAME":"Gislinge","TIB":"609","BANENR":null,"FRA_KM":10.38,"TIL_KM":11.01,"FORKORTELSE":"Gsl","BANENR_NAVN":null,"HVDSTRK_NAVN":"(Holbæk) -Nykøbing Sj","DELSTRK_NAVN":"(Holbæk) -Nykøbing Sj","BTRTYPETEKST":"Station","BANEKLASSETEKST":"Privatbane"}},{"type":"Feature","id":367997,"geometry":{"type":"Polygon","coordinates":[[[11.47479,55.72403],[11.4745,55.72394],[11.47426,55.72415],[11.48107,55.72641],[11.48532,55.72728],[11.48925,55.72776],[11.51345,55.72892],[11.54276,55.72961],[11.54279,55.72935],[11.51348,55.72867],[11.48931,55.72751],[11.48545,55.72704],[11.48192,55.72634],[11.47855,55.72538],[11.47481,55.72404],[11.47479,55.72403]]]},"properties":{"STRKAFS":609012,"NAVN":"Gislinge - Svinninge","HOVER_NAME":"Gislinge - Svinninge","TIB":"609","BANENR":null,"FRA_KM":11.01,"TIL_KM":15.38,"FORKORTELSE":"Gsl-Sng","BANENR_NAVN":null,"HVDSTRK_NAVN":"(Holbæk) -Nykøbing Sj","DELSTRK_NAVN":"(Holbæk) -Nykøbing Sj","BTRTYPETEKST":"Fri Bane","BANEKLASSETEKST":"Privatbane"}},{"type":"Feature","id":367998,"geometry":{"type":"Polygon","coordinates":[[[11.46843,55.72356],[11.47158,55.72361],[11.47426,55.72415],[11.4745,55.72394],[11.47121,55.72331],[11.46751,55.72329],[11.46467,55.72362],[11.46222,55.72433],[11.46248,55.72454],[11.46509,55.7238],[11.46776,55.72358],[11.46843,55.72356]]]},"properties":{"STRKAFS":609015,"NAVN":"Svinninge","HOVER_NAME":"Svinninge","TIB":"609","BANENR":null,"FRA_KM":15.38,"TIL_KM":16.16,"FORKORTELSE":"Sng","BANENR_NAVN":null,"HVDSTRK_NAVN":"(Holbæk) -Nykøbing Sj","DELSTRK_NAVN":"(Holbæk) -Nykøbing Sj","BTRTYPETEKST":"Station","BANEKLASSETEKST":"Privatbane"}},{"type":"Feature","id":367999,"geometry":{"type":"Polygon","coordinates":[[[8.36899,55.62195],[8.36887,55.62219],[8.37917,55.62358],[8.37928,55.62333],[8.37022,55.62211],[8.36899,55.62195]]]},"properties":{"STRKAFS":662009,"NAVN":"Janderup","HOVER_NAME":"Janderup","TIB":"662","BANENR":null,"FRA_KM":8.58,"TIL_KM":9.25,"FORKORTELSE":"Jad","BANENR_NAVN":null,"HVDSTRK_NAVN":"(Varde) - Nørre Nebel","DELSTRK_NAVN":"(Varde) - Nørre Nebel","BTRTYPETEKST":"Station","BANEKLASSETEKST":"Privatbane"}},{"type":"Feature","id":368000,"geometry":{"type":"Polygon","coordinates":[[[8.33686,55.61678],[8.3368,55.61703],[8.35354,55.6194],[8.36723,55.62195],[8.36887,55.62219],[8.36897,55.62194],[8.35366,55.61916],[8.33687,55.61678],[8.33686,55.61678]]]},"properties":{"STRKAFS":662010,"NAVN":"Janderup - Billum","HOVER_NAME":"Janderup - Billum","TIB":"662","BANENR":null,"FRA_KM":9.25,"TIL_KM":11.35,"FORKORTELSE":"Jad-Bim","BANENR_NAVN":null,"HVDSTRK_NAVN":"(Varde) - Nørre Nebel","DELSTRK_NAVN":"(Varde) - Nørre Nebel","BTRTYPETEKST":"Fri Bane","BANEKLASSETEKST":"Privatbane"}},{"type":"Feature","id":368001,"geometry":{"type":"Polygon","coordinates":[[[8.33188,55.61703],[8.3368,55.61703],[8.33685,55.61678],[8.32473,55.6169],[8.32477,55.61715],[8.33145,55.61704],[8.33188,55.61703]]]},"properties":{"STRKAFS":662011,"NAVN":"Billum","HOVER_NAME":"Billum","TIB":"662","BANENR":null,"FRA_KM":11.35,"TIL_KM":12.11,"FORKORTELSE":"Bim","BANENR_NAVN":null,"HVDSTRK_NAVN":"(Varde) - Nørre Nebel","DELSTRK_NAVN":"(Varde) - Nørre Nebel","BTRTYPETEKST":"Station","BANEKLASSETEKST":"Privatbane"}},{"type":"Feature","id":368002,"geometry":{"type":"Polygon","coordinates":[[[8.32475,55.61702],[8.32473,55.6169],[8.29923,55.61836],[8.2961,55.6187],[8.29622,55.61894],[8.29927,55.61861],[8.32477,55.61715],[8.32475,55.61702]]]},"properties":{"STRKAFS":662012,"NAVN":"Billum - Hesselmed","HOVER_NAME":"Billum - Hesselmed","TIB":"662","BANENR":null,"FRA_KM":12.11,"TIL_KM":13.92,"FORKORTELSE":"Bim-Hst","BANENR_NAVN":null,"HVDSTRK_NAVN":"(Varde) - Nørre Nebel","DELSTRK_NAVN":"(Varde) - Nørre Nebel","BTRTYPETEKST":"Fri Bane","BANEKLASSETEKST":"Privatbane"}},{"type":"Feature","id":368003,"geometry":{"type":"Polygon","coordinates":[[[8.29616,55.61882],[8.2961,55.6187],[8.29517,55.61887],[8.29302,55.61943],[8.29119,55.62011],[8.28948,55.62097],[8.28982,55.62114],[8.29277,55.61981],[8.29622,55.61894],[8.29616,55.61882]]]},"properties":{"STRKAFS":662013,"NAVN":"Hesselmed","HOVER_NAME":"Hesselmed","TIB":"662","BANENR":null,"FRA_KM":13.92,"TIL_KM":14.41,"FORKORTELSE":"Hst","BANENR_NAVN":null,"HVDSTRK_NAVN":"(Varde) - Nørre Nebel","DELSTRK_NAVN":"(Varde) - Nørre Nebel","BTRTYPETEKST":"Teknisk Station","BANEKLASSETEKST":"Privatbane"}},{"type":"Feature","id":368004,"geometry":{"type":"Polygon","coordinates":[[[8.28965,55.62105],[8.28948,55.62097],[8.28601,55.62311],[8.28634,55.62327],[8.28982,55.62114],[8.28965,55.62105]]]},"properties":{"STRKAFS":662014,"NAVN":"Hesselmed - Oksbøl","HOVER_NAME":"Hesselmed - Oksbøl","TIB":"662","BANENR":null,"FRA_KM":14.41,"TIL_KM":14.747,"FORKORTELSE":"Hst-Oks","BANENR_NAVN":null,"HVDSTRK_NAVN":"(Varde) - Nørre Nebel","DELSTRK_NAVN":"(Varde) - Nørre Nebel","BTRTYPETEKST":"Fri Bane","BANEKLASSETEKST":"Privatbane"}},{"type":"Feature","id":368005,"geometry":{"type":"Polygon","coordinates":[[[8.28618,55.62319],[8.28601,55.62311],[8.28465,55.62414],[8.28352,55.62576],[8.28326,55.62676],[8.2831,55.63045],[8.28355,55.63045],[8.28367,55.62756],[8.28425,55.62741],[8.28472,55.62527],[8.2843,55.62516],[8.28514,55.62417],[8.28634,55.62327],[8.28618,55.62319]]]},"properties":{"STRKAFS":662015,"NAVN":"Oksbøl","HOVER_NAME":"Oksbøl","TIB":"662","BANENR":null,"FRA_KM":14.747,"TIL_KM":15.58,"FORKORTELSE":"Oks","BANENR_NAVN":null,"HVDSTRK_NAVN":"(Varde) - Nørre Nebel","DELSTRK_NAVN":"(Varde) - Nørre Nebel","BTRTYPETEKST":"Station","BANEKLASSETEKST":"Privatbane"}},{"type":"Feature","id":368006,"geometry":{"type":"Polygon","coordinates":[[[10.40889,57.59601],[10.40844,57.59608],[10.40962,57.59776],[10.43406,57.62367],[10.46102,57.65717],[10.46144,57.65707],[10.43449,57.62357],[10.41004,57.59765],[10.40901,57.59625],[10.40889,57.59601]]]},"properties":{"STRKAFS":669022,"NAVN":"Ålbæk - Hulsig","HOVER_NAME":"Ålbæk - Hulsig","TIB":"669","BANENR":null,"FRA_KM":20.218,"TIL_KM":27.713,"FORKORTELSE":"Ålb-Hul","BANENR_NAVN":null,"HVDSTRK_NAVN":"(Frederikshavn) - Skagen","DELSTRK_NAVN":"(Frederikshavn) - Skagen","BTRTYPETEKST":"Fri Bane","BANEKLASSETEKST":"Privatbane"}},{"type":"Feature","id":368007,"geometry":{"type":"Polygon","coordinates":[[[10.43991,57.63027],[10.43967,57.62998],[10.43923,57.63007],[10.4397,57.63065],[10.44014,57.63055],[10.43991,57.63027]]]},"properties":{"STRKAFS":669025,"NAVN":"Bunken","HOVER_NAME":"Bunken","TIB":"669","BANENR":null,"FRA_KM":24.427,"TIL_KM":24.497,"FORKORTELSE":"Buk","BANENR_NAVN":null,"HVDSTRK_NAVN":"(Frederikshavn) - Skagen","DELSTRK_NAVN":"(Frederikshavn) - Skagen","BTRTYPETEKST":"Trinbræt","BANEKLASSETEKST":"Privatbane"}},{"type":"Feature","id":368008,"geometry":{"type":"Polygon","coordinates":[[[10.46145,57.65707],[10.46102,57.65717],[10.46516,57.66235],[10.46559,57.66224],[10.46316,57.65905],[10.46145,57.65708],[10.46145,57.65707]]]},"properties":{"STRKAFS":669027,"NAVN":"Hulsig","HOVER_NAME":"Hulsig","TIB":"669","BANENR":null,"FRA_KM":27.713,"TIL_KM":28.339000000000002,"FORKORTELSE":"Hul","BANENR_NAVN":null,"HVDSTRK_NAVN":"(Frederikshavn) - Skagen","DELSTRK_NAVN":"(Frederikshavn) - Skagen","BTRTYPETEKST":"Station","BANEKLASSETEKST":"Privatbane"}},{"type":"Feature","id":368009,"geometry":{"type":"Polygon","coordinates":[[[10.57791,57.72509],[10.5779,57.72497],[10.57178,57.72504],[10.5477,57.72373],[10.54553,57.72342],[10.5435,57.72286],[10.54116,57.72173],[10.51822,57.70633],[10.50234,57.69993],[10.49408,57.69614],[10.49236,57.69503],[10.49089,57.69363],[10.46559,57.66224],[10.46516,57.66235],[10.49046,57.69374],[10.49197,57.69517],[10.49375,57.69632],[10.50205,57.70012],[10.51788,57.70651],[10.5408,57.72189],[10.54326,57.72308],[10.54535,57.72365],[10.54764,57.72398],[10.57174,57.72529],[10.57792,57.72522],[10.57791,57.72509]]]},"properties":{"STRKAFS":669030,"NAVN":"Hulsig - Skagen","HOVER_NAME":"Hulsig - Skagen","TIB":"669","BANENR":null,"FRA_KM":28.339000000000002,"TIL_KM":38.798,"FORKORTELSE":"Hul-Sgb","BANENR_NAVN":null,"HVDSTRK_NAVN":"(Frederikshavn) - Skagen","DELSTRK_NAVN":"(Frederikshavn) - Skagen","BTRTYPETEKST":"Fri Bane","BANEKLASSETEKST":"Privatbane"}},{"type":"Feature","id":368010,"geometry":{"type":"Polygon","coordinates":[[[10.56346,57.72459],[10.56315,57.72457],[10.5631,57.72482],[10.56426,57.72488],[10.56431,57.72463],[10.56373,57.7246],[10.56346,57.72459]]]},"properties":{"STRKAFS":669037,"NAVN":"Frederikshavnsvej","HOVER_NAME":"Frederikshavnsvej","TIB":"669","BANENR":null,"FRA_KM":37.914,"TIL_KM":37.984,"FORKORTELSE":"Fhv","BANENR_NAVN":null,"HVDSTRK_NAVN":"(Frederikshavn) - Skagen","DELSTRK_NAVN":"(Frederikshavn) - Skagen","BTRTYPETEKST":"Trinbræt","BANEKLASSETEKST":"Privatbane"}},{"type":"Feature","id":368011,"geometry":{"type":"Polygon","coordinates":[[[11.46236,55.72443],[11.46213,55.72437],[11.46046,55.72523],[11.45877,55.72672],[11.45799,55.7283],[11.45801,55.72991],[11.45926,55.73471],[11.45971,55.73561],[11.46099,55.73699],[11.46406,55.73887],[11.46527,55.73989],[11.46613,55.74123],[11.46633,55.74196],[11.46633,55.7428],[11.46576,55.74472],[11.46463,55.74619],[11.46299,55.74731],[11.45873,55.74927],[11.45909,55.74942],[11.46329,55.7475],[11.46501,55.74633],[11.46608,55.745],[11.46678,55.74282],[11.46665,55.7414],[11.46582,55.73996],[11.4644,55.73871],[11.46135,55.73684],[11.46013,55.73553],[11.4597,55.73467],[11.45845,55.72988],[11.45843,55.72834],[11.45918,55.72682],[11.46059,55.72553],[11.46248,55.72454],[11.46236,55.72443]]]},"properties":{"STRKAFS":609018,"NAVN":"Svinninge - Hørve","HOVER_NAME":"Svinninge - Hørve","TIB":"609","BANENR":null,"FRA_KM":16.16,"TIL_KM":19.41,"FORKORTELSE":"Sng-Hve","BANENR_NAVN":null,"HVDSTRK_NAVN":"(Holbæk) -Nykøbing Sj","DELSTRK_NAVN":"(Holbæk) -Nykøbing Sj","BTRTYPETEKST":"Fri Bane","BANEKLASSETEKST":"Privatbane"}},{"type":"Feature","id":368012,"geometry":{"type":"Polygon","coordinates":[[[11.45892,55.74934],[11.45873,55.74927],[11.45831,55.74955],[11.45714,55.75058],[11.45658,55.75134],[11.45618,55.75225],[11.45604,55.75315],[11.45617,55.75407],[11.45651,55.75488],[11.45715,55.75578],[11.45756,55.75567],[11.45666,55.75418],[11.45659,55.75303],[11.45676,55.75216],[11.45754,55.75069],[11.45909,55.74942],[11.45892,55.74934]]]},"properties":{"STRKAFS":609019,"NAVN":"Hørve","HOVER_NAME":"Hørve","TIB":"609","BANENR":null,"FRA_KM":19.41,"TIL_KM":20.2,"FORKORTELSE":"Hve","BANENR_NAVN":null,"HVDSTRK_NAVN":"(Holbæk) -Nykøbing Sj","DELSTRK_NAVN":"(Holbæk) -Nykøbing Sj","BTRTYPETEKST":"Station","BANEKLASSETEKST":"Privatbane"}},{"type":"Feature","id":368013,"geometry":{"type":"Polygon","coordinates":[[[11.45756,55.75567],[11.45715,55.75578],[11.46201,55.7608],[11.46287,55.76197],[11.46349,55.76316],[11.46856,55.78494],[11.46901,55.78491],[11.46392,55.76311],[11.46329,55.76189],[11.46241,55.76069],[11.45773,55.75586],[11.45756,55.75567]]]},"properties":{"STRKAFS":609022,"NAVN":"Hørve - Fårevejle","HOVER_NAME":"Hørve - Fårevejle","TIB":"609","BANENR":null,"FRA_KM":20.2,"TIL_KM":23.42,"FORKORTELSE":"Hve-Fvj","BANENR_NAVN":null,"HVDSTRK_NAVN":"(Holbæk) -Nykøbing Sj","DELSTRK_NAVN":"(Holbæk) -Nykøbing Sj","BTRTYPETEKST":"Fri Bane","BANEKLASSETEKST":"Privatbane"}},{"type":"Feature","id":368014,"geometry":{"type":"Polygon","coordinates":[[[11.46901,55.78491],[11.46856,55.78494],[11.46934,55.78787],[11.4709,55.79039],[11.47132,55.79031],[11.46979,55.78761],[11.46901,55.78492],[11.46901,55.78491]]]},"properties":{"STRKAFS":609023,"NAVN":"Fårevejle","HOVER_NAME":"Fårevejle","TIB":"609","BANENR":null,"FRA_KM":23.42,"TIL_KM":24.05,"FORKORTELSE":"Fvj","BANENR_NAVN":null,"HVDSTRK_NAVN":"(Holbæk) -Nykøbing Sj","DELSTRK_NAVN":"(Holbæk) -Nykøbing Sj","BTRTYPETEKST":"Station","BANEKLASSETEKST":"Privatbane"}},{"type":"Feature","id":368015,"geometry":{"type":"Polygon","coordinates":[[[8.28355,55.63045],[8.2831,55.63045],[8.28284,55.63692],[8.28296,55.63818],[8.28345,55.63947],[8.29112,55.65136],[8.29313,55.65665],[8.29385,55.65797],[8.29503,55.65926],[8.30136,55.66464],[8.30206,55.66569],[8.3023,55.66634],[8.30232,55.66774],[8.30186,55.66977],[8.30184,55.67139],[8.30446,55.68232],[8.30438,55.6831],[8.30364,55.68465],[8.29848,55.69009],[8.29788,55.69094],[8.29723,55.69248],[8.29709,55.69329],[8.29713,55.69452],[8.29874,55.70515],[8.29894,55.70593],[8.29937,55.70588],[8.29757,55.6945],[8.29767,55.69251],[8.29831,55.69102],[8.29889,55.69019],[8.30406,55.68475],[8.30482,55.68314],[8.3049,55.68233],[8.30228,55.67138],[8.3023,55.66979],[8.30277,55.66776],[8.30274,55.66631],[8.30249,55.66561],[8.30175,55.66451],[8.29541,55.65912],[8.29426,55.65788],[8.29356,55.65659],[8.29155,55.65128],[8.28388,55.6394],[8.28346,55.63836],[8.28329,55.63731],[8.28354,55.63057],[8.28355,55.63045]]]},"properties":{"STRKAFS":662016,"NAVN":"Oksbøl - Henne","HOVER_NAME":"Oksbøl - Henne","TIB":"662","BANENR":null,"FRA_KM":15.58,"TIL_KM":24.36,"FORKORTELSE":"Oks-Hnn","BANENR_NAVN":null,"HVDSTRK_NAVN":"(Varde) - Nørre Nebel","DELSTRK_NAVN":"(Varde) - Nørre Nebel","BTRTYPETEKST":"Fri Bane","BANEKLASSETEKST":"Privatbane"}},{"type":"Feature","id":368016,"geometry":{"type":"Polygon","coordinates":[[[8.2831,55.63581],[8.28288,55.6358],[8.28286,55.63617],[8.28331,55.63618],[8.28332,55.63582],[8.2831,55.63581]]]},"properties":{"STRKAFS":662017,"NAVN":"Baunhøj","HOVER_NAME":"Baunhøj","TIB":"662","BANENR":null,"FRA_KM":16.177,"TIL_KM":16.218,"FORKORTELSE":"Bah","BANENR_NAVN":null,"HVDSTRK_NAVN":"(Varde) - Nørre Nebel","DELSTRK_NAVN":"(Varde) - Nørre Nebel","BTRTYPETEKST":"Trinbræt","BANEKLASSETEKST":"Privatbane"}},{"type":"Feature","id":368017,"geometry":{"type":"Polygon","coordinates":[[[8.29245,55.65353],[8.29202,55.65358],[8.29217,55.654],[8.29261,55.65395],[8.29256,55.65381],[8.29245,55.65353]]]},"properties":{"STRKAFS":662019,"NAVN":"Vrøgum","HOVER_NAME":"Vrøgum","TIB":"662","BANENR":null,"FRA_KM":18.247,"TIL_KM":18.295,"FORKORTELSE":"Vrø","BANENR_NAVN":null,"HVDSTRK_NAVN":"(Varde) - Nørre Nebel","DELSTRK_NAVN":"(Varde) - Nørre Nebel","BTRTYPETEKST":"Trinbræt","BANEKLASSETEKST":"Privatbane"}},{"type":"Feature","id":368018,"geometry":{"type":"Polygon","coordinates":[[[8.30192,55.66472],[8.30178,55.66455],[8.30138,55.66466],[8.30163,55.66498],[8.30205,55.66489],[8.30192,55.66472]]]},"properties":{"STRKAFS":662021,"NAVN":"Jegum","HOVER_NAME":"Jegum","TIB":"662","BANENR":null,"FRA_KM":19.629,"TIL_KM":19.669,"FORKORTELSE":"Jeg","BANENR_NAVN":null,"HVDSTRK_NAVN":"(Varde) - Nørre Nebel","DELSTRK_NAVN":"(Varde) - Nørre Nebel","BTRTYPETEKST":"Trinbræt","BANEKLASSETEKST":"Privatbane"}},{"type":"Feature","id":368019,"geometry":{"type":"Polygon","coordinates":[[[8.29938,55.70588],[8.29894,55.70593],[8.29943,55.70693],[8.30007,55.70776],[8.30154,55.70902],[8.30305,55.70991],[8.30624,55.71106],[8.3105,55.71203],[8.31068,55.7118],[8.30573,55.71064],[8.30334,55.70972],[8.301,55.70817],[8.30001,55.70708],[8.29944,55.70607],[8.29938,55.70588]]]},"properties":{"STRKAFS":662025,"NAVN":"Henne","HOVER_NAME":"Henne","TIB":"662","BANENR":null,"FRA_KM":24.36,"TIL_KM":25.39,"FORKORTELSE":"Hnn","BANENR_NAVN":null,"HVDSTRK_NAVN":"(Varde) - Nørre Nebel","DELSTRK_NAVN":"(Varde) - Nørre Nebel","BTRTYPETEKST":"Station","BANEKLASSETEKST":"Privatbane"}},{"type":"Feature","id":368020,"geometry":{"type":"Polygon","coordinates":[[[8.31068,55.7118],[8.3105,55.71203],[8.31943,55.71407],[8.32156,55.71442],[8.33869,55.71575],[8.33877,55.7155],[8.32166,55.71417],[8.31959,55.71383],[8.31107,55.71189],[8.31068,55.7118]]]},"properties":{"STRKAFS":662026,"NAVN":"Henne - Outrup","HOVER_NAME":"Henne - Outrup","TIB":"662","BANENR":null,"FRA_KM":25.39,"TIL_KM":27.22,"FORKORTELSE":"Hnn-Ovt","BANENR_NAVN":null,"HVDSTRK_NAVN":"(Varde) - Nørre Nebel","DELSTRK_NAVN":"(Varde) - Nørre Nebel","BTRTYPETEKST":"Fri Bane","BANEKLASSETEKST":"Privatbane"}},{"type":"Feature","id":368021,"geometry":{"type":"Polygon","coordinates":[[[8.33877,55.7155],[8.33869,55.71575],[8.34102,55.71608],[8.34304,55.71668],[8.3447,55.7175],[8.3461,55.71862],[8.34651,55.71852],[8.34528,55.71743],[8.34399,55.71672],[8.34152,55.71592],[8.3392,55.71554],[8.33877,55.7155]]]},"properties":{"STRKAFS":662027,"NAVN":"Outrup","HOVER_NAME":"Outrup","TIB":"662","BANENR":null,"FRA_KM":27.22,"TIL_KM":27.82,"FORKORTELSE":"Ovt","BANENR_NAVN":null,"HVDSTRK_NAVN":"(Varde) - Nørre Nebel","DELSTRK_NAVN":"(Varde) - Nørre Nebel","BTRTYPETEKST":"Station","BANEKLASSETEKST":"Privatbane"}},{"type":"Feature","id":368022,"geometry":{"type":"Polygon","coordinates":[[[10.58842,57.72472],[10.59255,57.72416],[10.59234,57.72391],[10.59161,57.7239],[10.58882,57.7243],[10.59083,57.72341],[10.59118,57.72304],[10.59029,57.72359],[10.58731,57.72454],[10.5779,57.72497],[10.57792,57.72522],[10.58521,57.72502],[10.58826,57.72474],[10.58842,57.72472]]]},"properties":{"STRKAFS":669039,"NAVN":"Skagen","HOVER_NAME":"Skagen","TIB":"669","BANENR":null,"FRA_KM":38.798,"TIL_KM":39.75,"FORKORTELSE":"Sgb","BANENR_NAVN":null,"HVDSTRK_NAVN":"(Frederikshavn) - Skagen","DELSTRK_NAVN":"(Frederikshavn) - Skagen","BTRTYPETEKST":"Station","BANEKLASSETEKST":"Privatbane"}},{"type":"Feature","id":368023,"geometry":{"type":"Polygon","coordinates":[[[12.56231,55.66628],[12.56169,55.66612],[12.55894,55.66478],[12.55739,55.66439],[12.54765,55.66337],[12.55106,55.66405],[12.55796,55.66462],[12.55991,55.66529],[12.56152,55.66626],[12.56127,55.66645],[12.56414,55.6678],[12.5651,55.66879],[12.56532,55.66914],[12.56543,55.66985],[12.56536,55.67068],[12.5651,55.6711],[12.56387,55.6721],[12.56473,55.67239],[12.56559,55.67156],[12.56602,55.67091],[12.56625,55.67],[12.56615,55.66926],[12.56591,55.66872],[12.56505,55.66773],[12.5626,55.66641],[12.56231,55.66628]]]},"properties":{"STRKAFS":811000,"NAVN":"København H","HOVER_NAME":"København H","TIB":"810,820,850","BANENR":"80","FRA_KM":0,"TIL_KM":0.781,"FORKORTELSE":"Kh","BANENR_NAVN":"København H - Valby/Svanemøllen","HVDSTRK_NAVN":"København H - Høje Taastrup","DELSTRK_NAVN":"København H","BTRTYPETEKST":"Station","BANEKLASSETEKST":"S-bane"}},{"type":"Feature","id":368024,"geometry":{"type":"Polygon","coordinates":[[[12.54476,55.66273],[12.54248,55.66273],[12.53628,55.66337],[12.5227,55.66372],[12.53639,55.66341],[12.54267,55.66276],[12.54512,55.66282],[12.55018,55.66365],[12.55745,55.66435],[12.55913,55.66478],[12.56183,55.66606],[12.55956,55.66488],[12.55747,55.66431],[12.54949,55.66352],[12.54509,55.66276],[12.54476,55.66273]]]},"properties":{"STRKAFS":812001,"NAVN":"København H - Valby","HOVER_NAME":"København H - Valby","TIB":"810","BANENR":"80","FRA_KM":0.781,"TIL_KM":3.4010000000000002,"FORKORTELSE":"Kh-Val","BANENR_NAVN":"København H - Valby/Svanemøllen","HVDSTRK_NAVN":"København H - Høje Taastrup","DELSTRK_NAVN":"København H - Valby","BTRTYPETEKST":"Fri Bane","BANEKLASSETEKST":"S-bane"}},{"type":"Feature","id":368025,"geometry":{"type":"Polygon","coordinates":[[[12.55991,55.66529],[12.55936,55.66502],[12.55896,55.66541],[12.56127,55.66645],[12.56152,55.66626],[12.56036,55.66553],[12.55991,55.66529]]]},"properties":{"STRKAFS":812002,"NAVN":"København H - Skelbæk","HOVER_NAME":"København H - Skelbæk","TIB":"810,850","BANENR":"80","FRA_KM":0.781,"TIL_KM":0.9670000000000001,"FORKORTELSE":"Kh-Slb","BANENR_NAVN":"København H - Valby/Svanemøllen","HVDSTRK_NAVN":"København H - Høje Taastrup","DELSTRK_NAVN":"København H - Valby","BTRTYPETEKST":"Fri Bane","BANEKLASSETEKST":"S-bane"}},{"type":"Feature","id":368026,"geometry":{"type":"Polygon","coordinates":[[[11.47145,55.7905],[11.47132,55.79031],[11.4709,55.79039],[11.47796,55.80111],[11.47921,55.80235],[11.48126,55.8035],[11.48654,55.80548],[11.49408,55.8076],[11.49432,55.80738],[11.48676,55.80527],[11.48153,55.8033],[11.47977,55.80234],[11.47838,55.80102],[11.4719,55.79119],[11.47145,55.7905]]]},"properties":{"STRKAFS":609026,"NAVN":"Fårevejle - Asnæs","HOVER_NAME":"Fårevejle - Asnæs","TIB":"609","BANENR":null,"FRA_KM":24.05,"TIL_KM":26.57,"FORKORTELSE":"Fvj-Asn","BANENR_NAVN":null,"HVDSTRK_NAVN":"(Holbæk) -Nykøbing Sj","DELSTRK_NAVN":"(Holbæk) -Nykøbing Sj","BTRTYPETEKST":"Fri Bane","BANEKLASSETEKST":"Privatbane"}},{"type":"Feature","id":368027,"geometry":{"type":"Polygon","coordinates":[[[11.5039,55.8085],[11.50504,55.80825],[11.50483,55.80803],[11.50282,55.8084],[11.50087,55.80851],[11.49707,55.80811],[11.49432,55.80738],[11.49408,55.8076],[11.49703,55.80838],[11.49901,55.80869],[11.50124,55.80877],[11.50372,55.80853],[11.5039,55.8085]]]},"properties":{"STRKAFS":609027,"NAVN":"Asnæs","HOVER_NAME":"Asnæs","TIB":"609","BANENR":null,"FRA_KM":26.57,"TIL_KM":27.28,"FORKORTELSE":"Asn","BANENR_NAVN":null,"HVDSTRK_NAVN":"(Holbæk) -Nykøbing Sj","DELSTRK_NAVN":"(Holbæk) -Nykøbing Sj","BTRTYPETEKST":"Station","BANEKLASSETEKST":"Privatbane"}},{"type":"Feature","id":368028,"geometry":{"type":"Polygon","coordinates":[[[11.54213,55.80169],[11.54431,55.80174],[11.54764,55.80213],[11.54775,55.80189],[11.54437,55.80149],[11.54211,55.80144],[11.5298,55.80243],[11.51717,55.80485],[11.50483,55.80803],[11.50504,55.80825],[11.51734,55.80509],[11.52934,55.80276],[11.54193,55.8017],[11.54213,55.80169]]]},"properties":{"STRKAFS":609028,"NAVN":"Asnæs - Grevinge","HOVER_NAME":"Asnæs - Grevinge","TIB":"609","BANENR":null,"FRA_KM":27.28,"TIL_KM":30.080000000000002,"FORKORTELSE":"Asn-Grv","BANENR_NAVN":null,"HVDSTRK_NAVN":"(Holbæk) -Nykøbing Sj","DELSTRK_NAVN":"(Holbæk) -Nykøbing Sj","BTRTYPETEKST":"Fri Bane","BANEKLASSETEKST":"Privatbane"}},{"type":"Feature","id":368029,"geometry":{"type":"Polygon","coordinates":[[[11.54776,55.80189],[11.54764,55.80213],[11.54996,55.80264],[11.55361,55.80414],[11.55525,55.80511],[11.5556,55.80496],[11.5542,55.8041],[11.55135,55.80282],[11.54967,55.80227],[11.54792,55.80191],[11.54776,55.80189]]]},"properties":{"STRKAFS":609031,"NAVN":"Grevinge","HOVER_NAME":"Grevinge","TIB":"609","BANENR":null,"FRA_KM":30.080000000000002,"TIL_KM":30.68,"FORKORTELSE":"Grv","BANENR_NAVN":null,"HVDSTRK_NAVN":"(Holbæk) -Nykøbing Sj","DELSTRK_NAVN":"(Holbæk) -Nykøbing Sj","BTRTYPETEKST":"Station","BANEKLASSETEKST":"Privatbane"}},{"type":"Feature","id":368030,"geometry":{"type":"Polygon","coordinates":[[[8.34656,55.71858],[8.3461,55.71862],[8.34677,55.71953],[8.35233,55.72904],[8.36002,55.73827],[8.36085,55.73967],[8.36447,55.75331],[8.36447,55.75425],[8.36426,55.75515],[8.3638,55.75609],[8.36311,55.75699],[8.36181,55.75811],[8.36029,55.75901],[8.35825,55.75981],[8.35626,55.76028],[8.3508,55.7611],[8.32479,55.76346],[8.32191,55.76398],[8.30307,55.77137],[8.29584,55.77526],[8.29612,55.77545],[8.30334,55.77157],[8.3221,55.76421],[8.32487,55.76371],[8.35089,55.76135],[8.35639,55.76052],[8.35848,55.76003],[8.36058,55.7592],[8.36216,55.75827],[8.36351,55.7571],[8.36422,55.75618],[8.3647,55.7552],[8.36492,55.75426],[8.36491,55.75329],[8.36128,55.7396],[8.36043,55.73817],[8.35275,55.72895],[8.34657,55.71858],[8.34656,55.71858]]]},"properties":{"STRKAFS":662028,"NAVN":"Outrup - Nørre Nebel","HOVER_NAME":"Outrup - Nørre Nebel","TIB":"662","BANENR":null,"FRA_KM":27.82,"TIL_KM":37.17,"FORKORTELSE":"Ovt-Nbl","BANENR_NAVN":null,"HVDSTRK_NAVN":"(Varde) - Nørre Nebel","DELSTRK_NAVN":"(Varde) - Nørre Nebel","BTRTYPETEKST":"Fri Bane","BANEKLASSETEKST":"Privatbane"}},{"type":"Feature","id":368031,"geometry":{"type":"Polygon","coordinates":[[[8.35312,55.72942],[8.35268,55.72948],[8.35294,55.72981],[8.35336,55.72972],[8.35315,55.72947],[8.35312,55.72942]]]},"properties":{"STRKAFS":662029,"NAVN":"Løftgård","HOVER_NAME":"Løftgård","TIB":"662","BANENR":null,"FRA_KM":29.098000000000003,"TIL_KM":29.139000000000003,"FORKORTELSE":"Løt","BANENR_NAVN":null,"HVDSTRK_NAVN":"(Varde) - Nørre Nebel","DELSTRK_NAVN":"(Varde) - Nørre Nebel","BTRTYPETEKST":"Trinbræt","BANEKLASSETEKST":"Privatbane"}},{"type":"Feature","id":368032,"geometry":{"type":"Polygon","coordinates":[[[8.36413,55.75593],[8.36392,55.7559],[8.36358,55.75642],[8.36402,55.75648],[8.36434,55.75597],[8.36413,55.75593]]]},"properties":{"STRKAFS":662032,"NAVN":"Lunde","HOVER_NAME":"Lunde","TIB":"662","BANENR":null,"FRA_KM":32.18,"TIL_KM":32.242000000000004,"FORKORTELSE":"Luj","BANENR_NAVN":null,"HVDSTRK_NAVN":"(Varde) - Nørre Nebel","DELSTRK_NAVN":"(Varde) - Nørre Nebel","BTRTYPETEKST":"Trinbræt","BANEKLASSETEKST":"Privatbane"}},{"type":"Feature","id":368033,"geometry":{"type":"Polygon","coordinates":[[[8.29598,55.77535],[8.29584,55.77526],[8.29319,55.77646],[8.28673,55.77806],[8.28703,55.77815],[8.29312,55.77676],[8.29458,55.77625],[8.29612,55.77545],[8.29598,55.77535]]]},"properties":{"STRKAFS":662037,"NAVN":"Nørre Nebel","HOVER_NAME":"Nørre Nebel","TIB":"662","BANENR":null,"FRA_KM":37.17,"TIL_KM":37.81,"FORKORTELSE":"Nbl","BANENR_NAVN":null,"HVDSTRK_NAVN":"(Varde) - Nørre Nebel","DELSTRK_NAVN":"(Varde) - Nørre Nebel","BTRTYPETEKST":"Station","BANEKLASSETEKST":"Privatbane"}},{"type":"Feature","id":368034,"geometry":{"type":"Polygon","coordinates":[[[8.48791,55.6273],[8.48777,55.62719],[8.48639,55.62768],[8.48656,55.62791],[8.48804,55.6274],[8.48791,55.6273]]]},"properties":{"STRKAFS":662161,"NAVN":"Frisvadvej","HOVER_NAME":"Frisvadvej","TIB":"662","BANENR":null,"FRA_KM":1.462,"TIL_KM":1.5670000000000002,"FORKORTELSE":"Frt","BANENR_NAVN":null,"HVDSTRK_NAVN":"(Varde) - Nørre Nebel","DELSTRK_NAVN":"(Varde) - Nørre Nebel","BTRTYPETEKST":"Trinbræt","BANEKLASSETEKST":"Privatbane"}},{"type":"Feature","id":368035,"geometry":{"type":"Polygon","coordinates":[[[8.29844,55.70022],[8.29837,55.6998],[8.29793,55.69982],[8.298,55.70024],[8.29822,55.70023],[8.29844,55.70022]]]},"properties":{"STRKAFS":662237,"NAVN":"Dyreby","HOVER_NAME":"Dyreby","TIB":"662","BANENR":null,"FRA_KM":23.674,"TIL_KM":23.721,"FORKORTELSE":"Dy","BANENR_NAVN":null,"HVDSTRK_NAVN":"(Varde) - Nørre Nebel","DELSTRK_NAVN":"(Varde) - Nørre Nebel","BTRTYPETEKST":"Trinbræt","BANEKLASSETEKST":"Privatbane"}},{"type":"Feature","id":368036,"geometry":{"type":"Polygon","coordinates":[[[8.46158,55.62376],[8.46156,55.62364],[8.45956,55.62377],[8.45961,55.62402],[8.46161,55.62389],[8.46158,55.62376]]]},"properties":{"STRKAFS":662341,"NAVN":"Boulevarden","HOVER_NAME":"Boulevarden","TIB":"662","BANENR":null,"FRA_KM":3.325,"TIL_KM":3.451,"FORKORTELSE":"Bot","BANENR_NAVN":null,"HVDSTRK_NAVN":"(Varde) - Nørre Nebel","DELSTRK_NAVN":"(Varde) - Nørre Nebel","BTRTYPETEKST":"Trinbræt","BANEKLASSETEKST":"Privatbane"}},{"type":"Feature","id":368037,"geometry":{"type":"Polygon","coordinates":[[[8.40068,55.62622],[8.40016,55.62615],[8.40005,55.6264],[8.4008,55.6265],[8.4009,55.62625],[8.40068,55.62622]]]},"properties":{"STRKAFS":662721,"NAVN":"Hyllerslev","HOVER_NAME":"Hyllerslev","TIB":"662","BANENR":null,"FRA_KM":7.18,"TIL_KM":7.228000000000001,"FORKORTELSE":"Hyv","BANENR_NAVN":null,"HVDSTRK_NAVN":"(Varde) - Nørre Nebel","DELSTRK_NAVN":"(Varde) - Nørre Nebel","BTRTYPETEKST":"Trinbræt","BANEKLASSETEKST":"Privatbane"}},{"type":"Feature","id":368038,"geometry":{"type":"MultiPolygon","coordinates":[[[[12.55991,55.66529],[12.55936,55.66502],[12.55896,55.66541],[12.5611,55.66637],[12.56142,55.6662],[12.56036,55.66553],[12.55991,55.66529]]],[[[12.55986,55.665],[12.55955,55.66487],[12.55941,55.66498],[12.56153,55.66604],[12.56165,55.66597],[12.56029,55.6652],[12.55986,55.665]]]]},"properties":{"STRKAFS":812021,"NAVN":"Dybbølsbro","HOVER_NAME":"Dybbølsbro","TIB":"810,850","BANENR":"80","FRA_KM":0.792,"TIL_KM":0.9670000000000001,"FORKORTELSE":"Dbt","BANENR_NAVN":"København H - Valby/Svanemøllen","HVDSTRK_NAVN":"København H - Høje Taastrup","DELSTRK_NAVN":"København H - Valby","BTRTYPETEKST":"Trinbræt","BANEKLASSETEKST":"S-bane"}},{"type":"Feature","id":368039,"geometry":{"type":"Polygon","coordinates":[[[12.5489,55.66366],[12.54794,55.66349],[12.54784,55.66368],[12.54399,55.66292],[12.54274,55.66287],[12.54274,55.66305],[12.54683,55.66373],[12.55728,55.66505],[12.55896,55.66541],[12.55936,55.66502],[12.55796,55.66462],[12.5527,55.66424],[12.54915,55.66375],[12.5489,55.66366]]]},"properties":{"STRKAFS":813000,"NAVN":"Skelbæk","HOVER_NAME":"Skelbæk","TIB":"810,850","BANENR":"80","FRA_KM":0.9670000000000001,"TIL_KM":1.6960000000000002,"FORKORTELSE":"Slb","BANENR_NAVN":"København H - Valby/Svanemøllen","HVDSTRK_NAVN":"København H - Høje Taastrup","DELSTRK_NAVN":"Skelbæk","BTRTYPETEKST":"Teknisk Station","BANEKLASSETEKST":"S-bane"}},{"type":"Feature","id":368040,"geometry":{"type":"Polygon","coordinates":[[[12.54512,55.66282],[12.54267,55.66276],[12.53639,55.66341],[12.5227,55.66372],[12.52238,55.66393],[12.53866,55.66353],[12.54274,55.66305],[12.54274,55.66287],[12.54366,55.66287],[12.54634,55.66345],[12.54784,55.66368],[12.54789,55.66358],[12.54462,55.66285],[12.54493,55.66283],[12.54512,55.66282]]]},"properties":{"STRKAFS":814002,"NAVN":"Skelbæk - Valby","HOVER_NAME":"Skelbæk - Valby","TIB":"810","BANENR":"80","FRA_KM":1.6960000000000002,"TIL_KM":3.4010000000000002,"FORKORTELSE":"Slb-Val","BANENR_NAVN":"København H - Valby/Svanemøllen","HVDSTRK_NAVN":"København H - Høje Taastrup","DELSTRK_NAVN":"Skelbæk - Valby","BTRTYPETEKST":"Fri Bane","BANEKLASSETEKST":"S-bane"}},{"type":"Feature","id":368041,"geometry":{"type":"Polygon","coordinates":[[[12.53782,55.66356],[12.53777,55.66329],[12.53447,55.66343],[12.5345,55.66364],[12.53549,55.6636],[12.53782,55.66356]]]},"properties":{"STRKAFS":814023,"NAVN":"Carlsberg","HOVER_NAME":"Carlsberg","TIB":"810","BANENR":"80","FRA_KM":2.4290000000000003,"TIL_KM":2.641,"FORKORTELSE":"Cb","BANENR_NAVN":"København H - Valby/Svanemøllen","HVDSTRK_NAVN":"København H - Høje Taastrup","DELSTRK_NAVN":"Skelbæk - Valby","BTRTYPETEKST":"Trinbræt","BANEKLASSETEKST":"S-bane"}},{"type":"Feature","id":368042,"geometry":{"type":"Polygon","coordinates":[[[12.51039,55.66426],[12.51762,55.66394],[12.52238,55.66393],[12.52271,55.66368],[12.51262,55.6637],[12.49983,55.66404],[12.49984,55.66419],[12.50714,55.66417],[12.50719,55.66429],[12.50597,55.66486],[12.50425,55.66625],[12.50374,55.6671],[12.50448,55.66721],[12.50543,55.66591],[12.50751,55.66474],[12.50924,55.6644],[12.51039,55.66426]]]},"properties":{"STRKAFS":815000,"NAVN":"Valby","HOVER_NAME":"Valby","TIB":"810,830","BANENR":"80","FRA_KM":3.4010000000000002,"TIL_KM":4.846,"FORKORTELSE":"Val","BANENR_NAVN":"København H - Valby/Svanemøllen","HVDSTRK_NAVN":"København H - Høje Taastrup","DELSTRK_NAVN":"Valby","BTRTYPETEKST":"Station","BANEKLASSETEKST":"S-bane"}},{"type":"Feature","id":368043,"geometry":{"type":"Polygon","coordinates":[[[12.49984,55.66419],[12.49983,55.66404],[12.42488,55.66517],[12.4193,55.66506],[12.4104,55.66426],[12.41033,55.66443],[12.41564,55.66506],[12.4186,55.66524],[12.42624,55.66537],[12.43727,55.66521],[12.43933,55.66537],[12.44405,55.66513],[12.45186,55.66509],[12.45412,55.6649],[12.45837,55.66503],[12.46525,55.66475],[12.49927,55.6642],[12.49984,55.66419]]]},"properties":{"STRKAFS":816006,"NAVN":"Valby - Glostrup","HOVER_NAME":"Valby - Glostrup","TIB":"810","BANENR":"81","FRA_KM":4.846,"TIL_KM":10.478,"FORKORTELSE":"Val-Gl","BANENR_NAVN":"(Valby) - Høje Taastrup","HVDSTRK_NAVN":"København H - Høje Taastrup","DELSTRK_NAVN":"Valby - Taastrup","BTRTYPETEKST":"Fri Bane","BANEKLASSETEKST":"S-bane"}},{"type":"Feature","id":368044,"geometry":{"type":"Polygon","coordinates":[[[12.49214,55.66415],[12.49182,55.66416],[12.49183,55.66434],[12.49469,55.6643],[12.49468,55.66411],[12.49439,55.66412],[12.49214,55.66415]]]},"properties":{"STRKAFS":816007,"NAVN":"Danshøj","HOVER_NAME":"Danshøj","TIB":"810","BANENR":"81","FRA_KM":5.171,"TIL_KM":5.3500000000000005,"FORKORTELSE":"Dah","BANENR_NAVN":"(Valby) - Høje Taastrup","HVDSTRK_NAVN":"København H - Høje Taastrup","DELSTRK_NAVN":"Valby - Taastrup","BTRTYPETEKST":"Trinbræt","BANEKLASSETEKST":"S-bane"}},{"type":"Feature","id":368045,"geometry":{"type":"Polygon","coordinates":[[[12.38751,55.66175],[12.38671,55.66165],[12.38665,55.66179],[12.39902,55.66335],[12.40258,55.66357],[12.41033,55.66443],[12.4104,55.66426],[12.38857,55.66187],[12.38751,55.66175]]]},"properties":{"STRKAFS":816011,"NAVN":"Glostrup","HOVER_NAME":"Glostrup","TIB":"810","BANENR":"81","FRA_KM":10.478,"TIL_KM":11.998000000000001,"FORKORTELSE":"Gl","BANENR_NAVN":"(Valby) - Høje Taastrup","HVDSTRK_NAVN":"København H - Høje Taastrup","DELSTRK_NAVN":"Valby - Taastrup","BTRTYPETEKST":"Station","BANEKLASSETEKST":"S-bane"}},{"type":"Feature","id":368046,"geometry":{"type":"Polygon","coordinates":[[[12.3607,55.65877],[12.31028,55.65321],[12.31018,55.65346],[12.32284,55.65503],[12.3345,55.65603],[12.3362,55.65638],[12.34767,55.65748],[12.35407,55.65834],[12.35971,55.65876],[12.3856,55.66168],[12.38665,55.66179],[12.38671,55.66165],[12.36305,55.65903],[12.3607,55.65877]]]},"properties":{"STRKAFS":816012,"NAVN":"Glostrup - Taastrup","HOVER_NAME":"Glostrup - Taastrup","TIB":"810","BANENR":"81","FRA_KM":11.998000000000001,"TIL_KM":16.902,"FORKORTELSE":"Gl-Tå","BANENR_NAVN":"(Valby) - Høje Taastrup","HVDSTRK_NAVN":"København H - Høje Taastrup","DELSTRK_NAVN":"Valby - Taastrup","BTRTYPETEKST":"Fri Bane","BANEKLASSETEKST":"S-bane"}},{"type":"Feature","id":368047,"geometry":{"type":"Polygon","coordinates":[[[11.5557,55.80503],[11.55525,55.80511],[11.55638,55.8062],[11.55706,55.80747],[11.55721,55.80839],[11.55706,55.8094],[11.55661,55.81034],[11.55021,55.82014],[11.5499,55.82155],[11.55032,55.82305],[11.55119,55.8242],[11.5527,55.82536],[11.56071,55.82897],[11.56242,55.83013],[11.56318,55.83104],[11.56354,55.83182],[11.56367,55.83261],[11.56351,55.83396],[11.56356,55.83493],[11.56393,55.83593],[11.56459,55.83685],[11.56549,55.83769],[11.57254,55.84274],[11.58002,55.85031],[11.58041,55.85019],[11.57321,55.84285],[11.56585,55.83754],[11.56491,55.83666],[11.56436,55.83586],[11.564,55.8349],[11.56412,55.83261],[11.56398,55.83177],[11.5636,55.83095],[11.5628,55.83],[11.56101,55.82878],[11.55303,55.82518],[11.55158,55.82408],[11.55075,55.82298],[11.55034,55.82154],[11.55064,55.82021],[11.55703,55.81042],[11.5575,55.80945],[11.55765,55.80828],[11.5574,55.80715],[11.55669,55.80598],[11.55571,55.80504],[11.5557,55.80503]]]},"properties":{"STRKAFS":609032,"NAVN":"Grevinge - Vig","HOVER_NAME":"Grevinge - Vig","TIB":"609","BANENR":null,"FRA_KM":30.68,"TIL_KM":36.44,"FORKORTELSE":"Grv-Vig","BANENR_NAVN":null,"HVDSTRK_NAVN":"(Holbæk) -Nykøbing Sj","DELSTRK_NAVN":"(Holbæk) -Nykøbing Sj","BTRTYPETEKST":"Fri Bane","BANEKLASSETEKST":"Privatbane"}},{"type":"Feature","id":368048,"geometry":{"type":"Polygon","coordinates":[[[11.58042,55.85019],[11.58002,55.85031],[11.58179,55.85239],[11.58388,55.85556],[11.58429,55.85547],[11.58249,55.85256],[11.58043,55.8502],[11.58042,55.85019]]]},"properties":{"STRKAFS":609037,"NAVN":"Vig","HOVER_NAME":"Vig","TIB":"609","BANENR":null,"FRA_KM":36.44,"TIL_KM":37.07,"FORKORTELSE":"Vig","BANENR_NAVN":null,"HVDSTRK_NAVN":"(Holbæk) -Nykøbing Sj","DELSTRK_NAVN":"(Holbæk) -Nykøbing Sj","BTRTYPETEKST":"Station","BANEKLASSETEKST":"Privatbane"}},{"type":"Feature","id":368049,"geometry":{"type":"Polygon","coordinates":[[[8.25099,55.61618],[8.25522,55.61648],[8.26738,55.61858],[8.27624,55.61916],[8.28621,55.62052],[8.28929,55.62052],[8.29073,55.62032],[8.29141,55.62002],[8.28835,55.62033],[8.28629,55.62028],[8.27633,55.61892],[8.26748,55.61833],[8.25533,55.61624],[8.25282,55.61598],[8.25058,55.61593],[8.24595,55.61642],[8.23187,55.61983],[8.21959,55.62202],[8.21944,55.62215],[8.2197,55.62226],[8.22465,55.62162],[8.23166,55.62036],[8.23537,55.61926],[8.24549,55.61678],[8.24792,55.61637],[8.2506,55.61618],[8.25099,55.61618]]]},"properties":{"STRKAFS":663002,"NAVN":"Oksbøl - Oksbøl Lejren","HOVER_NAME":"Oksbøl - Oksbøl Lejren","TIB":null,"BANENR":null,"FRA_KM":0.093,"TIL_KM":4.79,"FORKORTELSE":"Oks-Oksl","BANENR_NAVN":null,"HVDSTRK_NAVN":"(Oksbøl) - Oksbøl Lejren","DELSTRK_NAVN":"(Oksbøl) - Oksbøl Lejren","BTRTYPETEKST":"Fri Bane","BANEKLASSETEKST":"Privatbane"}},{"type":"Feature","id":368050,"geometry":{"type":"Polygon","coordinates":[[[10.15043,55.97132],[10.15026,55.97152],[10.15013,55.97259],[10.15024,55.97454],[10.15069,55.97454],[10.15055,55.9731],[10.15087,55.97132],[10.15069,55.97121],[10.15043,55.9713],[10.15043,55.97132]]]},"properties":{"STRKAFS":664009,"NAVN":"Odder","HOVER_NAME":"Odder","TIB":"37","BANENR":null,"FRA_KM":9.700000000000001,"TIL_KM":10.06,"FORKORTELSE":"Odd","BANENR_NAVN":null,"HVDSTRK_NAVN":"Odder - (Aarhus H)","DELSTRK_NAVN":"Odder - (Aarhus H)","BTRTYPETEKST":"Station","BANEKLASSETEKST":"Privatbane"}},{"type":"Feature","id":368051,"geometry":{"type":"Polygon","coordinates":[[[10.15069,55.97454],[10.15024,55.97454],[10.15032,55.97489],[10.15277,55.98163],[10.15997,55.99224],[10.16093,55.99337],[10.16246,55.99462],[10.16427,55.99564],[10.1774,56.00185],[10.1777,56.00166],[10.16457,55.99545],[10.16281,55.99446],[10.16132,55.99325],[10.16039,55.99215],[10.15336,55.98184],[10.15274,55.98052],[10.15072,55.97467],[10.15069,55.97454]]]},"properties":{"STRKAFS":664012,"NAVN":"Odder - Assedrup","HOVER_NAME":"Odder - Assedrup","TIB":"37","BANENR":null,"FRA_KM":10.06,"TIL_KM":13.66,"FORKORTELSE":"Odd-Ass","BANENR_NAVN":null,"HVDSTRK_NAVN":"Odder - (Aarhus H)","DELSTRK_NAVN":"Odder - (Aarhus H)","BTRTYPETEKST":"Fri Bane","BANEKLASSETEKST":"Privatbane"}},{"type":"Feature","id":368052,"geometry":{"type":"Polygon","coordinates":[[[10.17777,56.00169],[10.1774,56.00185],[10.1819,56.00395],[10.18767,56.00546],[10.18926,56.00638],[10.19002,56.00735],[10.19046,56.00729],[10.18963,56.00624],[10.18794,56.00525],[10.18256,56.0038],[10.17879,56.00218],[10.17777,56.00169]]]},"properties":{"STRKAFS":664013,"NAVN":"Assedrup","HOVER_NAME":"Assedrup","TIB":"37","BANENR":null,"FRA_KM":13.66,"TIL_KM":14.69,"FORKORTELSE":"Ass","BANENR_NAVN":null,"HVDSTRK_NAVN":"Odder - (Aarhus H)","DELSTRK_NAVN":"Odder - (Aarhus H)","BTRTYPETEKST":"Station","BANEKLASSETEKST":"Privatbane"}},{"type":"Feature","id":368053,"geometry":{"type":"Polygon","coordinates":[[[12.47507,55.6644],[12.47465,55.66441],[12.47467,55.66469],[12.47757,55.66461],[12.47755,55.66437],[12.47507,55.6644]]]},"properties":{"STRKAFS":816063,"NAVN":"Hvidovre Nær","HOVER_NAME":"Hvidovre Nær","TIB":"810","BANENR":"81","FRA_KM":6.247,"TIL_KM":6.429,"FORKORTELSE":"Hit","BANENR_NAVN":"(Valby) - Høje Taastrup","HVDSTRK_NAVN":"København H - Høje Taastrup","DELSTRK_NAVN":"Valby - Taastrup","BTRTYPETEKST":"Trinbræt","BANEKLASSETEKST":"S-bane"}},{"type":"Feature","id":368054,"geometry":{"type":"Polygon","coordinates":[[[12.45947,55.66468],[12.45784,55.6647],[12.45784,55.66501],[12.46073,55.66499],[12.4607,55.66466],[12.45947,55.66468]]]},"properties":{"STRKAFS":816075,"NAVN":"Rødovre","HOVER_NAME":"Rødovre","TIB":"810","BANENR":"81","FRA_KM":7.306,"TIL_KM":7.487,"FORKORTELSE":"Rdo","BANENR_NAVN":"(Valby) - Høje Taastrup","HVDSTRK_NAVN":"København H - Høje Taastrup","DELSTRK_NAVN":"Valby - Taastrup","BTRTYPETEKST":"Trinbræt","BANEKLASSETEKST":"S-bane"}},{"type":"Feature","id":368055,"geometry":{"type":"Polygon","coordinates":[[[12.44358,55.66503],[12.44352,55.66491],[12.44066,55.66495],[12.44069,55.66528],[12.44359,55.66515],[12.44358,55.66503]]]},"properties":{"STRKAFS":816085,"NAVN":"Brøndbyøster","HOVER_NAME":"Brøndbyøster","TIB":"810","BANENR":"81","FRA_KM":8.383000000000001,"TIL_KM":8.566,"FORKORTELSE":"Bøt","BANENR_NAVN":"(Valby) - Høje Taastrup","HVDSTRK_NAVN":"København H - Høje Taastrup","DELSTRK_NAVN":"Valby - Taastrup","BTRTYPETEKST":"Trinbræt","BANEKLASSETEKST":"S-bane"}},{"type":"Feature","id":368056,"geometry":{"type":"Polygon","coordinates":[[[12.35405,55.65804],[12.35351,55.65798],[12.35342,55.65825],[12.35624,55.65851],[12.35631,55.65829],[12.35405,55.65804]]]},"properties":{"STRKAFS":816141,"NAVN":"Albertslund","HOVER_NAME":"Albertslund","TIB":"810","BANENR":"81","FRA_KM":13.948,"TIL_KM":14.127,"FORKORTELSE":"Alb","BANENR_NAVN":"(Valby) - Høje Taastrup","HVDSTRK_NAVN":"København H - Høje Taastrup","DELSTRK_NAVN":"Valby - Taastrup","BTRTYPETEKST":"Trinbræt","BANEKLASSETEKST":"S-bane"}},{"type":"Feature","id":368057,"geometry":{"type":"Polygon","coordinates":[[[12.29679,55.65188],[12.29309,55.65147],[12.29033,55.65148],[12.27805,55.64992],[12.27514,55.6497],[12.27508,55.64996],[12.28234,55.65107],[12.2856,55.65261],[12.29059,55.65338],[12.29065,55.6532],[12.29028,55.65314],[12.2906,55.65219],[12.29307,55.65186],[12.3014,55.65253],[12.31018,55.65346],[12.31028,55.65321],[12.29819,55.65201],[12.29679,55.65188]]]},"properties":{"STRKAFS":817000,"NAVN":"Taastrup","HOVER_NAME":"Taastrup","TIB":"810","BANENR":"81","FRA_KM":16.902,"TIL_KM":17.999000000000002,"FORKORTELSE":"Tå","BANENR_NAVN":"(Valby) - Høje Taastrup","HVDSTRK_NAVN":"København H - Høje Taastrup","DELSTRK_NAVN":"Taastrup","BTRTYPETEKST":"Station","BANEKLASSETEKST":"S-bane"}},{"type":"Feature","id":368058,"geometry":{"type":"Polygon","coordinates":[[[12.29133,55.65153],[12.29109,55.65148],[12.29309,55.65147],[12.27862,55.64979],[12.27855,55.64997],[12.29298,55.65175],[12.29176,55.65159],[12.29133,55.65153]]]},"properties":{"STRKAFS":818020,"NAVN":"Taastrup - Høje Taastrup","HOVER_NAME":"Taastrup - Høje Taastrup","TIB":"810","BANENR":"81","FRA_KM":17.999000000000002,"TIL_KM":18.929000000000002,"FORKORTELSE":"Tå-Htå","BANENR_NAVN":"(Valby) - Høje Taastrup","HVDSTRK_NAVN":"København H - Høje Taastrup","DELSTRK_NAVN":"Taastrup - Høje Taastrup","BTRTYPETEKST":"Fri Bane","BANEKLASSETEKST":"S-bane"}},{"type":"Feature","id":368059,"geometry":{"type":"Polygon","coordinates":[[[12.2786,55.64983],[12.27032,55.64909],[12.25985,55.64781],[12.25968,55.64827],[12.27098,55.64945],[12.27683,55.64989],[12.27855,55.64997],[12.27859,55.64987],[12.2786,55.64983]]]},"properties":{"STRKAFS":819000,"NAVN":"Høje Taastrup","HOVER_NAME":"Høje Taastrup","TIB":"810","BANENR":"81","FRA_KM":18.929000000000002,"TIL_KM":19.822,"FORKORTELSE":"Htå","BANENR_NAVN":"(Valby) - Høje Taastrup","HVDSTRK_NAVN":"København H - Høje Taastrup","DELSTRK_NAVN":"Høje Taastrup","BTRTYPETEKST":"Station","BANEKLASSETEKST":"S-bane"}},{"type":"Feature","id":368060,"geometry":{"type":"Polygon","coordinates":[[[12.56426,55.67222],[12.56387,55.6721],[12.56268,55.67357],[12.56219,55.6748],[12.56203,55.67584],[12.56253,55.67584],[12.5633,55.67387],[12.56473,55.67239],[12.56442,55.67228],[12.56426,55.67222]]]},"properties":{"STRKAFS":821000,"NAVN":"København H","HOVER_NAME":"København H","TIB":"820","BANENR":"80","FRA_KM":0,"TIL_KM":0.4,"FORKORTELSE":"Kh","BANENR_NAVN":"København H - Valby/Svanemøllen","HVDSTRK_NAVN":"København H - Hillerød","DELSTRK_NAVN":"København H","BTRTYPETEKST":"Station","BANEKLASSETEKST":"S-bane"}},{"type":"Feature","id":368061,"geometry":{"type":"Polygon","coordinates":[[[12.56231,55.67584],[12.56203,55.67584],[12.56255,55.67726],[12.56344,55.67823],[12.56736,55.68031],[12.57082,55.683],[12.57687,55.68693],[12.58158,55.68953],[12.58178,55.68937],[12.57629,55.68636],[12.57027,55.68233],[12.5672,55.67998],[12.56396,55.67822],[12.56283,55.67699],[12.56249,55.67584],[12.56231,55.67584]]]},"properties":{"STRKAFS":822002,"NAVN":"København H - Østerport","HOVER_NAME":"København H - Østerport","TIB":"820","BANENR":"80","FRA_KM":0.4,"TIL_KM":2.375,"FORKORTELSE":"Kh-Kk","BANENR_NAVN":"København H - Valby/Svanemøllen","HVDSTRK_NAVN":"København H - Hillerød","DELSTRK_NAVN":"København H - Svanemøllen","BTRTYPETEKST":"Fri Bane","BANEKLASSETEKST":"S-bane"}},{"type":"Feature","id":368062,"geometry":{"type":"Polygon","coordinates":[[[12.58204,55.68951],[12.58178,55.68937],[12.58158,55.68953],[12.59116,55.69544],[12.59182,55.69691],[12.59186,55.69818],[12.5921,55.69818],[12.59219,55.69737],[12.59205,55.69649],[12.59109,55.69504],[12.59002,55.69421],[12.58239,55.68968],[12.58204,55.68951]]]},"properties":{"STRKAFS":822003,"NAVN":"Østerport","HOVER_NAME":"Østerport","TIB":"820","BANENR":"80","FRA_KM":2.375,"TIL_KM":3.593,"FORKORTELSE":"Kk","BANENR_NAVN":"København H - Valby/Svanemøllen","HVDSTRK_NAVN":"København H - Hillerød","DELSTRK_NAVN":"København H - Svanemøllen","BTRTYPETEKST":"Station","BANEKLASSETEKST":"S-bane"}},{"type":"Feature","id":368063,"geometry":{"type":"Polygon","coordinates":[[[12.29624,55.58128],[12.29607,55.58119],[12.29569,55.58146],[12.2979,55.58246],[12.29826,55.5822],[12.29624,55.58128]]]},"properties":{"STRKAFS":854219,"NAVN":"Greve","HOVER_NAME":"Greve","TIB":"850","BANENR":"85","FRA_KM":21.685000000000002,"TIL_KM":21.863,"FORKORTELSE":"Gre","BANENR_NAVN":"(København H)/(Skelbæk) - Køge","HVDSTRK_NAVN":"København H/Skelbæk - Køge","DELSTRK_NAVN":"Hundige - Køge","BTRTYPETEKST":"Trinbræt","BANEKLASSETEKST":"S-bane"}},{"type":"Feature","id":368064,"geometry":{"type":"Polygon","coordinates":[[[12.20892,55.5208],[12.20881,55.52063],[12.20809,55.52078],[12.20904,55.5222],[12.20977,55.52205],[12.20951,55.52169],[12.20892,55.5208]]]},"properties":{"STRKAFS":854309,"NAVN":"Jersie","HOVER_NAME":"Jersie","TIB":"850","BANENR":"85","FRA_KM":30.669,"TIL_KM":30.839000000000002,"FORKORTELSE":"Jsi","BANENR_NAVN":"(København H)/(Skelbæk) - Køge","HVDSTRK_NAVN":"København H/Skelbæk - Køge","DELSTRK_NAVN":"Hundige - Køge","BTRTYPETEKST":"Trinbræt","BANEKLASSETEKST":"S-bane"}},{"type":"Feature","id":368065,"geometry":{"type":"Polygon","coordinates":[[[12.1745,55.49828],[12.17439,55.49811],[12.17385,55.49823],[12.17518,55.4997],[12.17568,55.49952],[12.175,55.49883],[12.1745,55.49828]]]},"properties":{"STRKAFS":854341,"NAVN":"Køge Nord","HOVER_NAME":"Køge Nord","TIB":"850","BANENR":"85","FRA_KM":34.003,"TIL_KM":34.185,"FORKORTELSE":"Kjn","BANENR_NAVN":"(København H)/(Skelbæk) - Køge","HVDSTRK_NAVN":"København H/Skelbæk - Køge","DELSTRK_NAVN":"Hundige - Køge","BTRTYPETEKST":"Trinbræt","BANEKLASSETEKST":"S-bane"}},{"type":"Feature","id":368066,"geometry":{"type":"Polygon","coordinates":[[[12.17653,55.47923],[12.17619,55.4792],[12.17453,55.48028],[12.17492,55.48049],[12.17672,55.47933],[12.17653,55.47923]]]},"properties":{"STRKAFS":854363,"NAVN":"Ølby","HOVER_NAME":"Ølby","TIB":"850","BANENR":"85","FRA_KM":36.247,"TIL_KM":36.42,"FORKORTELSE":"Ølb","BANENR_NAVN":"(København H)/(Skelbæk) - Køge","HVDSTRK_NAVN":"København H/Skelbæk - Køge","DELSTRK_NAVN":"Hundige - Køge","BTRTYPETEKST":"Trinbræt","BANEKLASSETEKST":"S-bane"}},{"type":"Feature","id":368067,"geometry":{"type":"Polygon","coordinates":[[[12.1843,55.47002],[12.18711,55.46227],[12.18715,55.46061],[12.18647,55.4575],[12.18609,55.45753],[12.18686,55.46017],[12.18658,55.46044],[12.18677,55.46126],[12.18669,55.46219],[12.18579,55.46432],[12.18611,55.46445],[12.18467,55.46824],[12.18438,55.46824],[12.18434,55.46851],[12.18461,55.4685],[12.18358,55.47135],[12.18382,55.47137],[12.18408,55.47068],[12.1843,55.47002]]]},"properties":{"STRKAFS":855000,"NAVN":"Køge","HOVER_NAME":"Køge","TIB":"850","BANENR":"85","FRA_KM":37.443000000000005,"TIL_KM":38.980000000000004,"FORKORTELSE":"Kj","BANENR_NAVN":"(København H)/(Skelbæk) - Køge","HVDSTRK_NAVN":"København H/Skelbæk - Køge","DELSTRK_NAVN":"Køge","BTRTYPETEKST":"Station","BANEKLASSETEKST":"S-bane"}},{"type":"Feature","id":368068,"geometry":{"type":"Polygon","coordinates":[[[12.58905,55.77171],[12.58704,55.76981],[12.58592,55.76835],[12.58527,55.76707],[12.58418,55.76377],[12.5829,55.76169],[12.58012,55.75883],[12.5722,55.75148],[12.56741,55.7475],[12.56553,55.7453],[12.56457,55.7434],[12.5643,55.74166],[12.56448,55.74021],[12.56535,55.73799],[12.56449,55.73982],[12.56404,55.74156],[12.56427,55.7432],[12.56511,55.74508],[12.56266,55.7439],[12.56146,55.74273],[12.56094,55.7417],[12.56091,55.7414],[12.56116,55.74131],[12.56086,55.74099],[12.56101,55.74027],[12.56142,55.73952],[12.563,55.73765],[12.56287,55.73761],[12.56096,55.73962],[12.56067,55.74015],[12.56051,55.74132],[12.5607,55.74228],[12.56092,55.7426],[12.56196,55.74366],[12.56523,55.74553],[12.56596,55.74613],[12.5673,55.7477],[12.57034,55.75015],[12.57029,55.75027],[12.57182,55.75177],[12.57322,55.75269],[12.57999,55.75895],[12.58174,55.76087],[12.58369,55.76353],[12.58522,55.76754],[12.58597,55.76878],[12.58675,55.76971],[12.58663,55.76974],[12.58847,55.77158],[12.58879,55.77168],[12.58914,55.7722],[12.58935,55.77217],[12.58928,55.77205],[12.58905,55.77171]]]},"properties":{"STRKAFS":862010,"NAVN":"Hellerup - Klampenborg","HOVER_NAME":"Hellerup - Klampenborg","TIB":"860","BANENR":"86","FRA_KM":8.6,"TIL_KM":12.8,"FORKORTELSE":"Hl-Kl","BANENR_NAVN":"(Hellerup) - Klampenborg","HVDSTRK_NAVN":"Hellerup - Klampenborg","DELSTRK_NAVN":"Hellerup - Klampenborg","BTRTYPETEKST":"Fri Bane","BANEKLASSETEKST":"S-bane"}},{"type":"Feature","id":368069,"geometry":{"type":"Polygon","coordinates":[[[12.57138,55.75074],[12.57127,55.75065],[12.57095,55.75083],[12.5723,55.75214],[12.57279,55.75217],[12.57171,55.75103],[12.57138,55.75074]]]},"properties":{"STRKAFS":862103,"NAVN":"Charlottenlund","HOVER_NAME":"Charlottenlund","TIB":"860","BANENR":"86","FRA_KM":10.131,"TIL_KM":10.399000000000001,"FORKORTELSE":"Ch","BANENR_NAVN":"(Hellerup) - Klampenborg","HVDSTRK_NAVN":"Hellerup - Klampenborg","DELSTRK_NAVN":"Hellerup - Klampenborg","BTRTYPETEKST":"Trinbræt","BANEKLASSETEKST":"S-bane"}},{"type":"Feature","id":368070,"geometry":{"type":"Polygon","coordinates":[[[12.5829,55.76169],[12.58267,55.76144],[12.58229,55.76154],[12.58334,55.76301],[12.58377,55.76293],[12.58311,55.76195],[12.5829,55.76169]]]},"properties":{"STRKAFS":862116,"NAVN":"Ordrup","HOVER_NAME":"Ordrup","TIB":"860","BANENR":"86","FRA_KM":11.526,"TIL_KM":11.705,"FORKORTELSE":"Op","BANENR_NAVN":"(Hellerup) - Klampenborg","HVDSTRK_NAVN":"Hellerup - Klampenborg","DELSTRK_NAVN":"Hellerup - Klampenborg","BTRTYPETEKST":"Trinbræt","BANEKLASSETEKST":"S-bane"}},{"type":"Feature","id":368071,"geometry":{"type":"Polygon","coordinates":[[[12.58873,55.77617],[12.58946,55.77466],[12.58973,55.77358],[12.58949,55.77246],[12.58879,55.77168],[12.58846,55.77174],[12.58865,55.77184],[12.58917,55.77304],[12.58911,55.77435],[12.58832,55.77591],[12.58789,55.77582],[12.58771,55.77616],[12.58819,55.77624],[12.5873,55.77755],[12.58782,55.77765],[12.58831,55.7769],[12.58873,55.77617]]]},"properties":{"STRKAFS":863000,"NAVN":"Klampenborg","HOVER_NAME":"Klampenborg","TIB":"860","BANENR":"86","FRA_KM":12.8,"TIL_KM":13.411000000000001,"FORKORTELSE":"Kl","BANENR_NAVN":"(Hellerup) - Klampenborg","HVDSTRK_NAVN":"Hellerup - Klampenborg","DELSTRK_NAVN":"Klampenborg","BTRTYPETEKST":"Station","BANEKLASSETEKST":"S-bane"}},{"type":"Feature","id":368072,"geometry":{"type":"Polygon","coordinates":[[[11.5843,55.85548],[11.58388,55.85556],[11.58544,55.85711],[11.59721,55.86433],[11.60275,55.86673],[11.60472,55.86722],[11.60815,55.86772],[11.6101,55.86828],[11.61214,55.86936],[11.61384,55.87089],[11.61461,55.87177],[11.61512,55.87277],[11.61527,55.87395],[11.61497,55.87511],[11.6138,55.87667],[11.60936,55.87978],[11.60975,55.87991],[11.61353,55.87732],[11.61506,55.87579],[11.61569,55.87417],[11.61569,55.87328],[11.61548,55.87252],[11.61453,55.87107],[11.61229,55.86906],[11.61083,55.86826],[11.60913,55.86768],[11.60486,55.86698],[11.60296,55.86651],[11.59752,55.86414],[11.58589,55.85702],[11.58499,55.85629],[11.5843,55.85548],[11.5843,55.85548]]]},"properties":{"STRKAFS":609038,"NAVN":"Vig - Nørre Asmindrup","HOVER_NAME":"Vig - Nørre Asmindrup","TIB":"609","BANENR":null,"FRA_KM":37.07,"TIL_KM":40.79,"FORKORTELSE":"Vig-Nam","BANENR_NAVN":null,"HVDSTRK_NAVN":"(Holbæk) -Nykøbing Sj","DELSTRK_NAVN":"(Holbæk) -Nykøbing Sj","BTRTYPETEKST":"Fri Bane","BANEKLASSETEKST":"Privatbane"}},{"type":"Feature","id":368073,"geometry":{"type":"Polygon","coordinates":[[[11.60956,55.87984],[11.60936,55.87978],[11.60811,55.88096],[11.60535,55.88421],[11.60422,55.8858],[11.60465,55.88586],[11.60575,55.88431],[11.60816,55.88146],[11.60975,55.87991],[11.60956,55.87984]]]},"properties":{"STRKAFS":609041,"NAVN":"Nørre Asmindrup","HOVER_NAME":"Nørre Asmindrup","TIB":"609","BANENR":null,"FRA_KM":40.79,"TIL_KM":41.54,"FORKORTELSE":"Nam","BANENR_NAVN":null,"HVDSTRK_NAVN":"(Holbæk) -Nykøbing Sj","DELSTRK_NAVN":"(Holbæk) -Nykøbing Sj","BTRTYPETEKST":"Station","BANEKLASSETEKST":"Privatbane"}},{"type":"Feature","id":368074,"geometry":{"type":"Polygon","coordinates":[[[11.60443,55.88584],[11.60422,55.8858],[11.60277,55.88829],[11.6024,55.88919],[11.60218,55.89039],[11.60373,55.90047],[11.60369,55.9014],[11.60338,55.90229],[11.60285,55.9031],[11.60111,55.9047],[11.60048,55.9055],[11.60013,55.90652],[11.60023,55.90762],[11.60067,55.90758],[11.60058,55.90653],[11.60098,55.90547],[11.60325,55.9032],[11.60381,55.90236],[11.60413,55.90143],[11.60417,55.90045],[11.60263,55.8904],[11.60303,55.88872],[11.60465,55.88586],[11.60443,55.88584]]]},"properties":{"STRKAFS":609042,"NAVN":"Nørre Asmindrup - Højby Sjælland","HOVER_NAME":"Nørre Asmindrup - Højby Sjælland","TIB":"609","BANENR":null,"FRA_KM":41.54,"TIL_KM":44,"FORKORTELSE":"Nam-Hbs","BANENR_NAVN":null,"HVDSTRK_NAVN":"(Holbæk) -Nykøbing Sj","DELSTRK_NAVN":"(Holbæk) -Nykøbing Sj","BTRTYPETEKST":"Fri Bane","BANEKLASSETEKST":"Privatbane"}},{"type":"Feature","id":368075,"geometry":{"type":"Polygon","coordinates":[[[11.60363,55.89713],[11.60318,55.89712],[11.60332,55.89798],[11.60377,55.89796],[11.60373,55.89778],[11.60363,55.89713]]]},"properties":{"STRKAFS":609043,"NAVN":"Sommerland Sjælland","HOVER_NAME":"Sommerland Sjælland","TIB":"609","BANENR":null,"FRA_KM":42.81,"TIL_KM":42.910000000000004,"FORKORTELSE":"Slt","BANENR_NAVN":null,"HVDSTRK_NAVN":"(Holbæk) -Nykøbing Sj","DELSTRK_NAVN":"(Holbæk) -Nykøbing Sj","BTRTYPETEKST":"Trinbræt","BANEKLASSETEKST":"Privatbane"}},{"type":"Feature","id":368076,"geometry":{"type":"Polygon","coordinates":[[[11.60067,55.90758],[11.60023,55.90762],[11.60044,55.9081],[11.60159,55.90939],[11.60622,55.91257],[11.60736,55.9132],[11.60765,55.91301],[11.60195,55.90925],[11.60116,55.90847],[11.60068,55.90759],[11.60067,55.90758]]]},"properties":{"STRKAFS":609045,"NAVN":"Højby Sjælland","HOVER_NAME":"Højby Sjælland","TIB":"609","BANENR":null,"FRA_KM":44,"TIL_KM":44.78,"FORKORTELSE":"Hbs","BANENR_NAVN":null,"HVDSTRK_NAVN":"(Holbæk) -Nykøbing Sj","DELSTRK_NAVN":"(Holbæk) -Nykøbing Sj","BTRTYPETEKST":"Station","BANEKLASSETEKST":"Privatbane"}},{"type":"Feature","id":368077,"geometry":{"type":"Polygon","coordinates":[[[10.19046,56.00729],[10.19002,56.00735],[10.19106,56.01182],[10.19155,56.01253],[10.19365,56.01427],[10.19432,56.01549],[10.19417,56.01661],[10.19306,56.01903],[10.19289,56.02119],[10.19176,56.02291],[10.19152,56.02375],[10.1917,56.02472],[10.19301,56.02716],[10.19325,56.02791],[10.19308,56.02893],[10.19182,56.03094],[10.1915,56.03206],[10.19162,56.03296],[10.19245,56.03454],[10.19259,56.0353],[10.19304,56.03531],[10.19288,56.03449],[10.19206,56.03291],[10.19195,56.03194],[10.19225,56.03101],[10.19351,56.02899],[10.1937,56.0279],[10.19344,56.0271],[10.19214,56.02466],[10.19197,56.0237],[10.19219,56.02298],[10.19333,56.02124],[10.1935,56.01906],[10.19461,56.01667],[10.19477,56.01547],[10.19454,56.01483],[10.19405,56.01416],[10.19194,56.01241],[10.1915,56.01176],[10.19047,56.00731],[10.19046,56.00729]]]},"properties":{"STRKAFS":664016,"NAVN":"Assedrup - Malling","HOVER_NAME":"Assedrup - Malling","TIB":"37","BANENR":null,"FRA_KM":14.69,"TIL_KM":17.93,"FORKORTELSE":"Ass-Mal","BANENR_NAVN":null,"HVDSTRK_NAVN":"Odder - (Aarhus H)","DELSTRK_NAVN":"Odder - (Aarhus H)","BTRTYPETEKST":"Fri Bane","BANEKLASSETEKST":"Privatbane"}},{"type":"Feature","id":368078,"geometry":{"type":"Polygon","coordinates":[[[10.19282,56.03531],[10.19259,56.0353],[10.19242,56.03605],[10.19208,56.0366],[10.18773,56.04129],[10.18738,56.04213],[10.18742,56.04301],[10.18786,56.04297],[10.18787,56.042],[10.18835,56.04112],[10.1926,56.03656],[10.19304,56.03531],[10.19282,56.03531]]]},"properties":{"STRKAFS":664017,"NAVN":"Malling","HOVER_NAME":"Malling","TIB":"37","BANENR":null,"FRA_KM":17.93,"TIL_KM":18.85,"FORKORTELSE":"Mal","BANENR_NAVN":null,"HVDSTRK_NAVN":"Odder - (Aarhus H)","DELSTRK_NAVN":"Odder - (Aarhus H)","BTRTYPETEKST":"Station","BANEKLASSETEKST":"Privatbane"}},{"type":"Feature","id":368079,"geometry":{"type":"Polygon","coordinates":[[[10.18786,56.04297],[10.18742,56.04301],[10.18766,56.04361],[10.19331,56.05186],[10.19415,56.05275],[10.19696,56.05497],[10.19755,56.05564],[10.19791,56.05679],[10.1975,56.05793],[10.19622,56.05912],[10.19432,56.06003],[10.18891,56.06116],[10.18183,56.06299],[10.17004,56.06676],[10.17025,56.06698],[10.1823,56.06314],[10.18909,56.06139],[10.19426,56.06034],[10.19656,56.05928],[10.19791,56.05803],[10.19824,56.05743],[10.19836,56.05679],[10.19798,56.05555],[10.19734,56.05484],[10.19453,56.05262],[10.19373,56.05176],[10.18818,56.04368],[10.18786,56.04299],[10.18786,56.04297]]]},"properties":{"STRKAFS":664020,"NAVN":"Malling - Mårslet","HOVER_NAME":"Malling - Mårslet","TIB":"37","BANENR":null,"FRA_KM":18.85,"TIL_KM":22.69,"FORKORTELSE":"Mal-Mst","BANENR_NAVN":null,"HVDSTRK_NAVN":"Odder - (Aarhus H)","DELSTRK_NAVN":"Odder - (Aarhus H)","BTRTYPETEKST":"Fri Bane","BANEKLASSETEKST":"Privatbane"}},{"type":"Feature","id":368080,"geometry":{"type":"Polygon","coordinates":[[[10.17015,56.06687],[10.17004,56.06676],[10.1597,56.07008],[10.15994,56.07029],[10.17025,56.06698],[10.17015,56.06687]]]},"properties":{"STRKAFS":664023,"NAVN":"Mårslet","HOVER_NAME":"Mårslet","TIB":"37","BANENR":null,"FRA_KM":22.69,"TIL_KM":23.43,"FORKORTELSE":"Mst","BANENR_NAVN":null,"HVDSTRK_NAVN":"Odder - (Aarhus H)","DELSTRK_NAVN":"Odder - (Aarhus H)","BTRTYPETEKST":"Station","BANEKLASSETEKST":"Privatbane"}},{"type":"Feature","id":368081,"geometry":{"type":"Polygon","coordinates":[[[12.5909,55.70558],[12.59122,55.70462],[12.5921,55.69818],[12.59186,55.69818],[12.59099,55.70455],[12.58905,55.70911],[12.58814,55.71047],[12.58577,55.71253],[12.58597,55.71261],[12.58688,55.71191],[12.58873,55.71003],[12.59076,55.70591],[12.5909,55.70558]]]},"properties":{"STRKAFS":822004,"NAVN":"Østerport - Svanemøllen","HOVER_NAME":"Østerport - Svanemøllen","TIB":"820","BANENR":"80","FRA_KM":3.593,"TIL_KM":5.315,"FORKORTELSE":"Kk-Sam","BANENR_NAVN":"København H - Valby/Svanemøllen","HVDSTRK_NAVN":"København H - Hillerød","DELSTRK_NAVN":"København H - Svanemøllen","BTRTYPETEKST":"Fri Bane","BANEKLASSETEKST":"S-bane"}},{"type":"Feature","id":368082,"geometry":{"type":"Polygon","coordinates":[[[12.5623,55.67593],[12.56205,55.67593],[12.56209,55.67613],[12.56268,55.67742],[12.56302,55.67729],[12.56249,55.67593],[12.5623,55.67593]]]},"properties":{"STRKAFS":822023,"NAVN":"Vesterport","HOVER_NAME":"Vesterport","TIB":"820","BANENR":"80","FRA_KM":0.41000000000000003,"TIL_KM":0.5680000000000001,"FORKORTELSE":"Vpt","BANENR_NAVN":"København H - Valby/Svanemøllen","HVDSTRK_NAVN":"København H - Hillerød","DELSTRK_NAVN":"København H - Svanemøllen","BTRTYPETEKST":"Trinbræt","BANEKLASSETEKST":"S-bane"}},{"type":"Feature","id":368083,"geometry":{"type":"Polygon","coordinates":[[[12.57184,55.68335],[12.57106,55.68287],[12.5708,55.68299],[12.57292,55.68433],[12.57316,55.68421],[12.57246,55.68374],[12.57184,55.68335]]]},"properties":{"STRKAFS":822027,"NAVN":"Nørreport","HOVER_NAME":"Nørreport","TIB":"820","BANENR":"80","FRA_KM":1.379,"TIL_KM":1.5790000000000002,"FORKORTELSE":"Kn","BANENR_NAVN":"København H - Valby/Svanemøllen","HVDSTRK_NAVN":"København H - Hillerød","DELSTRK_NAVN":"København H - Svanemøllen","BTRTYPETEKST":"Trinbræt","BANEKLASSETEKST":"S-bane"}},{"type":"Feature","id":368084,"geometry":{"type":"Polygon","coordinates":[[[12.5909,55.70558],[12.59114,55.70495],[12.59088,55.70492],[12.5902,55.70643],[12.5905,55.70646],[12.59076,55.70591],[12.5909,55.70558]]]},"properties":{"STRKAFS":822045,"NAVN":"Nordhavn","HOVER_NAME":"Nordhavn","TIB":"820","BANENR":"80","FRA_KM":4.368,"TIL_KM":4.546,"FORKORTELSE":"Nht","BANENR_NAVN":"København H - Valby/Svanemøllen","HVDSTRK_NAVN":"København H - Hillerød","DELSTRK_NAVN":"København H - Svanemøllen","BTRTYPETEKST":"Trinbræt","BANEKLASSETEKST":"S-bane"}},{"type":"Feature","id":368085,"geometry":{"type":"Polygon","coordinates":[[[12.57502,55.71709],[12.58297,55.71409],[12.58597,55.71261],[12.58577,55.71253],[12.5831,55.7138],[12.5784,55.71555],[12.57453,55.71679],[12.56641,55.71712],[12.56456,55.71709],[12.56275,55.71678],[12.56262,55.71695],[12.56536,55.71728],[12.57386,55.71713],[12.57408,55.71734],[12.57337,55.71783],[12.57368,55.71795],[12.57459,55.71734],[12.57502,55.71709]]]},"properties":{"STRKAFS":823000,"NAVN":"Svanemøllen","HOVER_NAME":"Svanemøllen","TIB":"820,840,1007","BANENR":"80","FRA_KM":5.315,"TIL_KM":6.305000000000001,"FORKORTELSE":"Sam","BANENR_NAVN":"København H - Valby/Svanemøllen","HVDSTRK_NAVN":"København H - Hillerød","DELSTRK_NAVN":"Svanemøllen","BTRTYPETEKST":"Station","BANEKLASSETEKST":"S-bane"}},{"type":"Feature","id":368086,"geometry":{"type":"Polygon","coordinates":[[[12.56957,55.72419],[12.57228,55.71935],[12.57368,55.71795],[12.57337,55.71783],[12.572,55.71915],[12.5704,55.72217],[12.56847,55.72465],[12.56814,55.72548],[12.56842,55.72552],[12.56898,55.72424],[12.56943,55.72418],[12.56882,55.72557],[12.56894,55.72559],[12.56954,55.72424],[12.56957,55.72419]]]},"properties":{"STRKAFS":824006,"NAVN":"Svanemøllen - Hellerup","HOVER_NAME":"Svanemøllen - Hellerup","TIB":"820","BANENR":"82","FRA_KM":6.305000000000001,"TIL_KM":7.2,"FORKORTELSE":"Sam-Hl","BANENR_NAVN":"(Svanemøllen) - Hillerød","HVDSTRK_NAVN":"København H - Hillerød","DELSTRK_NAVN":"Svanemøllen - Hellerup","BTRTYPETEKST":"Fri Bane","BANEKLASSETEKST":"S-bane"}},{"type":"Feature","id":368087,"geometry":{"type":"Polygon","coordinates":[[[12.56512,55.73819],[12.5652,55.73797],[12.56535,55.73799],[12.56594,55.73606],[12.5664,55.73388],[12.56796,55.72832],[12.56894,55.72559],[12.56882,55.72557],[12.56945,55.72422],[12.56912,55.72417],[12.56899,55.72398],[12.56877,55.72313],[12.56815,55.72217],[12.56754,55.72233],[12.56807,55.72332],[12.56847,55.72465],[12.56872,55.72464],[12.56842,55.72552],[12.56814,55.72548],[12.56721,55.72853],[12.56677,55.72887],[12.56586,55.73206],[12.56618,55.73211],[12.56563,55.73402],[12.56484,55.73536],[12.56268,55.73755],[12.563,55.73765],[12.56413,55.73642],[12.5643,55.73649],[12.56454,55.73758],[12.56442,55.73866],[12.56393,55.7394],[12.56303,55.7397],[12.56301,55.74005],[12.56086,55.74099],[12.56116,55.74131],[12.56297,55.7405],[12.5643,55.73956],[12.56494,55.73864],[12.56512,55.73819]]]},"properties":{"STRKAFS":825000,"NAVN":"Hellerup","HOVER_NAME":"Hellerup","TIB":"820,860,880","BANENR":"82","FRA_KM":7.2,"TIL_KM":8.6,"FORKORTELSE":"Hl","BANENR_NAVN":"(Svanemøllen) - Hillerød","HVDSTRK_NAVN":"København H - Hillerød","DELSTRK_NAVN":"Hellerup","BTRTYPETEKST":"Station","BANEKLASSETEKST":"S-bane"}},{"type":"Feature","id":368088,"geometry":{"type":"Polygon","coordinates":[[[12.55857,55.74258],[12.56361,55.74026],[12.56455,55.73947],[12.56527,55.73798],[12.56467,55.73912],[12.56347,55.74019],[12.56116,55.74131],[12.5584,55.74246],[12.55827,55.7424],[12.56287,55.73761],[12.56268,55.73755],[12.55824,55.74205],[12.55168,55.74834],[12.55211,55.74849],[12.55283,55.74789],[12.5568,55.74387],[12.55818,55.7428],[12.55857,55.74258]]]},"properties":{"STRKAFS":826010,"NAVN":"Hellerup - Gentofte","HOVER_NAME":"Hellerup - Gentofte","TIB":"820","BANENR":"82","FRA_KM":8.6,"TIL_KM":10.064,"FORKORTELSE":"Hl-Gj","BANENR_NAVN":"(Svanemøllen) - Hillerød","HVDSTRK_NAVN":"København H - Hillerød","DELSTRK_NAVN":"Hellerup - Hillerød","BTRTYPETEKST":"Fri Bane","BANEKLASSETEKST":"S-bane"}},{"type":"Feature","id":368089,"geometry":{"type":"Polygon","coordinates":[[[12.5029,55.65844],[12.51312,55.6545],[12.51613,55.65311],[12.51566,55.65278],[12.5114,55.65495],[12.50071,55.65905],[12.50085,55.65918],[12.50178,55.65886],[12.5029,55.65844]]]},"properties":{"STRKAFS":881000,"NAVN":"Vigerslev","HOVER_NAME":"Vigerslev","TIB":"880","BANENR":"87","FRA_KM":2.178,"TIL_KM":3.323,"FORKORTELSE":"Ig","BANENR_NAVN":"Vigerslev - (Hellerup)","HVDSTRK_NAVN":"Vigerslev - Hellerup","DELSTRK_NAVN":"Vigerslev","BTRTYPETEKST":"Teknisk Station","BANEKLASSETEKST":"S-bane"}},{"type":"Feature","id":368090,"geometry":{"type":"Polygon","coordinates":[[[12.51584,55.65293],[12.51564,55.65279],[12.51423,55.65348],[12.51445,55.6536],[12.51584,55.65293]]]},"properties":{"STRKAFS":881003,"NAVN":"København Syd","HOVER_NAME":"København Syd","TIB":"880","BANENR":"87","FRA_KM":2.178,"TIL_KM":2.291,"FORKORTELSE":"Nel","BANENR_NAVN":"Vigerslev - (Hellerup)","HVDSTRK_NAVN":"Vigerslev - Hellerup","DELSTRK_NAVN":"Vigerslev","BTRTYPETEKST":"Trinbræt","BANEKLASSETEKST":"S-bane"}},{"type":"Feature","id":368091,"geometry":{"type":"Polygon","coordinates":[[[12.50075,55.65909],[12.49742,55.66033],[12.49469,55.66156],[12.49389,55.66244],[12.49354,55.66335],[12.49366,55.6653],[12.49357,55.66772],[12.49209,55.67825],[12.49257,55.68002],[12.4939,55.68227],[12.49421,55.68219],[12.49297,55.68009],[12.49251,55.67841],[12.49412,55.66712],[12.49412,55.66529],[12.49387,55.66399],[12.49399,55.66297],[12.49444,55.66221],[12.49528,55.66154],[12.50079,55.65913],[12.50075,55.65909]]]},"properties":{"STRKAFS":882002,"NAVN":"Vigerslev - Flintholm","HOVER_NAME":"Vigerslev - Flintholm","TIB":"880","BANENR":"87","FRA_KM":3.323,"TIL_KM":6.122,"FORKORTELSE":"Ig-Fl","BANENR_NAVN":"Vigerslev - (Hellerup)","HVDSTRK_NAVN":"Vigerslev - Hellerup","DELSTRK_NAVN":"Vigerslev - Lersøen","BTRTYPETEKST":"Fri Bane","BANEKLASSETEKST":"S-bane"}},{"type":"Feature","id":368092,"geometry":{"type":"Polygon","coordinates":[[[12.499,55.6599],[12.5002,55.65943],[12.49989,55.65937],[12.4987,55.65982],[12.49893,55.65984],[12.499,55.6599]]]},"properties":{"STRKAFS":882003,"NAVN":"Vigerslev Allé","HOVER_NAME":"Vigerslev Allé","TIB":"880","BANENR":"87","FRA_KM":3.373,"TIL_KM":3.475,"FORKORTELSE":"Vgt","BANENR_NAVN":"Vigerslev - (Hellerup)","HVDSTRK_NAVN":"Vigerslev - Hellerup","DELSTRK_NAVN":"Vigerslev - Lersøen","BTRTYPETEKST":"Trinbræt","BANEKLASSETEKST":"S-bane"}},{"type":"Feature","id":368093,"geometry":{"type":"Polygon","coordinates":[[[12.49371,55.66431],[12.49356,55.66431],[12.49365,55.66504],[12.49408,55.66502],[12.4939,55.6643],[12.49378,55.6643],[12.49371,55.66431]]]},"properties":{"STRKAFS":882004,"NAVN":"Danshøj","HOVER_NAME":"Danshøj","TIB":"880","BANENR":"87","FRA_KM":4.103,"TIL_KM":4.184,"FORKORTELSE":"Dah","BANENR_NAVN":"Vigerslev - (Hellerup)","HVDSTRK_NAVN":"Vigerslev - Hellerup","DELSTRK_NAVN":"Vigerslev - Lersøen","BTRTYPETEKST":"Trinbræt","BANEKLASSETEKST":"S-bane"}},{"type":"Feature","id":368094,"geometry":{"type":"Polygon","coordinates":[[[12.49322,55.67153],[12.49302,55.67152],[12.49289,55.67234],[12.49341,55.67233],[12.49349,55.67154],[12.49329,55.67153],[12.49322,55.67153]]]},"properties":{"STRKAFS":882005,"NAVN":"Ålholm","HOVER_NAME":"Ålholm","TIB":"880","BANENR":"87","FRA_KM":4.9110000000000005,"TIL_KM":5.001,"FORKORTELSE":"Ålm","BANENR_NAVN":"Vigerslev - (Hellerup)","HVDSTRK_NAVN":"Vigerslev - Hellerup","DELSTRK_NAVN":"Vigerslev - Lersøen","BTRTYPETEKST":"Trinbræt","BANEKLASSETEKST":"S-bane"}},{"type":"Feature","id":368095,"geometry":{"type":"Polygon","coordinates":[[[12.49233,55.67729],[12.49214,55.67729],[12.4921,55.67807],[12.49263,55.67817],[12.49268,55.6773],[12.49242,55.6773],[12.49233,55.67729]]]},"properties":{"STRKAFS":882006,"NAVN":"KB Hallen","HOVER_NAME":"KB Hallen","TIB":"880","BANENR":"87","FRA_KM":5.557,"TIL_KM":5.649,"FORKORTELSE":"Kbn","BANENR_NAVN":"Vigerslev - (Hellerup)","HVDSTRK_NAVN":"Vigerslev - Hellerup","DELSTRK_NAVN":"Vigerslev - Lersøen","BTRTYPETEKST":"Trinbræt","BANEKLASSETEKST":"S-bane"}},{"type":"Feature","id":368096,"geometry":{"type":"Polygon","coordinates":[[[12.49432,55.68235],[12.49421,55.68219],[12.4939,55.68227],[12.49434,55.68287],[12.49518,55.68361],[12.50127,55.68701],[12.50347,55.68794],[12.50505,55.6883],[12.50522,55.68806],[12.50322,55.68753],[12.49879,55.68542],[12.4957,55.68365],[12.49467,55.68275],[12.49432,55.68235]]]},"properties":{"STRKAFS":882007,"NAVN":"Flintholm","HOVER_NAME":"Flintholm","TIB":"880","BANENR":"87","FRA_KM":6.122,"TIL_KM":7.083,"FORKORTELSE":"Fl","BANENR_NAVN":"Vigerslev - (Hellerup)","HVDSTRK_NAVN":"Vigerslev - Hellerup","DELSTRK_NAVN":"Vigerslev - Lersøen","BTRTYPETEKST":"Station","BANEKLASSETEKST":"S-bane"}},{"type":"Feature","id":368097,"geometry":{"type":"Polygon","coordinates":[[[12.50822,55.68867],[12.50522,55.68806],[12.50505,55.6883],[12.50976,55.68916],[12.51387,55.69017],[12.5177,55.69175],[12.52329,55.69462],[12.5253,55.69525],[12.53246,55.69614],[12.53469,55.69671],[12.53612,55.69762],[12.53653,55.69808],[12.53716,55.69931],[12.53853,55.70305],[12.53923,55.7042],[12.53956,55.70412],[12.53809,55.70121],[12.53787,55.70007],[12.53692,55.69822],[12.53618,55.69742],[12.53468,55.69639],[12.53265,55.69576],[12.5263,55.69508],[12.52445,55.69464],[12.52197,55.69361],[12.51606,55.69069],[12.51619,55.69058],[12.51552,55.69025],[12.5098,55.68894],[12.50822,55.68867]]]},"properties":{"STRKAFS":882008,"NAVN":"Flintholm - Lersøen","HOVER_NAME":"Flintholm - Lersøen","TIB":"880","BANENR":"87","FRA_KM":7.083,"TIL_KM":10.14,"FORKORTELSE":"Fl-Ler","BANENR_NAVN":"Vigerslev - (Hellerup)","HVDSTRK_NAVN":"Vigerslev - Hellerup","DELSTRK_NAVN":"Vigerslev - Lersøen","BTRTYPETEKST":"Fri Bane","BANEKLASSETEKST":"S-bane"}},{"type":"Feature","id":368098,"geometry":{"type":"Polygon","coordinates":[[[12.51499,55.69014],[12.51418,55.69001],[12.51397,55.6902],[12.51561,55.69082],[12.51605,55.69051],[12.51552,55.69025],[12.51499,55.69014]]]},"properties":{"STRKAFS":882009,"NAVN":"Grøndal","HOVER_NAME":"Grøndal","TIB":"880","BANENR":"87","FRA_KM":7.69,"TIL_KM":7.817,"FORKORTELSE":"Ght","BANENR_NAVN":"Vigerslev - (Hellerup)","HVDSTRK_NAVN":"Vigerslev - Hellerup","DELSTRK_NAVN":"Vigerslev - Lersøen","BTRTYPETEKST":"Trinbræt","BANEKLASSETEKST":"S-bane"}},{"type":"Feature","id":368099,"geometry":{"type":"Polygon","coordinates":[[[12.52513,55.69484],[12.52488,55.69513],[12.52624,55.69545],[12.52706,55.69557],[12.52721,55.69519],[12.52523,55.69487],[12.52513,55.69484]]]},"properties":{"STRKAFS":882010,"NAVN":"Fuglebakken","HOVER_NAME":"Fuglebakken","TIB":"880","BANENR":"87","FRA_KM":8.576,"TIL_KM":8.718,"FORKORTELSE":"Fut","BANENR_NAVN":"Vigerslev - (Hellerup)","HVDSTRK_NAVN":"Vigerslev - Hellerup","DELSTRK_NAVN":"Vigerslev - Lersøen","BTRTYPETEKST":"Trinbræt","BANEKLASSETEKST":"S-bane"}},{"type":"Feature","id":368100,"geometry":{"type":"Polygon","coordinates":[[[11.65377,55.92244],[11.66335,55.9202],[11.66643,55.92004],[11.66914,55.92035],[11.66933,55.92012],[11.66646,55.91979],[11.66372,55.91989],[11.66177,55.92024],[11.6543,55.92208],[11.65209,55.92241],[11.64995,55.92251],[11.64683,55.92233],[11.64033,55.92123],[11.62798,55.92032],[11.62433,55.91972],[11.61982,55.91841],[11.61621,55.917],[11.60765,55.91301],[11.60736,55.9132],[11.61771,55.91793],[11.62117,55.91914],[11.62492,55.92012],[11.62827,55.9206],[11.64083,55.92154],[11.6478,55.92268],[11.65062,55.92275],[11.65376,55.92244],[11.65377,55.92244]]]},"properties":{"STRKAFS":609046,"NAVN":"Højby Sjælland - Nykøbing Sjælland","HOVER_NAME":"Højby Sjælland - Nykøbing Sjælland","TIB":"609","BANENR":null,"FRA_KM":44.78,"TIL_KM":49.04,"FORKORTELSE":"Hbs-Nks","BANENR_NAVN":null,"HVDSTRK_NAVN":"(Holbæk) -Nykøbing Sj","DELSTRK_NAVN":"(Holbæk) -Nykøbing Sj","BTRTYPETEKST":"Fri Bane","BANEKLASSETEKST":"Privatbane"}},{"type":"Feature","id":368101,"geometry":{"type":"Polygon","coordinates":[[[11.65696,55.92158],[11.65688,55.92146],[11.65514,55.9219],[11.65532,55.92213],[11.65705,55.9217],[11.65696,55.92158]]]},"properties":{"STRKAFS":609047,"NAVN":"Nyled","HOVER_NAME":"Nyled","TIB":"609","BANENR":null,"FRA_KM":48.050000000000004,"TIL_KM":48.160000000000004,"FORKORTELSE":"Ndt","BANENR_NAVN":null,"HVDSTRK_NAVN":"(Holbæk) -Nykøbing Sj","DELSTRK_NAVN":"(Holbæk) -Nykøbing Sj","BTRTYPETEKST":"Trinbræt","BANEKLASSETEKST":"Privatbane"}},{"type":"Feature","id":368102,"geometry":{"type":"Polygon","coordinates":[[[11.66949,55.92016],[11.66933,55.92012],[11.66914,55.92035],[11.67192,55.92117],[11.67738,55.9239],[11.67775,55.92384],[11.67285,55.92125],[11.66974,55.92021],[11.66949,55.92016]]]},"properties":{"STRKAFS":609049,"NAVN":"Nykøbing Sjælland","HOVER_NAME":"Nykøbing Sjælland","TIB":"609","BANENR":null,"FRA_KM":49.04,"TIL_KM":49.71,"FORKORTELSE":"Nks","BANENR_NAVN":null,"HVDSTRK_NAVN":"(Holbæk) -Nykøbing Sj","DELSTRK_NAVN":"(Holbæk) -Nykøbing Sj","BTRTYPETEKST":"Station","BANEKLASSETEKST":"Privatbane"}},{"type":"Feature","id":368103,"geometry":{"type":"Polygon","coordinates":[[[11.33411,55.40771],[11.33268,55.40799],[11.33068,55.40865],[11.32651,55.41037],[11.32506,55.41132],[11.32389,55.41266],[11.31688,55.4268],[11.30955,55.44522],[11.3098,55.44526],[11.31006,55.44471],[11.31714,55.42687],[11.32391,55.41319],[11.32588,55.41112],[11.32751,55.4101],[11.33008,55.40907],[11.33414,55.40774],[11.33411,55.40771]]]},"properties":{"STRKAFS":615002,"NAVN":"Slagelse - Havrebjerg","HOVER_NAME":"Slagelse - Havrebjerg","TIB":"615","BANENR":null,"FRA_KM":0.9450000000000001,"TIL_KM":5.523000000000001,"FORKORTELSE":"Sg-Heb","BANENR_NAVN":null,"HVDSTRK_NAVN":"(Slagelse) - Gørlev","DELSTRK_NAVN":"(Slagelse) - Gørlev","BTRTYPETEKST":"Fri Bane","BANEKLASSETEKST":"Privatbane"}},{"type":"Feature","id":368104,"geometry":{"type":"Polygon","coordinates":[[[10.15982,56.07018],[10.1597,56.07008],[10.15564,56.07147],[10.15442,56.07232],[10.15371,56.07336],[10.15215,56.07999],[10.15392,56.08911],[10.15386,56.08983],[10.15348,56.09057],[10.15248,56.09145],[10.15084,56.09217],[10.14046,56.09436],[10.14063,56.0946],[10.15105,56.0924],[10.15281,56.09162],[10.15389,56.09067],[10.1543,56.08988],[10.15437,56.0891],[10.1526,56.08],[10.1541,56.07358],[10.15463,56.07263],[10.15567,56.07181],[10.1568,56.0713],[10.15994,56.07029],[10.15982,56.07018]]]},"properties":{"STRKAFS":664024,"NAVN":"Mårslet - Tranbjerg","HOVER_NAME":"Mårslet - Tranbjerg","TIB":"37","BANENR":null,"FRA_KM":23.43,"TIL_KM":26.84,"FORKORTELSE":"Mst-Trg","BANENR_NAVN":null,"HVDSTRK_NAVN":"Odder - (Aarhus H)","DELSTRK_NAVN":"Odder - (Aarhus H)","BTRTYPETEKST":"Fri Bane","BANEKLASSETEKST":"Privatbane"}},{"type":"Feature","id":368105,"geometry":{"type":"Polygon","coordinates":[[[10.14053,56.09448],[10.14046,56.09436],[10.13834,56.09489],[10.13628,56.09592],[10.13515,56.09698],[10.13292,56.10013],[10.13333,56.10023],[10.13517,56.09764],[10.13664,56.09607],[10.13847,56.09514],[10.14063,56.0946],[10.14053,56.09448]]]},"properties":{"STRKAFS":664027,"NAVN":"Tranbjerg","HOVER_NAME":"Tranbjerg","TIB":"37","BANENR":null,"FRA_KM":26.84,"TIL_KM":27.67,"FORKORTELSE":"Trg","BANENR_NAVN":null,"HVDSTRK_NAVN":"Odder - (Aarhus H)","DELSTRK_NAVN":"Odder - (Aarhus H)","BTRTYPETEKST":"Station","BANEKLASSETEKST":"Privatbane"}},{"type":"Feature","id":368106,"geometry":{"type":"Polygon","coordinates":[[[10.13312,56.10018],[10.13292,56.10013],[10.13032,56.10366],[10.12801,56.10546],[10.12498,56.10857],[10.12466,56.10943],[10.1247,56.11017],[10.12504,56.11093],[10.12576,56.11171],[10.12741,56.11261],[10.13262,56.11443],[10.13988,56.11599],[10.14915,56.11748],[10.15187,56.11831],[10.15494,56.11962],[10.15509,56.11952],[10.15231,56.11826],[10.14919,56.11732],[10.14132,56.11611],[10.13281,56.11421],[10.12767,56.11241],[10.12614,56.11157],[10.12547,56.11084],[10.12515,56.11014],[10.12511,56.10946],[10.12541,56.10866],[10.1284,56.1056],[10.13071,56.10378],[10.13333,56.10023],[10.13312,56.10018]]]},"properties":{"STRKAFS":664028,"NAVN":"Tranbjerg - Viby Jylland","HOVER_NAME":"Tranbjerg - Viby Jylland","TIB":"37","BANENR":null,"FRA_KM":27.67,"TIL_KM":31.12,"FORKORTELSE":"Trg-Vij","BANENR_NAVN":null,"HVDSTRK_NAVN":"Odder - (Aarhus H)","DELSTRK_NAVN":"Odder - (Aarhus H)","BTRTYPETEKST":"Fri Bane","BANEKLASSETEKST":"Privatbane"}},{"type":"Feature","id":368107,"geometry":{"type":"Polygon","coordinates":[[[10.15569,56.11981],[10.15509,56.11952],[10.15494,56.11962],[10.16466,56.12425],[10.16289,56.1234],[10.16085,56.12211],[10.15618,56.12001],[10.15569,56.11981]]]},"properties":{"STRKAFS":664031,"NAVN":"Viby Jylland","HOVER_NAME":"Viby Jylland","TIB":"37","BANENR":null,"FRA_KM":31.12,"TIL_KM":31.900000000000002,"FORKORTELSE":"Vij","BANENR_NAVN":null,"HVDSTRK_NAVN":"Odder - (Aarhus H)","DELSTRK_NAVN":"Odder - (Aarhus H)","BTRTYPETEKST":"Station","BANEKLASSETEKST":"Privatbane"}},{"type":"Feature","id":368108,"geometry":{"type":"Polygon","coordinates":[[[12.54308,55.75338],[12.5466,55.75181],[12.55,55.75005],[12.55211,55.74849],[12.55168,55.74834],[12.54898,55.75024],[12.5467,55.75129],[12.54253,55.753],[12.54224,55.75289],[12.54034,55.75371],[12.53994,55.75413],[12.53478,55.75613],[12.52967,55.75833],[12.52988,55.75849],[12.53344,55.75723],[12.53776,55.75556],[12.53757,55.7554],[12.53892,55.75486],[12.5413,55.75415],[12.54308,55.75338]]]},"properties":{"STRKAFS":826011,"NAVN":"Gentofte","HOVER_NAME":"Gentofte","TIB":"820","BANENR":"82","FRA_KM":10.064,"TIL_KM":11.851,"FORKORTELSE":"Gj","BANENR_NAVN":"(Svanemøllen) - Hillerød","HVDSTRK_NAVN":"København H - Hillerød","DELSTRK_NAVN":"Hellerup - Hillerød","BTRTYPETEKST":"Station","BANEKLASSETEKST":"S-bane"}},{"type":"Feature","id":368109,"geometry":{"type":"Polygon","coordinates":[[[12.51931,55.76262],[12.52426,55.76071],[12.52445,55.76086],[12.52988,55.75849],[12.52967,55.75833],[12.51954,55.76213],[12.51777,55.76265],[12.51758,55.76247],[12.51694,55.76269],[12.51714,55.76287],[12.51159,55.76482],[12.5119,55.76509],[12.51832,55.7629],[12.51931,55.76262]]]},"properties":{"STRKAFS":826012,"NAVN":"Gentofte - Lyngby","HOVER_NAME":"Gentofte - Lyngby","TIB":"602,820","BANENR":"82","FRA_KM":11.851,"TIL_KM":13.199,"FORKORTELSE":"Gj-Ly","BANENR_NAVN":"(Svanemøllen) - Hillerød","HVDSTRK_NAVN":"København H - Hillerød","DELSTRK_NAVN":"Hellerup - Hillerød","BTRTYPETEKST":"Fri Bane","BANEKLASSETEKST":"S-bane"}},{"type":"Feature","id":368110,"geometry":{"type":"Polygon","coordinates":[[[12.51176,55.76498],[12.51159,55.76482],[12.50775,55.76611],[12.50002,55.76899],[12.4981,55.76981],[12.49538,55.77177],[12.49581,55.7719],[12.49764,55.77059],[12.49961,55.76966],[12.5119,55.76509],[12.51179,55.76501],[12.51176,55.76498]]]},"properties":{"STRKAFS":826013,"NAVN":"Lyngby","HOVER_NAME":"Lyngby","TIB":"820","BANENR":"82","FRA_KM":13.199,"TIL_KM":14.476,"FORKORTELSE":"Ly","BANENR_NAVN":"(Svanemøllen) - Hillerød","HVDSTRK_NAVN":"København H - Hillerød","DELSTRK_NAVN":"Hellerup - Hillerød","BTRTYPETEKST":"Station","BANEKLASSETEKST":"S-bane"}},{"type":"Feature","id":368111,"geometry":{"type":"Polygon","coordinates":[[[12.49551,55.77181],[12.49538,55.77177],[12.49426,55.77291],[12.49104,55.77678],[12.4889,55.77858],[12.48204,55.78163],[12.48035,55.7827],[12.47847,55.78445],[12.477,55.78692],[12.47438,55.79284],[12.47275,55.79593],[12.47209,55.79762],[12.47013,55.80057],[12.47064,55.80069],[12.47326,55.79667],[12.47467,55.79333],[12.47481,55.79306],[12.47502,55.79303],[12.47648,55.78981],[12.47634,55.78947],[12.47759,55.78701],[12.47929,55.78432],[12.48019,55.78346],[12.4815,55.78256],[12.48492,55.78076],[12.48855,55.77915],[12.49048,55.7779],[12.49143,55.77706],[12.49581,55.7719],[12.49557,55.77183],[12.49551,55.77181]]]},"properties":{"STRKAFS":826016,"NAVN":"Lyngby - Holte","HOVER_NAME":"Lyngby - Holte","TIB":"820","BANENR":"82","FRA_KM":14.476,"TIL_KM":18.142,"FORKORTELSE":"Ly-Hot","BANENR_NAVN":"(Svanemøllen) - Hillerød","HVDSTRK_NAVN":"København H - Hillerød","DELSTRK_NAVN":"Hellerup - Hillerød","BTRTYPETEKST":"Fri Bane","BANEKLASSETEKST":"S-bane"}},{"type":"Feature","id":368112,"geometry":{"type":"Polygon","coordinates":[[[12.47034,55.80062],[12.47013,55.80057],[12.46839,55.80269],[12.4672,55.80489],[12.4678,55.80734],[12.46902,55.80993],[12.46905,55.81078],[12.46872,55.8117],[12.46792,55.8127],[12.46627,55.81369],[12.46475,55.81422],[12.46492,55.81441],[12.46701,55.81363],[12.46834,55.81275],[12.46919,55.81181],[12.46948,55.81117],[12.46951,55.80936],[12.46878,55.80715],[12.46845,55.80677],[12.4682,55.80569],[12.46846,55.80499],[12.46856,55.80404],[12.46949,55.80217],[12.47064,55.80069],[12.4704,55.80064],[12.47034,55.80062]]]},"properties":{"STRKAFS":826019,"NAVN":"Holte","HOVER_NAME":"Holte","TIB":"820","BANENR":"82","FRA_KM":18.142,"TIL_KM":19.817,"FORKORTELSE":"Hot","BANENR_NAVN":"(Svanemøllen) - Hillerød","HVDSTRK_NAVN":"København H - Hillerød","DELSTRK_NAVN":"Hellerup - Hillerød","BTRTYPETEKST":"Station","BANEKLASSETEKST":"S-bane"}},{"type":"Feature","id":368113,"geometry":{"type":"Polygon","coordinates":[[[12.44684,55.82929],[12.44865,55.82849],[12.45039,55.82743],[12.45319,55.82503],[12.45739,55.82008],[12.45807,55.81896],[12.46037,55.81628],[12.46188,55.81537],[12.46492,55.81441],[12.46475,55.81422],[12.46226,55.81492],[12.46105,55.81549],[12.45977,55.81638],[12.45464,55.82255],[12.45391,55.82362],[12.4522,55.82535],[12.45047,55.82665],[12.44642,55.82917],[12.44602,55.82895],[12.44329,55.83091],[12.43359,55.83695],[12.43394,55.83715],[12.44128,55.83243],[12.44639,55.82946],[12.44684,55.82929]]]},"properties":{"STRKAFS":826020,"NAVN":"Holte - Birkerød","HOVER_NAME":"Holte - Birkerød","TIB":"820","BANENR":"82","FRA_KM":19.817,"TIL_KM":23.076,"FORKORTELSE":"Hot-Bi","BANENR_NAVN":"(Svanemøllen) - Hillerød","HVDSTRK_NAVN":"København H - Hillerød","DELSTRK_NAVN":"Hellerup - Hillerød","BTRTYPETEKST":"Fri Bane","BANEKLASSETEKST":"S-bane"}},{"type":"Feature","id":368114,"geometry":{"type":"Polygon","coordinates":[[[12.42385,55.84067],[12.4243,55.84058],[12.42445,55.84033],[12.43066,55.83872],[12.43236,55.83804],[12.43394,55.83715],[12.43359,55.83695],[12.43158,55.83803],[12.42931,55.83892],[12.42684,55.83949],[12.42667,55.83934],[12.42145,55.84074],[12.42105,55.84072],[12.41714,55.84203],[12.41015,55.84381],[12.4103,55.84402],[12.42284,55.84093],[12.42385,55.84067]]]},"properties":{"STRKAFS":826023,"NAVN":"Birkerød","HOVER_NAME":"Birkerød","TIB":"820","BANENR":"82","FRA_KM":23.076,"TIL_KM":24.748,"FORKORTELSE":"Bi","BANENR_NAVN":"(Svanemøllen) - Hillerød","HVDSTRK_NAVN":"København H - Hillerød","DELSTRK_NAVN":"Hellerup - Hillerød","BTRTYPETEKST":"Station","BANEKLASSETEKST":"S-bane"}},{"type":"Feature","id":368115,"geometry":{"type":"Polygon","coordinates":[[[12.53761,55.69957],[12.53753,55.69937],[12.53721,55.69943],[12.53763,55.70078],[12.53808,55.70075],[12.53787,55.70007],[12.53761,55.69957]]]},"properties":{"STRKAFS":882011,"NAVN":"Nørrebro","HOVER_NAME":"Nørrebro","TIB":"880","BANENR":"87","FRA_KM":9.589,"TIL_KM":9.745000000000001,"FORKORTELSE":"Nø","BANENR_NAVN":"Vigerslev - (Hellerup)","HVDSTRK_NAVN":"Vigerslev - Hellerup","DELSTRK_NAVN":"Vigerslev - Lersøen","BTRTYPETEKST":"Trinbræt","BANEKLASSETEKST":"S-bane"}},{"type":"Feature","id":368116,"geometry":{"type":"Polygon","coordinates":[[[12.54113,55.70583],[12.54095,55.70567],[12.54068,55.70576],[12.54162,55.70659],[12.54186,55.70645],[12.54127,55.70598],[12.54113,55.70583]]]},"properties":{"STRKAFS":882013,"NAVN":"Bispebjerg","HOVER_NAME":"Bispebjerg","TIB":"880","BANENR":"87","FRA_KM":10.334,"TIL_KM":10.439,"FORKORTELSE":"Bit","BANENR_NAVN":"Vigerslev - (Hellerup)","HVDSTRK_NAVN":"Vigerslev - Hellerup","DELSTRK_NAVN":"Vigerslev - Lersøen","BTRTYPETEKST":"Trinbræt","BANEKLASSETEKST":"S-bane"}},{"type":"Feature","id":368117,"geometry":{"type":"Polygon","coordinates":[[[12.55705,55.71366],[12.55735,55.71359],[12.55819,55.7141],[12.55844,55.71415],[12.55851,55.71399],[12.5582,55.71381],[12.55826,55.71362],[12.5559,55.71228],[12.55619,55.712],[12.55216,55.71035],[12.54957,55.70898],[12.54749,55.70757],[12.54724,55.70768],[12.5484,55.70853],[12.54509,55.70747],[12.5434,55.70649],[12.54269,55.70625],[12.54243,55.70642],[12.54165,55.70576],[12.54146,55.70523],[12.54147,55.70416],[12.54057,55.70371],[12.53932,55.70127],[12.53908,55.70134],[12.5394,55.70211],[12.53899,55.70224],[12.539,55.70247],[12.53871,55.70251],[12.53956,55.70412],[12.53923,55.7042],[12.54083,55.7059],[12.5407,55.7061],[12.54128,55.70664],[12.54395,55.70855],[12.54466,55.70832],[12.55253,55.71118],[12.55341,55.71161],[12.55913,55.71558],[12.55959,55.71538],[12.55705,55.71366],[12.55705,55.71366]]]},"properties":{"STRKAFS":883000,"NAVN":"Lersøen","HOVER_NAME":"Lersøen","TIB":"880,1007","BANENR":"87","FRA_KM":10.14,"TIL_KM":11.945,"FORKORTELSE":"Ler","BANENR_NAVN":"Vigerslev - (Hellerup)","HVDSTRK_NAVN":"Vigerslev - Hellerup","DELSTRK_NAVN":"Lersøen","BTRTYPETEKST":"Teknisk Station","BANEKLASSETEKST":"S-bane"}},{"type":"Feature","id":368118,"geometry":{"type":"Polygon","coordinates":[[[12.56038,55.71595],[12.55959,55.71538],[12.55913,55.71558],[12.56442,55.71924],[12.56754,55.72233],[12.56815,55.72217],[12.56632,55.72026],[12.5649,55.71906],[12.56125,55.71654],[12.56038,55.71595]]]},"properties":{"STRKAFS":884012,"NAVN":"Lersøen - Hellerup","HOVER_NAME":"Lersøen - Hellerup","TIB":"880","BANENR":"87","FRA_KM":11.945,"TIL_KM":12.870000000000001,"FORKORTELSE":"Ler-Hl","BANENR_NAVN":"Vigerslev - (Hellerup)","HVDSTRK_NAVN":"Vigerslev - Hellerup","DELSTRK_NAVN":"Lersøen - Hellerup","BTRTYPETEKST":"Fri Bane","BANEKLASSETEKST":"S-bane"}},{"type":"Feature","id":368119,"geometry":{"type":"Polygon","coordinates":[[[12.55967,55.71544],[12.5592,55.71563],[12.56065,55.71664],[12.5611,55.71644],[12.56038,55.71595],[12.55967,55.71544]]]},"properties":{"STRKAFS":884013,"NAVN":"Ryparken","HOVER_NAME":"Ryparken","TIB":"880","BANENR":"87","FRA_KM":11.953000000000001,"TIL_KM":12.096,"FORKORTELSE":"Ryt","BANENR_NAVN":"Vigerslev - (Hellerup)","HVDSTRK_NAVN":"Vigerslev - Hellerup","DELSTRK_NAVN":"Lersøen - Hellerup","BTRTYPETEKST":"Trinbræt","BANEKLASSETEKST":"S-bane"}},{"type":"Feature","id":368120,"geometry":{"type":"Polygon","coordinates":[[[11.30967,55.44524],[11.30955,55.44522],[11.30859,55.44777],[11.3073,55.45195],[11.30639,55.45565],[11.30666,55.45567],[11.30835,55.44995],[11.30866,55.44838],[11.3098,55.44526],[11.30967,55.44524]]]},"properties":{"STRKAFS":615007,"NAVN":"Havrebjerg","HOVER_NAME":"Havrebjerg","TIB":"615","BANENR":null,"FRA_KM":5.523000000000001,"TIL_KM":6.708,"FORKORTELSE":"Heb","BANENR_NAVN":null,"HVDSTRK_NAVN":"(Slagelse) - Gørlev","DELSTRK_NAVN":"(Slagelse) - Gørlev","BTRTYPETEKST":"Station","BANEKLASSETEKST":"Privatbane"}},{"type":"Feature","id":368121,"geometry":{"type":"Polygon","coordinates":[[[11.28568,55.50282],[11.28578,55.50146],[11.28507,55.48519],[11.28518,55.48403],[11.28555,55.48304],[11.28639,55.48162],[11.28723,55.4807],[11.29308,55.47631],[11.30153,55.46892],[11.30265,55.46772],[11.30358,55.46637],[11.30424,55.46464],[11.30666,55.45567],[11.30639,55.45565],[11.30392,55.46485],[11.30319,55.46651],[11.30261,55.4674],[11.30101,55.4691],[11.29306,55.47608],[11.29122,55.47761],[11.28722,55.4805],[11.28596,55.48183],[11.28505,55.48356],[11.28481,55.48554],[11.28491,55.48962],[11.28549,55.50237],[11.28554,55.50312],[11.2857,55.50311],[11.28568,55.50282]]]},"properties":{"STRKAFS":615008,"NAVN":"Havrebjerg - Høng","HOVER_NAME":"Havrebjerg - Høng","TIB":"615","BANENR":null,"FRA_KM":6.708,"TIL_KM":12.347000000000001,"FORKORTELSE":"Heb-Øn","BANENR_NAVN":null,"HVDSTRK_NAVN":"(Slagelse) - Gørlev","DELSTRK_NAVN":"(Slagelse) - Gørlev","BTRTYPETEKST":"Fri Bane","BANEKLASSETEKST":"Privatbane"}},{"type":"Feature","id":368122,"geometry":{"type":"Polygon","coordinates":[[[11.28547,55.51176],[11.28565,55.51103],[11.28627,55.51061],[11.28612,55.50979],[11.28612,55.50674],[11.28593,55.50629],[11.28579,55.50237],[11.28568,55.50237],[11.2857,55.50311],[11.28554,55.50312],[11.28584,55.50899],[11.28535,55.51096],[11.28551,55.51097],[11.28517,55.51175],[11.28534,55.51176],[11.28547,55.51176]]]},"properties":{"STRKAFS":615013,"NAVN":"Høng","HOVER_NAME":"Høng","TIB":"615,616","BANENR":null,"FRA_KM":12.347000000000001,"TIL_KM":13.236,"FORKORTELSE":"Øn","BANENR_NAVN":null,"HVDSTRK_NAVN":"(Slagelse) - Gørlev","DELSTRK_NAVN":"(Slagelse) - Gørlev","BTRTYPETEKST":"Station","BANEKLASSETEKST":"Privatbane"}},{"type":"Feature","id":368123,"geometry":{"type":"Polygon","coordinates":[[[11.23869,55.53488],[11.24079,55.53359],[11.24045,55.53362],[11.24058,55.53351],[11.24174,55.53298],[11.24319,55.53192],[11.24802,55.52909],[11.24828,55.5292],[11.25486,55.525],[11.25845,55.52304],[11.26275,55.52159],[11.26313,55.52163],[11.2649,55.52102],[11.26487,55.52084],[11.27126,55.51886],[11.27434,55.5177],[11.2768,55.51703],[11.27665,55.51692],[11.28007,55.51574],[11.28043,55.51575],[11.28334,55.51408],[11.28326,55.51383],[11.28498,55.51216],[11.28551,55.51097],[11.28535,55.51096],[11.28338,55.5135],[11.282,55.5145],[11.28018,55.51545],[11.25852,55.52282],[11.25627,55.52389],[11.25264,55.52602],[11.24909,55.52764],[11.24946,55.52779],[11.24809,55.52856],[11.24824,55.52869],[11.23703,55.53545],[11.23652,55.53563],[11.23665,55.53585],[11.23559,55.5368],[11.23406,55.53859],[11.23434,55.53865],[11.23372,55.53981],[11.23425,55.53989],[11.23513,55.53826],[11.23664,55.53622],[11.23825,55.5349],[11.23869,55.53488]]]},"properties":{"STRKAFS":615014,"NAVN":"Høng - Gørlev","HOVER_NAME":"Høng - Gørlev","TIB":null,"BANENR":null,"FRA_KM":13.236,"TIL_KM":17.919,"FORKORTELSE":"Øn-Gv","BANENR_NAVN":null,"HVDSTRK_NAVN":"(Slagelse) - Gørlev","DELSTRK_NAVN":"(Slagelse) - Gørlev","BTRTYPETEKST":"Fri Bane","BANEKLASSETEKST":"Privatbane"}},{"type":"Feature","id":368124,"geometry":{"type":"Polygon","coordinates":[[[11.28534,55.51176],[11.28522,55.51176],[11.28522,55.51282],[11.28553,55.51355],[11.28608,55.51423],[11.28751,55.51528],[11.28933,55.516],[11.29141,55.5164],[11.30756,55.51789],[11.31077,55.5184],[11.31402,55.51929],[11.33265,55.52563],[11.33568,55.52619],[11.34392,55.5268],[11.34711,55.5275],[11.34891,55.52821],[11.35266,55.53002],[11.367,55.53798],[11.36873,55.53872],[11.36899,55.53852],[11.36689,55.53757],[11.35296,55.52983],[11.34761,55.52738],[11.34402,55.52656],[11.33576,55.52594],[11.33283,55.5254],[11.31425,55.51907],[11.31092,55.51816],[11.30765,55.51765],[11.2915,55.51615],[11.28999,55.51589],[11.28825,55.51532],[11.28673,55.51436],[11.28583,55.51323],[11.28543,55.51212],[11.28547,55.51176],[11.28534,55.51176]]]},"properties":{"STRKAFS":616002,"NAVN":"Høng - Ruds Vedby","HOVER_NAME":"Høng - Ruds Vedby","TIB":"616","BANENR":null,"FRA_KM":0.5,"TIL_KM":6.83,"FORKORTELSE":"Øn-Ruv","BANENR_NAVN":null,"HVDSTRK_NAVN":"(Høng) - (Tølløse) ","DELSTRK_NAVN":"(Høng) - (Tølløse) ","BTRTYPETEKST":"Fri Bane","BANEKLASSETEKST":"Privatbane"}},{"type":"Feature","id":368125,"geometry":{"type":"Polygon","coordinates":[[[11.369,55.53852],[11.36873,55.53872],[11.37163,55.53949],[11.38053,55.5409],[11.38065,55.54066],[11.37177,55.53925],[11.36902,55.53853],[11.369,55.53852]]]},"properties":{"STRKAFS":616007,"NAVN":"Ruds Vedby","HOVER_NAME":"Ruds Vedby","TIB":"616","BANENR":null,"FRA_KM":6.83,"TIL_KM":7.617,"FORKORTELSE":"Ruv","BANENR_NAVN":null,"HVDSTRK_NAVN":"(Høng) - (Tølløse) ","DELSTRK_NAVN":"(Høng) - (Tølløse) ","BTRTYPETEKST":"Station","BANEKLASSETEKST":"Privatbane"}},{"type":"Feature","id":368126,"geometry":{"type":"Polygon","coordinates":[[[10.17483,56.14115],[10.17441,56.13962],[10.1743,56.1385],[10.17431,56.1346],[10.17413,56.13266],[10.17388,56.13172],[10.17328,56.13045],[10.17209,56.1289],[10.16945,56.12666],[10.16709,56.12538],[10.16458,56.1243],[10.16783,56.12587],[10.16984,56.12711],[10.17175,56.12872],[10.17304,56.13038],[10.17368,56.13164],[10.17406,56.13306],[10.1742,56.13876],[10.1746,56.1409],[10.17488,56.14128],[10.17483,56.14115]]]},"properties":{"STRKAFS":664032,"NAVN":"Viby Jylland - Aarhus H","HOVER_NAME":"Viby Jylland - Aarhus H","TIB":"37","BANENR":null,"FRA_KM":31.900000000000002,"TIL_KM":35.501000000000005,"FORKORTELSE":"Vij-Ar","BANENR_NAVN":null,"HVDSTRK_NAVN":"Odder - (Aarhus H)","DELSTRK_NAVN":"Odder - (Aarhus H)","BTRTYPETEKST":"Fri Bane","BANEKLASSETEKST":"Privatbane"}},{"type":"Feature","id":368127,"geometry":{"type":"Polygon","coordinates":[[[10.17428,56.13552],[10.1743,56.13478],[10.17415,56.13478],[10.17415,56.13552],[10.17428,56.13552]]]},"properties":{"STRKAFS":664033,"NAVN":"Kongsvang","HOVER_NAME":"Kongsvang","TIB":"37","BANENR":null,"FRA_KM":null,"TIL_KM":null,"FORKORTELSE":"Kgv","BANENR_NAVN":null,"HVDSTRK_NAVN":"Odder - (Aarhus H)","DELSTRK_NAVN":"Odder - (Aarhus H)","BTRTYPETEKST":"Trinbræt","BANEKLASSETEKST":"Privatbane"}},{"type":"Feature","id":368128,"geometry":{"type":"Polygon","coordinates":[[[10.15444,55.98349],[10.15395,55.98281],[10.15354,55.98289],[10.15448,55.98425],[10.15489,55.98416],[10.15465,55.9838],[10.15444,55.98349]]]},"properties":{"STRKAFS":664111,"NAVN":"Rude Havvej","HOVER_NAME":"Rude Havvej","TIB":"37","BANENR":null,"FRA_KM":null,"TIL_KM":null,"FORKORTELSE":"Ruh","BANENR_NAVN":null,"HVDSTRK_NAVN":"Odder - (Aarhus H)","DELSTRK_NAVN":"Odder - (Aarhus H)","BTRTYPETEKST":"Trinbræt","BANEKLASSETEKST":"Privatbane"}},{"type":"Feature","id":368129,"geometry":{"type":"Polygon","coordinates":[[[10.19836,56.05679],[10.19791,56.05674],[10.19778,56.05742],[10.19823,56.05745],[10.19836,56.05679],[10.19836,56.05679]]]},"properties":{"STRKAFS":664205,"NAVN":"Beder","HOVER_NAME":"Beder","TIB":"37","BANENR":null,"FRA_KM":null,"TIL_KM":null,"FORKORTELSE":"Bed","BANENR_NAVN":null,"HVDSTRK_NAVN":"Odder - (Aarhus H)","DELSTRK_NAVN":"Odder - (Aarhus H)","BTRTYPETEKST":"Trinbræt","BANEKLASSETEKST":"Privatbane"}},{"type":"Feature","id":368130,"geometry":{"type":"Polygon","coordinates":[[[10.18043,56.06357],[10.18033,56.06346],[10.17739,56.0644],[10.17761,56.06462],[10.18054,56.06368],[10.18043,56.06357]]]},"properties":{"STRKAFS":664221,"NAVN":"Vilhelmsborg","HOVER_NAME":"Vilhelmsborg","TIB":"37","BANENR":null,"FRA_KM":null,"TIL_KM":null,"FORKORTELSE":"Vh","BANENR_NAVN":null,"HVDSTRK_NAVN":"Odder - (Aarhus H)","DELSTRK_NAVN":"Odder - (Aarhus H)","BTRTYPETEKST":"Trinbræt","BANEKLASSETEKST":"Privatbane"}},{"type":"Feature","id":368131,"geometry":{"type":"Polygon","coordinates":[[[10.15461,56.07239],[10.1544,56.07234],[10.15397,56.07285],[10.1544,56.07293],[10.15481,56.07245],[10.15461,56.07239]]]},"properties":{"STRKAFS":664237,"NAVN":"Mølleparken","HOVER_NAME":"Mølleparken","TIB":"37","BANENR":null,"FRA_KM":null,"TIL_KM":null,"FORKORTELSE":"Mpk","BANENR_NAVN":null,"HVDSTRK_NAVN":"Odder - (Aarhus H)","DELSTRK_NAVN":"Odder - (Aarhus H)","BTRTYPETEKST":"Trinbræt","BANEKLASSETEKST":"Privatbane"}},{"type":"Feature","id":368132,"geometry":{"type":"Polygon","coordinates":[[[10.15265,56.09153],[10.15248,56.09145],[10.15143,56.09198],[10.14941,56.09252],[10.14956,56.09274],[10.15068,56.0925],[10.15281,56.09162],[10.15265,56.09153]]]},"properties":{"STRKAFS":664261,"NAVN":"Nørrevænget","HOVER_NAME":"Nørrevænget","TIB":"37","BANENR":null,"FRA_KM":null,"TIL_KM":null,"FORKORTELSE":"Nrv","BANENR_NAVN":null,"HVDSTRK_NAVN":"Odder - (Aarhus H)","DELSTRK_NAVN":"Odder - (Aarhus H)","BTRTYPETEKST":"Trinbræt","BANEKLASSETEKST":"Privatbane"}},{"type":"Feature","id":368133,"geometry":{"type":"Polygon","coordinates":[[[10.12538,56.11069],[10.12491,56.11071],[10.12592,56.11184],[10.12672,56.11228],[10.12699,56.11211],[10.12616,56.11159],[10.12547,56.11084],[10.12538,56.11069]]]},"properties":{"STRKAFS":664291,"NAVN":"Gunnar Clausensvej","HOVER_NAME":"Gunnar Clausensvej","TIB":"37","BANENR":null,"FRA_KM":null,"TIL_KM":null,"FORKORTELSE":"Gct","BANENR_NAVN":null,"HVDSTRK_NAVN":"Odder - (Aarhus H)","DELSTRK_NAVN":"Odder - (Aarhus H)","BTRTYPETEKST":"Trinbræt","BANEKLASSETEKST":"Privatbane"}},{"type":"Feature","id":368134,"geometry":{"type":"Polygon","coordinates":[[[10.13281,56.11421],[10.13252,56.11412],[10.13233,56.11435],[10.13515,56.11503],[10.1353,56.1148],[10.13342,56.11437],[10.13281,56.11421]]]},"properties":{"STRKAFS":664297,"NAVN":"Øllegårdsvej","HOVER_NAME":"Øllegårdsvej","TIB":"37","BANENR":null,"FRA_KM":null,"TIL_KM":null,"FORKORTELSE":"Øgt","BANENR_NAVN":null,"HVDSTRK_NAVN":"Odder - (Aarhus H)","DELSTRK_NAVN":"Odder - (Aarhus H)","BTRTYPETEKST":"Trinbræt","BANEKLASSETEKST":"Privatbane"}},{"type":"Feature","id":368135,"geometry":{"type":"Polygon","coordinates":[[[10.14717,56.11691],[10.14687,56.11688],[10.14679,56.11703],[10.14798,56.11726],[10.1481,56.11708],[10.14717,56.11691]]]},"properties":{"STRKAFS":664305,"NAVN":"Rosenhøj","HOVER_NAME":"Rosenhøj","TIB":"37","BANENR":null,"FRA_KM":null,"TIL_KM":null,"FORKORTELSE":"Rh","BANENR_NAVN":null,"HVDSTRK_NAVN":"Odder - (Aarhus H)","DELSTRK_NAVN":"Odder - (Aarhus H)","BTRTYPETEKST":"Trinbræt","BANEKLASSETEKST":"Privatbane"}},{"type":"Feature","id":368136,"geometry":{"type":"Polygon","coordinates":[[[12.3806,55.856],[12.38076,55.8559],[12.38101,55.856],[12.38232,55.85514],[12.38233,55.8549],[12.38285,55.85458],[12.38322,55.85457],[12.38732,55.85204],[12.38711,55.8518],[12.38825,55.85112],[12.38986,55.85043],[12.38969,55.85034],[12.39008,55.85011],[12.39118,55.84983],[12.39349,55.84891],[12.39347,55.84871],[12.4103,55.84402],[12.41015,55.84381],[12.40615,55.84479],[12.40473,55.84534],[12.40059,55.84631],[12.39789,55.84718],[12.39489,55.84789],[12.39014,55.84972],[12.38728,55.85135],[12.37858,55.85701],[12.37605,55.85848],[12.37454,55.85973],[12.37262,55.86191],[12.37266,55.86213],[12.37156,55.86356],[12.3699,55.86485],[12.36807,55.86575],[12.36343,55.86699],[12.36359,55.8672],[12.36791,55.86617],[12.3704,55.86486],[12.37225,55.86331],[12.375,55.85989],[12.37656,55.85862],[12.37989,55.85654],[12.3806,55.856]]]},"properties":{"STRKAFS":826026,"NAVN":"Birkerød - Allerød","HOVER_NAME":"Birkerød - Allerød","TIB":"820","BANENR":"82","FRA_KM":24.748,"TIL_KM":28.766000000000002,"FORKORTELSE":"Bi-Li","BANENR_NAVN":"(Svanemøllen) - Hillerød","HVDSTRK_NAVN":"København H - Hillerød","DELSTRK_NAVN":"Hellerup - Hillerød","BTRTYPETEKST":"Fri Bane","BANEKLASSETEKST":"S-bane"}},{"type":"Feature","id":368137,"geometry":{"type":"Polygon","coordinates":[[[12.35639,55.87199],[12.3567,55.87199],[12.35847,55.86984],[12.35981,55.86875],[12.36138,55.86793],[12.36359,55.8672],[12.36343,55.86699],[12.36042,55.86812],[12.35955,55.86861],[12.35792,55.8699],[12.35727,55.87008],[12.35433,55.87326],[12.35286,55.87523],[12.34953,55.87892],[12.34993,55.87902],[12.35125,55.87778],[12.35554,55.87321],[12.3556,55.87288],[12.35649,55.87232],[12.35623,55.87217],[12.35639,55.87199]]]},"properties":{"STRKAFS":826029,"NAVN":"Allerød","HOVER_NAME":"Allerød","TIB":"820","BANENR":"82","FRA_KM":28.766000000000002,"TIL_KM":30.375,"FORKORTELSE":"Li","BANENR_NAVN":"(Svanemøllen) - Hillerød","HVDSTRK_NAVN":"København H - Hillerød","DELSTRK_NAVN":"Hellerup - Hillerød","BTRTYPETEKST":"Station","BANEKLASSETEKST":"S-bane"}},{"type":"Feature","id":368138,"geometry":{"type":"Polygon","coordinates":[[[12.32823,55.90202],[12.32911,55.9017],[12.33114,55.90006],[12.33485,55.89587],[12.33467,55.89581],[12.33645,55.89378],[12.3434,55.88616],[12.34442,55.8854],[12.34584,55.8838],[12.34556,55.88372],[12.34993,55.87902],[12.34953,55.87892],[12.34923,55.87918],[12.34088,55.88852],[12.3299,55.90043],[12.32797,55.90183],[12.32093,55.90491],[12.31915,55.90586],[12.31745,55.90698],[12.31633,55.90795],[12.31454,55.91107],[12.31044,55.91961],[12.31073,55.91966],[12.31158,55.91818],[12.31328,55.91487],[12.31384,55.91335],[12.31565,55.90967],[12.31716,55.90763],[12.3182,55.90678],[12.3202,55.90559],[12.32781,55.90229],[12.32823,55.90202]]]},"properties":{"STRKAFS":826032,"NAVN":"Allerød - Hillerød","HOVER_NAME":"Allerød - Hillerød","TIB":"820","BANENR":"82","FRA_KM":30.375,"TIL_KM":35.625,"FORKORTELSE":"Li-Hi","BANENR_NAVN":"(Svanemøllen) - Hillerød","HVDSTRK_NAVN":"København H - Hillerød","DELSTRK_NAVN":"Hellerup - Hillerød","BTRTYPETEKST":"Fri Bane","BANEKLASSETEKST":"S-bane"}},{"type":"Feature","id":368139,"geometry":{"type":"Polygon","coordinates":[[[12.55857,55.74258],[12.56001,55.74195],[12.55984,55.74181],[12.5584,55.74246],[12.55827,55.7424],[12.55922,55.74143],[12.55893,55.74135],[12.5574,55.74281],[12.5577,55.74292],[12.55757,55.74305],[12.55773,55.7431],[12.55818,55.7428],[12.55857,55.74258]]]},"properties":{"STRKAFS":826109,"NAVN":"Bernstorffsvej","HOVER_NAME":"Bernstorffsvej","TIB":"820","BANENR":"82","FRA_KM":9.172,"TIL_KM":9.369,"FORKORTELSE":"Bft","BANENR_NAVN":"(Svanemøllen) - Hillerød","HVDSTRK_NAVN":"København H - Hillerød","DELSTRK_NAVN":"Hellerup - Hillerød","BTRTYPETEKST":"Trinbræt","BANEKLASSETEKST":"S-bane"}},{"type":"Feature","id":368140,"geometry":{"type":"Polygon","coordinates":[[[12.52069,55.76214],[12.52207,55.76157],[12.52175,55.76131],[12.51914,55.76221],[12.51947,55.76257],[12.52021,55.76233],[12.52069,55.76214]]]},"properties":{"STRKAFS":826125,"NAVN":"Jægersborg","HOVER_NAME":"Jægersborg","TIB":"602,820","BANENR":"82","FRA_KM":12.447000000000001,"TIL_KM":12.642000000000001,"FORKORTELSE":"Jæt","BANENR_NAVN":"(Svanemøllen) - Hillerød","HVDSTRK_NAVN":"København H - Hillerød","DELSTRK_NAVN":"Hellerup - Hillerød","BTRTYPETEKST":"Trinbræt","BANEKLASSETEKST":"S-bane"}},{"type":"Feature","id":368141,"geometry":{"type":"Polygon","coordinates":[[[12.48564,55.78025],[12.48548,55.78012],[12.48281,55.78124],[12.48332,55.7816],[12.48582,55.78039],[12.48572,55.78032],[12.48564,55.78025]]]},"properties":{"STRKAFS":826165,"NAVN":"Sorgenfri","HOVER_NAME":"Sorgenfri","TIB":"820","BANENR":"82","FRA_KM":15.624,"TIL_KM":15.831000000000001,"FORKORTELSE":"Sft","BANENR_NAVN":"(Svanemøllen) - Hillerød","HVDSTRK_NAVN":"København H - Hillerød","DELSTRK_NAVN":"Hellerup - Hillerød","BTRTYPETEKST":"Trinbræt","BANEKLASSETEKST":"S-bane"}},{"type":"Feature","id":368142,"geometry":{"type":"Polygon","coordinates":[[[12.47308,55.79585],[12.47281,55.79581],[12.47211,55.79734],[12.47275,55.79747],[12.47285,55.79733],[12.47353,55.79596],[12.47312,55.79586],[12.47308,55.79585]]]},"properties":{"STRKAFS":826171,"NAVN":"Virum","HOVER_NAME":"Virum","TIB":"820","BANENR":"82","FRA_KM":17.588,"TIL_KM":17.762,"FORKORTELSE":"Vir","BANENR_NAVN":"(Svanemøllen) - Hillerød","HVDSTRK_NAVN":"København H - Hillerød","DELSTRK_NAVN":"Hellerup - Hillerød","BTRTYPETEKST":"Trinbræt","BANEKLASSETEKST":"S-bane"}},{"type":"Feature","id":368143,"geometry":{"type":"Polygon","coordinates":[[[12.38825,55.85112],[12.38965,55.85054],[12.38918,55.85024],[12.38721,55.8514],[12.38752,55.85157],[12.38808,55.85125],[12.38825,55.85112]]]},"properties":{"STRKAFS":826270,"NAVN":"Høvelte","HOVER_NAME":"Høvelte","TIB":"820","BANENR":"82","FRA_KM":26.245,"TIL_KM":26.422,"FORKORTELSE":"Høv","BANENR_NAVN":"(Svanemøllen) - Hillerød","HVDSTRK_NAVN":"København H - Hillerød","DELSTRK_NAVN":"Hellerup - Hillerød","BTRTYPETEKST":"Trinbræt","BANEKLASSETEKST":"S-bane"}},{"type":"Feature","id":368144,"geometry":{"type":"Polygon","coordinates":[[[11.39683,55.54227],[11.40163,55.54152],[11.43265,55.53947],[11.43929,55.53877],[11.44352,55.5385],[11.44346,55.53825],[11.44028,55.53844],[11.43259,55.53922],[11.40156,55.54127],[11.39429,55.54226],[11.39036,55.54216],[11.38065,55.54066],[11.38053,55.5409],[11.39077,55.54245],[11.39373,55.54253],[11.39682,55.54227],[11.39683,55.54227]]]},"properties":{"STRKAFS":616008,"NAVN":"Ruds Vedby - Skellebjerg","HOVER_NAME":"Ruds Vedby - Skellebjerg","TIB":"616","BANENR":null,"FRA_KM":7.617,"TIL_KM":11.64,"FORKORTELSE":"Ruv-Skl","BANENR_NAVN":null,"HVDSTRK_NAVN":"(Høng) - (Tølløse) ","DELSTRK_NAVN":"(Høng) - (Tølløse) ","BTRTYPETEKST":"Fri Bane","BANEKLASSETEKST":"Privatbane"}},{"type":"Feature","id":368145,"geometry":{"type":"Polygon","coordinates":[[[11.44704,55.5383],[11.45377,55.53789],[11.45374,55.53764],[11.44346,55.53825],[11.44352,55.5385],[11.44452,55.53844],[11.44704,55.5383]]]},"properties":{"STRKAFS":616011,"NAVN":"Skellebjerg","HOVER_NAME":"Skellebjerg","TIB":"616","BANENR":null,"FRA_KM":11.64,"TIL_KM":12.290000000000001,"FORKORTELSE":"Skl","BANENR_NAVN":null,"HVDSTRK_NAVN":"(Høng) - (Tølløse) ","DELSTRK_NAVN":"(Høng) - (Tølløse) ","BTRTYPETEKST":"Station","BANEKLASSETEKST":"Privatbane"}},{"type":"Feature","id":368146,"geometry":{"type":"Polygon","coordinates":[[[11.49013,55.53435],[11.49008,55.53422],[11.47494,55.53637],[11.45374,55.53764],[11.45377,55.53789],[11.47454,55.53666],[11.49019,55.53447],[11.49013,55.53435]]]},"properties":{"STRKAFS":616014,"NAVN":"Skellebjerg - Dianalund","HOVER_NAME":"Skellebjerg - Dianalund","TIB":"616","BANENR":null,"FRA_KM":12.290000000000001,"TIL_KM":14.63,"FORKORTELSE":"Skl-Dia","BANENR_NAVN":null,"HVDSTRK_NAVN":"(Høng) - (Tølløse) ","DELSTRK_NAVN":"(Høng) - (Tølløse) ","BTRTYPETEKST":"Fri Bane","BANEKLASSETEKST":"Privatbane"}},{"type":"Feature","id":368147,"geometry":{"type":"Polygon","coordinates":[[[11.49285,55.53421],[11.50407,55.534],[11.50407,55.53375],[11.49317,55.53395],[11.49008,55.53422],[11.49019,55.53447],[11.49274,55.53422],[11.49285,55.53421]]]},"properties":{"STRKAFS":616015,"NAVN":"Dianalund","HOVER_NAME":"Dianalund","TIB":"616","BANENR":null,"FRA_KM":14.63,"TIL_KM":15.51,"FORKORTELSE":"Dia","BANENR_NAVN":null,"HVDSTRK_NAVN":"(Høng) - (Tølløse) ","DELSTRK_NAVN":"(Høng) - (Tølløse) ","BTRTYPETEKST":"Station","BANEKLASSETEKST":"Privatbane"}},{"type":"Feature","id":368148,"geometry":{"type":"Polygon","coordinates":[[[11.5854,55.53937],[11.5854,55.53924],[11.58313,55.53924],[11.57046,55.53855],[11.56161,55.53723],[11.55849,55.53643],[11.55204,55.53386],[11.54905,55.53288],[11.54248,55.5315],[11.53946,55.53112],[11.53714,55.53107],[11.53446,55.53126],[11.51934,55.53369],[11.50407,55.53375],[11.50407,55.534],[11.5194,55.53394],[11.52177,55.53366],[11.53456,55.5315],[11.53716,55.53132],[11.53941,55.53137],[11.54235,55.53174],[11.54886,55.53311],[11.5518,55.53407],[11.55826,55.53665],[11.56148,55.53747],[11.57073,55.53883],[11.58309,55.53949],[11.58541,55.53949],[11.5854,55.53937]]]},"properties":{"STRKAFS":616016,"NAVN":"Dianalund - Stenlille","HOVER_NAME":"Dianalund - Stenlille","TIB":"616","BANENR":null,"FRA_KM":15.51,"TIL_KM":20.88,"FORKORTELSE":"Dia-Stl","BANENR_NAVN":null,"HVDSTRK_NAVN":"(Høng) - (Tølløse) ","DELSTRK_NAVN":"(Høng) - (Tølløse) ","BTRTYPETEKST":"Fri Bane","BANEKLASSETEKST":"Privatbane"}},{"type":"Feature","id":368149,"geometry":{"type":"Polygon","coordinates":[[[8.18566,56.56567],[8.21146,56.56748],[8.21448,56.56731],[8.21789,56.56643],[8.21948,56.56566],[8.22064,56.56484],[8.22162,56.56375],[8.22215,56.56267],[8.22228,56.56181],[8.22219,56.56094],[8.22106,56.55856],[8.2208,56.55753],[8.22094,56.55635],[8.22146,56.55533],[8.2265,56.54956],[8.2281,56.54862],[8.23005,56.54802],[8.23243,56.54777],[8.26887,56.5474],[8.27178,56.54708],[8.28138,56.5454],[8.28124,56.54516],[8.27165,56.54684],[8.26857,56.54716],[8.23242,56.54752],[8.2299,56.54779],[8.22782,56.54842],[8.22612,56.54942],[8.22103,56.55524],[8.22049,56.55631],[8.22034,56.55754],[8.22061,56.55861],[8.22174,56.56098],[8.22183,56.56181],[8.22164,56.56279],[8.22101,56.56391],[8.21989,56.56499],[8.21878,56.5657],[8.21712,56.56641],[8.21407,56.5671],[8.21091,56.56721],[8.18562,56.56542],[8.18246,56.5658],[8.17381,56.56801],[8.1712,56.56837],[8.16675,56.56856],[8.16678,56.56882],[8.17126,56.56862],[8.17395,56.56825],[8.18221,56.56613],[8.18495,56.56571],[8.18566,56.56567]]]},"properties":{"STRKAFS":665002,"NAVN":"Lemvig - Strande","HOVER_NAME":"Lemvig - Strande","TIB":"665","BANENR":null,"FRA_KM":1.25,"TIL_KM":10,"FORKORTELSE":"Lmv-Sta","BANENR_NAVN":null,"HVDSTRK_NAVN":"(Lemvig) - Thyborøn Havn","DELSTRK_NAVN":"(Lemvig) - Thyborøn Havn","BTRTYPETEKST":"Fri Bane","BANEKLASSETEKST":"Privatbane"}},{"type":"Feature","id":368150,"geometry":{"type":"Polygon","coordinates":[[[8.24257,56.54755],[8.24257,56.54742],[8.24192,56.54743],[8.24193,56.54768],[8.24258,56.54767],[8.24257,56.54755]]]},"properties":{"STRKAFS":665003,"NAVN":"Balleby","HOVER_NAME":"Balleby","TIB":"665","BANENR":null,"FRA_KM":3.66,"TIL_KM":3.7,"FORKORTELSE":"Bat","BANENR_NAVN":null,"HVDSTRK_NAVN":"(Lemvig) - Thyborøn Havn","DELSTRK_NAVN":"(Lemvig) - Thyborøn Havn","BTRTYPETEKST":"Trinbræt","BANEKLASSETEKST":"Privatbane"}},{"type":"Feature","id":368151,"geometry":{"type":"Polygon","coordinates":[[[8.21987,56.56522],[8.21969,56.56514],[8.21926,56.56542],[8.21961,56.56559],[8.22005,56.56529],[8.21987,56.56522]]]},"properties":{"STRKAFS":665007,"NAVN":"Klinkby","HOVER_NAME":"Klinkby","TIB":"665","BANENR":null,"FRA_KM":6.59,"TIL_KM":6.63,"FORKORTELSE":"Kli","BANENR_NAVN":null,"HVDSTRK_NAVN":"(Lemvig) - Thyborøn Havn","DELSTRK_NAVN":"(Lemvig) - Thyborøn Havn","BTRTYPETEKST":"Trinbræt","BANEKLASSETEKST":"Privatbane"}},{"type":"Feature","id":368152,"geometry":{"type":"Polygon","coordinates":[[[8.18809,56.56551],[8.18742,56.56546],[8.18735,56.56571],[8.18803,56.56576],[8.18806,56.56563],[8.18809,56.56551]]]},"properties":{"STRKAFS":665009,"NAVN":"Nejrup","HOVER_NAME":"Nejrup","TIB":"665","BANENR":null,"FRA_KM":8.63,"TIL_KM":8.67,"FORKORTELSE":"Net","BANENR_NAVN":null,"HVDSTRK_NAVN":"(Lemvig) - Thyborøn Havn","DELSTRK_NAVN":"(Lemvig) - Thyborøn Havn","BTRTYPETEKST":"Trinbræt","BANEKLASSETEKST":"Privatbane"}},{"type":"Feature","id":368153,"geometry":{"type":"Polygon","coordinates":[[[8.16676,56.56869],[8.16675,56.56856],[8.16003,56.56893],[8.15669,56.56945],[8.15385,56.57016],[8.15406,56.57038],[8.15756,56.56955],[8.16157,56.56904],[8.16678,56.56882],[8.16676,56.56869]]]},"properties":{"STRKAFS":665011,"NAVN":"Strande","HOVER_NAME":"Strande","TIB":"665","BANENR":null,"FRA_KM":10,"TIL_KM":10.81,"FORKORTELSE":"Sta","BANENR_NAVN":null,"HVDSTRK_NAVN":"(Lemvig) - Thyborøn Havn","DELSTRK_NAVN":"(Lemvig) - Thyborøn Havn","BTRTYPETEKST":"Station","BANEKLASSETEKST":"Privatbane"}},{"type":"Feature","id":368154,"geometry":{"type":"Polygon","coordinates":[[[12.31557,55.90944],[12.3154,55.90941],[12.3146,55.91097],[12.315,55.91103],[12.31577,55.90947],[12.31564,55.90945],[12.31557,55.90944]]]},"properties":{"STRKAFS":826345,"NAVN":"Favrholm","HOVER_NAME":"Favrholm","TIB":"820","BANENR":"82","FRA_KM":34.446000000000005,"TIL_KM":34.627,"FORKORTELSE":"Fvt","BANENR_NAVN":"(Svanemøllen) - Hillerød","HVDSTRK_NAVN":"København H - Hillerød","DELSTRK_NAVN":"Hellerup - Hillerød","BTRTYPETEKST":"Trinbræt","BANEKLASSETEKST":"S-bane"}},{"type":"Feature","id":368155,"geometry":{"type":"Polygon","coordinates":[[[12.31076,55.91991],[12.31073,55.91966],[12.31044,55.91961],[12.3108,55.91879],[12.31063,55.91877],[12.30983,55.91986],[12.30943,55.91981],[12.30919,55.92025],[12.30963,55.92033],[12.30902,55.92144],[12.30879,55.92156],[12.30876,55.92202],[12.30914,55.92286],[12.30915,55.92337],[12.30999,55.92507],[12.30968,55.92531],[12.31103,55.92875],[12.31043,55.9288],[12.31008,55.92917],[12.31078,55.92969],[12.31153,55.93055],[12.31202,55.93177],[12.31297,55.933],[12.31359,55.93444],[12.31373,55.93584],[12.31314,55.93763],[12.31328,55.93765],[12.31379,55.9362],[12.31384,55.93496],[12.31407,55.93494],[12.31401,55.93415],[12.31296,55.93209],[12.31267,55.93021],[12.31313,55.93012],[12.31305,55.9299],[12.31335,55.92985],[12.31324,55.92946],[12.31358,55.92935],[12.31235,55.92796],[12.3117,55.92594],[12.31052,55.92404],[12.31013,55.92175],[12.31051,55.92041],[12.31076,55.91991]]]},"properties":{"STRKAFS":827000,"NAVN":"Hillerød","HOVER_NAME":"Hillerød","TIB":"9,604,606,820","BANENR":"82","FRA_KM":35.625,"TIL_KM":37.664,"FORKORTELSE":"Hi","BANENR_NAVN":"(Svanemøllen) - Hillerød","HVDSTRK_NAVN":"København H - Hillerød","DELSTRK_NAVN":"Hillerød","BTRTYPETEKST":"Station","BANEKLASSETEKST":"S-bane"}},{"type":"Feature","id":368156,"geometry":{"type":"Polygon","coordinates":[[[12.5041,55.66715],[12.50374,55.6671],[12.50351,55.66818],[12.50356,55.66885],[12.50496,55.67152],[12.50504,55.67275],[12.50297,55.67911],[12.5006,55.68249],[12.50113,55.68258],[12.50341,55.67941],[12.50588,55.67252],[12.50591,55.67206],[12.50538,55.67077],[12.50439,55.66924],[12.50425,55.66807],[12.50448,55.66721],[12.50428,55.66718],[12.5041,55.66715]]]},"properties":{"STRKAFS":832006,"NAVN":"Valby - Vanløse","HOVER_NAME":"Valby - Vanløse","TIB":"830","BANENR":"83","FRA_KM":4.74,"TIL_KM":6.5,"FORKORTELSE":"Val-Van","BANENR_NAVN":"(Valby) - Frederikssund","HVDSTRK_NAVN":"Valby - Frederikssund","DELSTRK_NAVN":"Valby - Vanløse","BTRTYPETEKST":"Fri Bane","BANEKLASSETEKST":"S-bane"}},{"type":"Feature","id":368157,"geometry":{"type":"Polygon","coordinates":[[[12.50407,55.66721],[12.50372,55.66715],[12.50351,55.66818],[12.50356,55.66884],[12.50427,55.66879],[12.50425,55.66807],[12.50446,55.66726],[12.50426,55.66723],[12.50407,55.66721]]]},"properties":{"STRKAFS":832065,"NAVN":"Langgade","HOVER_NAME":"Langgade","TIB":"830","BANENR":"83","FRA_KM":4.746,"TIL_KM":4.923,"FORKORTELSE":"Vat","BANENR_NAVN":"(Valby) - Frederikssund","HVDSTRK_NAVN":"Valby - Frederikssund","DELSTRK_NAVN":"Valby - Vanløse","BTRTYPETEKST":"Trinbræt","BANEKLASSETEKST":"S-bane"}},{"type":"Feature","id":368158,"geometry":{"type":"Polygon","coordinates":[[[12.50406,55.67661],[12.50385,55.67659],[12.5033,55.67817],[12.50387,55.67823],[12.50439,55.67664],[12.50419,55.67662],[12.50406,55.67661]]]},"properties":{"STRKAFS":832069,"NAVN":"Peter Bangsvej","HOVER_NAME":"Peter Bangsvej","TIB":"830","BANENR":"83","FRA_KM":5.809,"TIL_KM":5.988,"FORKORTELSE":"Pbt","BANENR_NAVN":"(Valby) - Frederikssund","HVDSTRK_NAVN":"Valby - Frederikssund","DELSTRK_NAVN":"Valby - Vanløse","BTRTYPETEKST":"Trinbræt","BANEKLASSETEKST":"S-bane"}},{"type":"Feature","id":368159,"geometry":{"type":"Polygon","coordinates":[[[12.4997,55.68407],[12.49953,55.68403],[12.49864,55.68507],[12.49814,55.68543],[12.49853,55.68563],[12.49922,55.68515],[12.50004,55.68415],[12.49985,55.6841],[12.4997,55.68407]]]},"properties":{"STRKAFS":832071,"NAVN":"Flintholm","HOVER_NAME":"Flintholm","TIB":"830","BANENR":"83","FRA_KM":6.684,"TIL_KM":6.872,"FORKORTELSE":"Fl","BANENR_NAVN":"(Valby) - Frederikssund","HVDSTRK_NAVN":"Valby - Frederikssund","DELSTRK_NAVN":"Valby - Vanløse","BTRTYPETEKST":"Trinbræt","BANEKLASSETEKST":"S-bane"}},{"type":"Feature","id":368160,"geometry":{"type":"Polygon","coordinates":[[[12.48631,55.68835],[12.4905,55.68748],[12.49067,55.68772],[12.49059,55.68785],[12.49305,55.68815],[12.49287,55.68746],[12.49854,55.68646],[12.49777,55.68604],[12.49922,55.68515],[12.50113,55.68258],[12.5006,55.68249],[12.49864,55.68507],[12.4968,55.68609],[12.48281,55.68868],[12.48045,55.68928],[12.48069,55.68951],[12.48207,55.6891],[12.48536,55.6885],[12.48631,55.68835]]]},"properties":{"STRKAFS":833000,"NAVN":"Vanløse","HOVER_NAME":"Vanløse","TIB":"830","BANENR":"83","FRA_KM":6.5,"TIL_KM":8.081,"FORKORTELSE":"Van","BANENR_NAVN":"(Valby) - Frederikssund","HVDSTRK_NAVN":"Valby - Frederikssund","DELSTRK_NAVN":"Vanløse","BTRTYPETEKST":"Station","BANEKLASSETEKST":"S-bane"}},{"type":"Feature","id":368161,"geometry":{"type":"Polygon","coordinates":[[[12.46319,55.71053],[12.4646,55.70918],[12.46667,55.70631],[12.47056,55.69663],[12.47167,55.69484],[12.47271,55.69367],[12.47485,55.69204],[12.47783,55.69055],[12.48069,55.68951],[12.48045,55.68928],[12.47808,55.69007],[12.47612,55.69098],[12.47395,55.69234],[12.47218,55.69385],[12.47109,55.6951],[12.46925,55.69853],[12.46689,55.70502],[12.46619,55.70646],[12.46532,55.70775],[12.46277,55.71037],[12.46239,55.71028],[12.46214,55.71045],[12.46227,55.71053],[12.46206,55.71073],[12.46227,55.71085],[12.46124,55.71171],[12.45869,55.71331],[12.45507,55.71501],[12.45531,55.71519],[12.45768,55.71413],[12.46052,55.71257],[12.46318,55.71061],[12.46319,55.71053]]]},"properties":{"STRKAFS":834010,"NAVN":"Vanløse - Herlev","HOVER_NAME":"Vanløse - Herlev","TIB":"830","BANENR":"83","FRA_KM":8.081,"TIL_KM":11.473,"FORKORTELSE":"Van-Her","BANENR_NAVN":"(Valby) - Frederikssund","HVDSTRK_NAVN":"Valby - Frederikssund","DELSTRK_NAVN":"Vanløse - Ballerup","BTRTYPETEKST":"Fri Bane","BANEKLASSETEKST":"S-bane"}},{"type":"Feature","id":368162,"geometry":{"type":"Polygon","coordinates":[[[12.44347,55.71908],[12.44888,55.71755],[12.45072,55.71673],[12.45531,55.71519],[12.45507,55.71501],[12.45041,55.71661],[12.43996,55.7198],[12.43509,55.72088],[12.43518,55.72108],[12.43758,55.72065],[12.4425,55.71936],[12.44347,55.71908]]]},"properties":{"STRKAFS":834011,"NAVN":"Herlev","HOVER_NAME":"Herlev","TIB":"830","BANENR":"83","FRA_KM":11.473,"TIL_KM":12.898000000000001,"FORKORTELSE":"Her","BANENR_NAVN":"(Valby) - Frederikssund","HVDSTRK_NAVN":"Valby - Frederikssund","DELSTRK_NAVN":"Vanløse - Ballerup","BTRTYPETEKST":"Station","BANEKLASSETEKST":"S-bane"}},{"type":"Feature","id":368163,"geometry":{"type":"Polygon","coordinates":[[[11.5471,55.53241],[11.54693,55.53264],[11.54781,55.53284],[11.54801,55.53262],[11.54728,55.53245],[11.5471,55.53241]]]},"properties":{"STRKAFS":616019,"NAVN":"Vedde","HOVER_NAME":"Vedde","TIB":"616","BANENR":null,"FRA_KM":18.282,"TIL_KM":18.342000000000002,"FORKORTELSE":"Ved","BANENR_NAVN":null,"HVDSTRK_NAVN":"(Høng) - (Tølløse) ","DELSTRK_NAVN":"(Høng) - (Tølløse) ","BTRTYPETEKST":"Trinbræt","BANEKLASSETEKST":"Privatbane"}},{"type":"Feature","id":368164,"geometry":{"type":"Polygon","coordinates":[[[11.58972,55.53931],[11.59727,55.53901],[11.59978,55.53909],[11.59989,55.53884],[11.59698,55.53876],[11.5854,55.53924],[11.58541,55.53949],[11.58965,55.53932],[11.58972,55.53931]]]},"properties":{"STRKAFS":616021,"NAVN":"Stenlille","HOVER_NAME":"Stenlille","TIB":"616","BANENR":null,"FRA_KM":20.88,"TIL_KM":21.8,"FORKORTELSE":"Stl","BANENR_NAVN":null,"HVDSTRK_NAVN":"(Høng) - (Tølløse) ","DELSTRK_NAVN":"(Høng) - (Tølløse) ","BTRTYPETEKST":"Station","BANEKLASSETEKST":"Privatbane"}},{"type":"Feature","id":368165,"geometry":{"type":"Polygon","coordinates":[[[11.64682,55.54102],[11.6431,55.54082],[11.61678,55.54136],[11.61412,55.54112],[11.60106,55.53897],[11.59989,55.53884],[11.59978,55.53909],[11.61401,55.54137],[11.61675,55.54161],[11.6448,55.5411],[11.64775,55.54141],[11.65361,55.54261],[11.65712,55.54294],[11.68368,55.54442],[11.7061,55.54485],[11.70613,55.5446],[11.68371,55.54417],[11.65631,55.54264],[11.65295,55.54224],[11.64683,55.54102],[11.64682,55.54102]]]},"properties":{"STRKAFS":616022,"NAVN":"Stenlille - Store Merløse","HOVER_NAME":"Stenlille - Store Merløse","TIB":"616","BANENR":null,"FRA_KM":21.8,"TIL_KM":28.57,"FORKORTELSE":"Stl-Sms","BANENR_NAVN":null,"HVDSTRK_NAVN":"(Høng) - (Tølløse) ","DELSTRK_NAVN":"(Høng) - (Tølløse) ","BTRTYPETEKST":"Fri Bane","BANEKLASSETEKST":"Privatbane"}},{"type":"Feature","id":368166,"geometry":{"type":"Polygon","coordinates":[[[11.65192,55.54205],[11.65174,55.54228],[11.65303,55.54252],[11.65318,55.54228],[11.65199,55.54207],[11.65192,55.54205]]]},"properties":{"STRKAFS":616025,"NAVN":"Nyrup","HOVER_NAME":"Nyrup","TIB":"616","BANENR":null,"FRA_KM":25.155,"TIL_KM":25.225,"FORKORTELSE":"Nyp","BANENR_NAVN":null,"HVDSTRK_NAVN":"(Høng) - (Tølløse) ","DELSTRK_NAVN":"(Høng) - (Tølløse) ","BTRTYPETEKST":"Trinbræt","BANEKLASSETEKST":"Privatbane"}},{"type":"Feature","id":368167,"geometry":{"type":"Polygon","coordinates":[[[11.68483,55.5442],[11.68477,55.54445],[11.68546,55.54446],[11.68548,55.54421],[11.68483,55.5442]]]},"properties":{"STRKAFS":616027,"NAVN":"Bagmarken","HOVER_NAME":"Bagmarken","TIB":"616","BANENR":null,"FRA_KM":27.228,"TIL_KM":27.268,"FORKORTELSE":"Bmt","BANENR_NAVN":null,"HVDSTRK_NAVN":"(Høng) - (Tølløse) ","DELSTRK_NAVN":"(Høng) - (Tølløse) ","BTRTYPETEKST":"Trinbræt","BANEKLASSETEKST":"Privatbane"}},{"type":"Feature","id":368168,"geometry":{"type":"Polygon","coordinates":[[[11.70615,55.5446],[11.7061,55.54485],[11.70964,55.54499],[11.7143,55.54572],[11.71733,55.54645],[11.71752,55.54622],[11.71143,55.54493],[11.70619,55.5446],[11.70615,55.5446]]]},"properties":{"STRKAFS":616029,"NAVN":"Store Merløse","HOVER_NAME":"Store Merløse","TIB":"616","BANENR":null,"FRA_KM":28.57,"TIL_KM":29.32,"FORKORTELSE":"Sms","BANENR_NAVN":null,"HVDSTRK_NAVN":"(Høng) - (Tølløse) ","DELSTRK_NAVN":"(Høng) - (Tølløse) ","BTRTYPETEKST":"Station","BANEKLASSETEKST":"Privatbane"}},{"type":"Feature","id":368169,"geometry":{"type":"Polygon","coordinates":[[[11.71753,55.54623],[11.71733,55.54645],[11.73182,55.54999],[11.73578,55.55162],[11.74689,55.55868],[11.76261,55.56991],[11.763,55.56979],[11.74723,55.55852],[11.73608,55.55143],[11.73407,55.5505],[11.73133,55.54957],[11.71904,55.54659],[11.71753,55.54623]]]},"properties":{"STRKAFS":616030,"NAVN":"Store Merløse - Kirke Eskilstrup","HOVER_NAME":"Store Merløse - Kirke Eskilstrup","TIB":"616","BANENR":null,"FRA_KM":29.32,"TIL_KM":33.28,"FORKORTELSE":"Sms-Kek","BANENR_NAVN":null,"HVDSTRK_NAVN":"(Høng) - (Tølløse) ","DELSTRK_NAVN":"(Høng) - (Tølløse) ","BTRTYPETEKST":"Fri Bane","BANEKLASSETEKST":"Privatbane"}},{"type":"Feature","id":368170,"geometry":{"type":"Polygon","coordinates":[[[8.15395,56.57027],[8.15361,56.57023],[8.15077,56.57127],[8.14745,56.57306],[8.14481,56.57516],[8.14378,56.57631],[8.14301,56.57746],[8.14229,56.57914],[8.142,56.58067],[8.14196,56.58984],[8.14229,56.59147],[8.14894,56.6026],[8.14993,56.60365],[8.16015,56.61292],[8.16137,56.6138],[8.16279,56.6145],[8.17257,56.6179],[8.17281,56.61769],[8.16285,56.61421],[8.16149,56.61349],[8.16054,56.61279],[8.15032,56.60352],[8.14936,56.6025],[8.14273,56.59142],[8.14241,56.58983],[8.14246,56.58067],[8.14274,56.57918],[8.14345,56.57753],[8.1452,56.57528],[8.14738,56.5735],[8.15036,56.57178],[8.15406,56.57038],[8.15395,56.57027]]]},"properties":{"STRKAFS":665012,"NAVN":"Strande - Harboøre","HOVER_NAME":"Strande - Harboøre","TIB":"665","BANENR":null,"FRA_KM":10.81,"TIL_KM":17,"FORKORTELSE":"Sta-Hbø","BANENR_NAVN":null,"HVDSTRK_NAVN":"(Lemvig) - Thyborøn Havn","DELSTRK_NAVN":"(Lemvig) - Thyborøn Havn","BTRTYPETEKST":"Fri Bane","BANEKLASSETEKST":"Privatbane"}},{"type":"Feature","id":368171,"geometry":{"type":"Polygon","coordinates":[[[8.14329,56.57739],[8.14307,56.57735],[8.14287,56.57773],[8.14331,56.5778],[8.14351,56.57743],[8.14329,56.57739]]]},"properties":{"STRKAFS":665013,"NAVN":"Victoria Street Station","HOVER_NAME":"Victoria Street Station","TIB":"665","BANENR":null,"FRA_KM":11.86,"TIL_KM":11.9,"FORKORTELSE":"Vic","BANENR_NAVN":null,"HVDSTRK_NAVN":"(Lemvig) - Thyborøn Havn","DELSTRK_NAVN":"(Lemvig) - Thyborøn Havn","BTRTYPETEKST":"Trinbræt","BANEKLASSETEKST":"Privatbane"}},{"type":"Feature","id":368172,"geometry":{"type":"Polygon","coordinates":[[[8.14872,56.60154],[8.14859,56.60133],[8.14816,56.60141],[8.14841,56.60183],[8.14885,56.60175],[8.14872,56.60154]]]},"properties":{"STRKAFS":665015,"NAVN":"Vrist","HOVER_NAME":"Vrist","TIB":"665","BANENR":null,"FRA_KM":14.59,"TIL_KM":14.64,"FORKORTELSE":"Vri","BANENR_NAVN":null,"HVDSTRK_NAVN":"(Lemvig) - Thyborøn Havn","DELSTRK_NAVN":"(Lemvig) - Thyborøn Havn","BTRTYPETEKST":"Trinbræt","BANEKLASSETEKST":"Privatbane"}},{"type":"Feature","id":368173,"geometry":{"type":"Polygon","coordinates":[[[8.1731,56.61779],[8.17281,56.61769],[8.17257,56.6179],[8.1764,56.61927],[8.17826,56.62035],[8.17957,56.62173],[8.18057,56.62395],[8.18101,56.62389],[8.18,56.62165],[8.17875,56.62019],[8.17668,56.61907],[8.17351,56.61793],[8.1731,56.61779]]]},"properties":{"STRKAFS":665017,"NAVN":"Harboøre","HOVER_NAME":"Harboøre","TIB":"665","BANENR":null,"FRA_KM":17,"TIL_KM":17.88,"FORKORTELSE":"Hbø","BANENR_NAVN":null,"HVDSTRK_NAVN":"(Lemvig) - Thyborøn Havn","DELSTRK_NAVN":"(Lemvig) - Thyborøn Havn","BTRTYPETEKST":"Station","BANEKLASSETEKST":"Privatbane"}},{"type":"Feature","id":368174,"geometry":{"type":"Polygon","coordinates":[[[8.18115,56.62422],[8.18101,56.62389],[8.18057,56.62395],[8.19268,56.65224],[8.19312,56.65218],[8.18128,56.62452],[8.18115,56.62422]]]},"properties":{"STRKAFS":665018,"NAVN":"Harboøre - Rønland","HOVER_NAME":"Harboøre - Rønland","TIB":"665","BANENR":null,"FRA_KM":17.88,"TIL_KM":21.11,"FORKORTELSE":"Hbø-Røn","BANENR_NAVN":null,"HVDSTRK_NAVN":"(Lemvig) - Thyborøn Havn","DELSTRK_NAVN":"(Lemvig) - Thyborøn Havn","BTRTYPETEKST":"Fri Bane","BANEKLASSETEKST":"Privatbane"}},{"type":"Feature","id":368175,"geometry":{"type":"Polygon","coordinates":[[[8.19539,56.65748],[8.1959,56.65753],[8.19594,56.65743],[8.195,56.65658],[8.19312,56.65218],[8.19268,56.65224],[8.19618,56.66035],[8.19737,56.66194],[8.19777,56.66182],[8.19662,56.66028],[8.1954,56.6575],[8.19539,56.65748]]]},"properties":{"STRKAFS":665021,"NAVN":"Rønland","HOVER_NAME":"Rønland","TIB":"665","BANENR":null,"FRA_KM":21.11,"TIL_KM":22.22,"FORKORTELSE":"Røn","BANENR_NAVN":null,"HVDSTRK_NAVN":"(Lemvig) - Thyborøn Havn","DELSTRK_NAVN":"(Lemvig) - Thyborøn Havn","BTRTYPETEKST":"Station","BANEKLASSETEKST":"Privatbane"}},{"type":"Feature","id":368176,"geometry":{"type":"Polygon","coordinates":[[[12.37947,55.72535],[12.39631,55.72374],[12.39635,55.72395],[12.39867,55.72375],[12.39865,55.72357],[12.39963,55.72345],[12.41337,55.72216],[12.43145,55.72146],[12.43518,55.72108],[12.43509,55.72088],[12.43125,55.72131],[12.41284,55.72196],[12.4013,55.72307],[12.40121,55.72277],[12.40017,55.72295],[12.40032,55.7231],[12.40007,55.72317],[12.39844,55.72336],[12.37147,55.72584],[12.37157,55.72614],[12.37862,55.72543],[12.37947,55.72535]]]},"properties":{"STRKAFS":834014,"NAVN":"Herlev - Ballerup","HOVER_NAME":"Herlev - Ballerup","TIB":"830","BANENR":"83","FRA_KM":12.898000000000001,"TIL_KM":16.939,"FORKORTELSE":"Her-Ba","BANENR_NAVN":"(Valby) - Frederikssund","HVDSTRK_NAVN":"Valby - Frederikssund","DELSTRK_NAVN":"Vanløse - Ballerup","BTRTYPETEKST":"Fri Bane","BANEKLASSETEKST":"S-bane"}},{"type":"Feature","id":368177,"geometry":{"type":"Polygon","coordinates":[[[12.48012,55.6895],[12.47978,55.68948],[12.47753,55.69032],[12.47782,55.69056],[12.48025,55.68964],[12.48016,55.68955],[12.48012,55.6895]]]},"properties":{"STRKAFS":834105,"NAVN":"Jyllingevej","HOVER_NAME":"Jyllingevej","TIB":"830","BANENR":"83","FRA_KM":8.111,"TIL_KM":8.296000000000001,"FORKORTELSE":"Jyt","BANENR_NAVN":"(Valby) - Frederikssund","HVDSTRK_NAVN":"Valby - Frederikssund","DELSTRK_NAVN":"Vanløse - Ballerup","BTRTYPETEKST":"Trinbræt","BANEKLASSETEKST":"S-bane"}},{"type":"Feature","id":368178,"geometry":{"type":"Polygon","coordinates":[[[12.46998,55.69739],[12.46984,55.69737],[12.46898,55.69922],[12.46949,55.69928],[12.47024,55.69743],[12.47011,55.69741],[12.46998,55.69739]]]},"properties":{"STRKAFS":834107,"NAVN":"Islev","HOVER_NAME":"Islev","TIB":"830","BANENR":"83","FRA_KM":9.226,"TIL_KM":9.438,"FORKORTELSE":"Ist","BANENR_NAVN":"(Valby) - Frederikssund","HVDSTRK_NAVN":"Valby - Frederikssund","DELSTRK_NAVN":"Vanløse - Ballerup","BTRTYPETEKST":"Trinbræt","BANEKLASSETEKST":"S-bane"}},{"type":"Feature","id":368179,"geometry":{"type":"Polygon","coordinates":[[[12.46319,55.71053],[12.46399,55.70979],[12.46352,55.70964],[12.46277,55.71037],[12.46239,55.71028],[12.46214,55.71045],[12.46227,55.71053],[12.46206,55.71073],[12.46227,55.71085],[12.46207,55.71102],[12.46245,55.71116],[12.46318,55.71061],[12.46319,55.71053]]]},"properties":{"STRKAFS":834109,"NAVN":"Husum","HOVER_NAME":"Husum","TIB":"830","BANENR":"83","FRA_KM":10.66,"TIL_KM":10.84,"FORKORTELSE":"Hut","BANENR_NAVN":"(Valby) - Frederikssund","HVDSTRK_NAVN":"Valby - Frederikssund","DELSTRK_NAVN":"Vanløse - Ballerup","BTRTYPETEKST":"Trinbræt","BANEKLASSETEKST":"S-bane"}},{"type":"Feature","id":368180,"geometry":{"type":"Polygon","coordinates":[[[12.40124,55.72334],[12.40363,55.72311],[12.40355,55.72283],[12.4013,55.72307],[12.40121,55.72277],[12.40063,55.72284],[12.40079,55.72337],[12.40124,55.72334]]]},"properties":{"STRKAFS":834151,"NAVN":"Skovlunde","HOVER_NAME":"Skovlunde","TIB":"830","BANENR":"83","FRA_KM":14.896,"TIL_KM":15.077,"FORKORTELSE":"Sko","BANENR_NAVN":"(Valby) - Frederikssund","HVDSTRK_NAVN":"Valby - Frederikssund","DELSTRK_NAVN":"Vanløse - Ballerup","BTRTYPETEKST":"Trinbræt","BANEKLASSETEKST":"S-bane"}},{"type":"Feature","id":368181,"geometry":{"type":"Polygon","coordinates":[[[12.38795,55.72443],[12.38791,55.7243],[12.38503,55.72457],[12.38511,55.72486],[12.388,55.72459],[12.38796,55.72447],[12.38795,55.72443]]]},"properties":{"STRKAFS":834161,"NAVN":"Malmparken","HOVER_NAME":"Malmparken","TIB":"830","BANENR":"83","FRA_KM":15.892000000000001,"TIL_KM":16.076,"FORKORTELSE":"Mpt","BANENR_NAVN":"(Valby) - Frederikssund","HVDSTRK_NAVN":"Valby - Frederikssund","DELSTRK_NAVN":"Vanløse - Ballerup","BTRTYPETEKST":"Trinbræt","BANEKLASSETEKST":"S-bane"}},{"type":"Feature","id":368182,"geometry":{"type":"Polygon","coordinates":[[[12.37151,55.72596],[12.37147,55.72584],[12.36993,55.726],[12.36513,55.727],[12.35524,55.73046],[12.35213,55.73184],[12.35136,55.73229],[12.35143,55.73253],[12.34231,55.7363],[12.34265,55.73654],[12.34943,55.73374],[12.35339,55.73245],[12.35467,55.73194],[12.35549,55.73126],[12.35676,55.73061],[12.35945,55.72958],[12.3593,55.72945],[12.36362,55.72781],[12.36782,55.72667],[12.37157,55.72614],[12.37152,55.726],[12.37151,55.72596]]]},"properties":{"STRKAFS":835000,"NAVN":"Ballerup","HOVER_NAME":"Ballerup","TIB":"830","BANENR":"83","FRA_KM":16.939,"TIL_KM":19.12,"FORKORTELSE":"Ba","BANENR_NAVN":"(Valby) - Frederikssund","HVDSTRK_NAVN":"Valby - Frederikssund","DELSTRK_NAVN":"Ballerup","BTRTYPETEKST":"Station","BANEKLASSETEKST":"S-bane"}},{"type":"Feature","id":368183,"geometry":{"type":"Polygon","coordinates":[[[12.27943,55.75254],[12.30393,55.751],[12.30924,55.75055],[12.31101,55.75025],[12.31402,55.74942],[12.31633,55.74849],[12.32342,55.74525],[12.32657,55.74346],[12.32999,55.74181],[12.34265,55.73654],[12.34231,55.7363],[12.33266,55.74034],[12.31623,55.74795],[12.31517,55.7486],[12.31261,55.74954],[12.30806,55.75041],[12.27335,55.75268],[12.27113,55.75259],[12.26679,55.75211],[12.25622,55.75051],[12.24986,55.75006],[12.24981,55.75032],[12.25751,55.75087],[12.26965,55.75286],[12.27413,55.75304],[12.27765,55.75282],[12.2776,55.75266],[12.27882,55.75257],[12.27943,55.75254]]]},"properties":{"STRKAFS":836020,"NAVN":"Ballerup - Veksø","HOVER_NAME":"Ballerup - Veksø","TIB":"830","BANENR":"83","FRA_KM":19.12,"TIL_KM":25.515,"FORKORTELSE":"Ba-Vs","BANENR_NAVN":"(Valby) - Frederikssund","HVDSTRK_NAVN":"Valby - Frederikssund","DELSTRK_NAVN":"Ballerup - Frederikssund","BTRTYPETEKST":"Fri Bane","BANEKLASSETEKST":"S-bane"}},{"type":"Feature","id":368184,"geometry":{"type":"Polygon","coordinates":[[[12.31724,55.74807],[12.3192,55.74719],[12.31868,55.74684],[12.31645,55.74786],[12.31703,55.74816],[12.31724,55.74807]]]},"properties":{"STRKAFS":836021,"NAVN":"Måløv","HOVER_NAME":"Måløv","TIB":"830","BANENR":"83","FRA_KM":21.012,"TIL_KM":21.195,"FORKORTELSE":"Mw","BANENR_NAVN":"(Valby) - Frederikssund","HVDSTRK_NAVN":"Valby - Frederikssund","DELSTRK_NAVN":"Ballerup - Frederikssund","BTRTYPETEKST":"Trinbræt","BANEKLASSETEKST":"S-bane"}},{"type":"Feature","id":368185,"geometry":{"type":"Polygon","coordinates":[[[11.76328,55.57005],[11.763,55.56979],[11.76261,55.56991],[11.76363,55.571],[11.76436,55.57216],[11.76586,55.57725],[11.7663,55.57721],[11.76556,55.57422],[11.76494,55.57245],[11.76425,55.57118],[11.76328,55.57005],[11.76328,55.57005]]]},"properties":{"STRKAFS":616033,"NAVN":"Kirke Eskilstrup","HOVER_NAME":"Kirke Eskilstrup","TIB":"616","BANENR":null,"FRA_KM":33.28,"TIL_KM":34.129000000000005,"FORKORTELSE":"Kek","BANENR_NAVN":null,"HVDSTRK_NAVN":"(Høng) - (Tølløse) ","DELSTRK_NAVN":"(Høng) - (Tølløse) ","BTRTYPETEKST":"Station","BANEKLASSETEKST":"Privatbane"}},{"type":"Feature","id":368186,"geometry":{"type":"Polygon","coordinates":[[[11.76632,55.5773],[11.76586,55.57725],[11.77026,55.59285],[11.77124,55.59452],[11.77425,55.59756],[11.77523,55.59899],[11.77565,55.60012],[11.77726,55.60764],[11.77736,55.60799],[11.7776,55.60799],[11.77768,55.60749],[11.77595,55.59962],[11.77489,55.59773],[11.7718,55.59459],[11.77079,55.59303],[11.76641,55.5776],[11.76632,55.5773]]]},"properties":{"STRKAFS":616036,"NAVN":"Kirke Eskilstrup - Tølløse","HOVER_NAME":"Kirke Eskilstrup - Tølløse","TIB":"616","BANENR":null,"FRA_KM":34.129000000000005,"TIL_KM":37.628,"FORKORTELSE":"Kek-Tø","BANENR_NAVN":null,"HVDSTRK_NAVN":"(Høng) - (Tølløse) ","DELSTRK_NAVN":"(Høng) - (Tølløse) ","BTRTYPETEKST":"Fri Bane","BANEKLASSETEKST":"Privatbane"}},{"type":"Feature","id":368187,"geometry":{"type":"Polygon","coordinates":[[[12.18946,55.42859],[12.18924,55.42859],[12.1879,55.43978],[12.1873,55.44151],[12.18446,55.44794],[12.18443,55.44831],[12.18474,55.44834],[12.18773,55.44157],[12.18834,55.43981],[12.18968,55.4286],[12.18946,55.42859]]]},"properties":{"STRKAFS":618002,"NAVN":"Køge - Egøje","HOVER_NAME":"Køge - Egøje","TIB":"618,1004","BANENR":null,"FRA_KM":0.47700000000000004,"TIL_KM":2.7,"FORKORTELSE":"Kj-Egø","BANENR_NAVN":null,"HVDSTRK_NAVN":"(Køge) - Faxe Ladeplads","DELSTRK_NAVN":"(Køge) - Faxe Ladeplads","BTRTYPETEKST":"Fri Bane","BANEKLASSETEKST":"Privatbane"}},{"type":"Feature","id":368188,"geometry":{"type":"Polygon","coordinates":[[[12.1904,55.42078],[12.19018,55.42078],[12.18924,55.42859],[12.18968,55.4286],[12.19038,55.42395],[12.19062,55.42079],[12.1904,55.42078]]]},"properties":{"STRKAFS":618003,"NAVN":"Egøje","HOVER_NAME":"Egøje","TIB":"618","BANENR":null,"FRA_KM":2.7,"TIL_KM":3.58,"FORKORTELSE":"Egø","BANENR_NAVN":null,"HVDSTRK_NAVN":"(Køge) - Faxe Ladeplads","DELSTRK_NAVN":"(Køge) - Faxe Ladeplads","BTRTYPETEKST":"Station","BANEKLASSETEKST":"Privatbane"}},{"type":"Feature","id":368189,"geometry":{"type":"Polygon","coordinates":[[[12.19223,55.40344],[12.19201,55.40344],[12.19197,55.40588],[12.19018,55.42078],[12.19062,55.42079],[12.19241,55.40589],[12.19245,55.40344],[12.19223,55.40344]]]},"properties":{"STRKAFS":618004,"NAVN":"Egeøje - Vallø","HOVER_NAME":"Egeøje - Vallø","TIB":"618","BANENR":null,"FRA_KM":3.58,"TIL_KM":5.51,"FORKORTELSE":"Egø-Vlø","BANENR_NAVN":null,"HVDSTRK_NAVN":"(Køge) - Faxe Ladeplads","DELSTRK_NAVN":"(Køge) - Faxe Ladeplads","BTRTYPETEKST":"Fri Bane","BANEKLASSETEKST":"Privatbane"}},{"type":"Feature","id":368190,"geometry":{"type":"Polygon","coordinates":[[[12.19228,55.39598],[12.19183,55.396],[12.19181,55.39949],[12.19201,55.40344],[12.19245,55.40344],[12.19228,55.39599],[12.19228,55.39598]]]},"properties":{"STRKAFS":618005,"NAVN":"Vallø","HOVER_NAME":"Vallø","TIB":"618","BANENR":null,"FRA_KM":5.51,"TIL_KM":6.34,"FORKORTELSE":"Vlø","BANENR_NAVN":null,"HVDSTRK_NAVN":"(Køge) - Faxe Ladeplads","DELSTRK_NAVN":"(Køge) - Faxe Ladeplads","BTRTYPETEKST":"Station","BANEKLASSETEKST":"Privatbane"}},{"type":"Feature","id":368191,"geometry":{"type":"Polygon","coordinates":[[[12.19697,55.38259],[12.1968,55.38251],[12.19541,55.38332],[12.19374,55.38463],[12.19276,55.38576],[12.1921,55.38699],[12.19168,55.38891],[12.19183,55.396],[12.19228,55.39598],[12.19212,55.38891],[12.19253,55.38704],[12.19318,55.38585],[12.19412,55.38476],[12.19526,55.38381],[12.19714,55.38267],[12.19697,55.38259]]]},"properties":{"STRKAFS":618008,"NAVN":"Vallø - Grubberholm","HOVER_NAME":"Vallø - Grubberholm","TIB":"618","BANENR":null,"FRA_KM":6.34,"TIL_KM":7.9,"FORKORTELSE":"Vlø-Grh","BANENR_NAVN":null,"HVDSTRK_NAVN":"(Køge) - Faxe Ladeplads","DELSTRK_NAVN":"(Køge) - Faxe Ladeplads","BTRTYPETEKST":"Fri Bane","BANEKLASSETEKST":"Privatbane"}},{"type":"Feature","id":368192,"geometry":{"type":"Polygon","coordinates":[[[8.19801,56.66206],[8.19777,56.66182],[8.19737,56.66194],[8.19931,56.66353],[8.22137,56.67811],[8.22261,56.67927],[8.22341,56.68065],[8.22361,56.68193],[8.22334,56.6832],[8.22144,56.68676],[8.22062,56.68772],[8.21964,56.68841],[8.21841,56.68898],[8.21171,56.69108],[8.21038,56.69162],[8.20883,56.69267],[8.20798,56.69376],[8.2067,56.698],[8.20668,56.69882],[8.20694,56.69966],[8.20789,56.70101],[8.20878,56.70179],[8.20991,56.70241],[8.21235,56.70334],[8.21261,56.70314],[8.2102,56.70222],[8.20883,56.7014],[8.2081,56.70064],[8.20732,56.69944],[8.20713,56.69875],[8.20716,56.69802],[8.20842,56.69383],[8.20933,56.69271],[8.21076,56.69177],[8.21867,56.68919],[8.21996,56.68859],[8.22101,56.68786],[8.22188,56.68684],[8.22378,56.68326],[8.22407,56.68194],[8.22386,56.6806],[8.22303,56.67916],[8.22155,56.67783],[8.19966,56.66337],[8.19833,56.66236],[8.19801,56.66206]]]},"properties":{"STRKAFS":665024,"NAVN":"Rønland - Thyborøn Havn","HOVER_NAME":"Rønland - Thyborøn Havn","TIB":"665","BANENR":null,"FRA_KM":22.22,"TIL_KM":27.92,"FORKORTELSE":"Røn-Thb","BANENR_NAVN":null,"HVDSTRK_NAVN":"(Lemvig) - Thyborøn Havn","DELSTRK_NAVN":"(Lemvig) - Thyborøn Havn","BTRTYPETEKST":"Fri Bane","BANEKLASSETEKST":"Privatbane"}},{"type":"Feature","id":368193,"geometry":{"type":"Polygon","coordinates":[[[8.20988,56.69209],[8.20971,56.69201],[8.20921,56.69236],[8.20958,56.6925],[8.21005,56.69217],[8.20988,56.69209]]]},"properties":{"STRKAFS":665025,"NAVN":"Sprogøvej","HOVER_NAME":"Sprogøvej","TIB":"665","BANENR":null,"FRA_KM":25.52,"TIL_KM":25.560000000000002,"FORKORTELSE":"Ths","BANENR_NAVN":null,"HVDSTRK_NAVN":"(Lemvig) - Thyborøn Havn","DELSTRK_NAVN":"(Lemvig) - Thyborøn Havn","BTRTYPETEKST":"Trinbræt","BANEKLASSETEKST":"Privatbane"}},{"type":"Feature","id":368194,"geometry":{"type":"Polygon","coordinates":[[[8.20693,56.69801],[8.2067,56.698],[8.20666,56.69838],[8.20712,56.69839],[8.20716,56.69802],[8.20693,56.69801]]]},"properties":{"STRKAFS":665027,"NAVN":"Thyborøn Kirke","HOVER_NAME":"Thyborøn Kirke","TIB":"665","BANENR":null,"FRA_KM":27.2,"TIL_KM":27.25,"FORKORTELSE":"Tht","BANENR_NAVN":null,"HVDSTRK_NAVN":"(Lemvig) - Thyborøn Havn","DELSTRK_NAVN":"(Lemvig) - Thyborøn Havn","BTRTYPETEKST":"Trinbræt","BANEKLASSETEKST":"Privatbane"}},{"type":"Feature","id":368195,"geometry":{"type":"Polygon","coordinates":[[[8.21277,56.7032],[8.21261,56.70314],[8.21235,56.70334],[8.21897,56.70585],[8.21933,56.70576],[8.21923,56.70559],[8.21831,56.7052],[8.213,56.70328],[8.21277,56.7032]]]},"properties":{"STRKAFS":665029,"NAVN":"Thyborøn Havn","HOVER_NAME":"Thyborøn Havn","TIB":"665","BANENR":null,"FRA_KM":27.92,"TIL_KM":28.5,"FORKORTELSE":"Thb","BANENR_NAVN":null,"HVDSTRK_NAVN":"(Lemvig) - Thyborøn Havn","DELSTRK_NAVN":"(Lemvig) - Thyborøn Havn","BTRTYPETEKST":"Station","BANEKLASSETEKST":"Privatbane"}},{"type":"Feature","id":368196,"geometry":{"type":"Polygon","coordinates":[[[12.28829,55.75203],[12.28826,55.75164],[12.2854,55.75185],[12.28546,55.75214],[12.28638,55.75216],[12.28829,55.75203]]]},"properties":{"STRKAFS":836023,"NAVN":"Kildedal","HOVER_NAME":"Kildedal","TIB":"830","BANENR":"83","FRA_KM":23.061,"TIL_KM":23.242,"FORKORTELSE":"Kid","BANENR_NAVN":"(Valby) - Frederikssund","HVDSTRK_NAVN":"Valby - Frederikssund","DELSTRK_NAVN":"Ballerup - Frederikssund","BTRTYPETEKST":"Trinbræt","BANEKLASSETEKST":"S-bane"}},{"type":"Feature","id":368197,"geometry":{"type":"Polygon","coordinates":[[[12.22321,55.7531],[12.2232,55.75298],[12.22459,55.75292],[12.22744,55.7524],[12.23182,55.75125],[12.236,55.75037],[12.24104,55.75006],[12.24981,55.75032],[12.24986,55.75006],[12.24217,55.74973],[12.23752,55.74996],[12.23338,55.75059],[12.22579,55.75238],[12.22204,55.75287],[12.22205,55.7531],[12.22224,55.75307],[12.22227,55.75321],[12.22321,55.7531]]]},"properties":{"STRKAFS":836025,"NAVN":"Veksø","HOVER_NAME":"Veksø","TIB":"830","BANENR":"83","FRA_KM":25.515,"TIL_KM":27.318,"FORKORTELSE":"Vs","BANENR_NAVN":"(Valby) - Frederikssund","HVDSTRK_NAVN":"Valby - Frederikssund","DELSTRK_NAVN":"Ballerup - Frederikssund","BTRTYPETEKST":"Station","BANEKLASSETEKST":"S-bane"}},{"type":"Feature","id":368198,"geometry":{"type":"Polygon","coordinates":[[[12.2175,55.75328],[12.22205,55.7531],[12.22204,55.75287],[12.21695,55.75309],[12.21163,55.75393],[12.19746,55.75824],[12.19558,55.75912],[12.19373,55.76026],[12.19224,55.76163],[12.19051,55.76374],[12.18949,55.76651],[12.18918,55.76774],[12.18928,55.76856],[12.18917,55.76895],[12.18746,55.7739],[12.1862,55.77722],[12.18532,55.77884],[12.18473,55.7804],[12.18474,55.78113],[12.18371,55.78318],[12.18221,55.78482],[12.17951,55.78676],[12.16934,55.7914],[12.16961,55.79157],[12.17949,55.78706],[12.1821,55.78538],[12.18347,55.78418],[12.18439,55.78298],[12.18455,55.78297],[12.18524,55.78184],[12.18572,55.78066],[12.18552,55.78046],[12.18558,55.78019],[12.1861,55.779],[12.18669,55.77687],[12.18818,55.77288],[12.18882,55.77186],[12.18913,55.77102],[12.18896,55.7708],[12.18915,55.77016],[12.19044,55.76655],[12.19072,55.7665],[12.19088,55.76612],[12.19163,55.76311],[12.19285,55.76143],[12.19442,55.7601],[12.19744,55.75852],[12.2044,55.75635],[12.21216,55.7541],[12.21701,55.75333],[12.2175,55.75328]]]},"properties":{"STRKAFS":836028,"NAVN":"Veksø - Ølstykke","HOVER_NAME":"Veksø - Ølstykke","TIB":"830","BANENR":"83","FRA_KM":27.318,"TIL_KM":33.256,"FORKORTELSE":"Vs-Øl","BANENR_NAVN":"(Valby) - Frederikssund","HVDSTRK_NAVN":"Valby - Frederikssund","DELSTRK_NAVN":"Ballerup - Frederikssund","BTRTYPETEKST":"Fri Bane","BANEKLASSETEKST":"S-bane"}},{"type":"Feature","id":368199,"geometry":{"type":"Polygon","coordinates":[[[12.18967,55.76801],[12.18992,55.76728],[12.19019,55.76731],[12.19044,55.76655],[12.19072,55.7665],[12.19098,55.76577],[12.19048,55.76572],[12.19023,55.76643],[12.18955,55.76635],[12.18918,55.76774],[12.1892,55.76796],[12.18961,55.768],[12.18967,55.76801]]]},"properties":{"STRKAFS":836029,"NAVN":"Stenløse","HOVER_NAME":"Stenløse","TIB":"830","BANENR":"83","FRA_KM":29.952,"TIL_KM":30.216,"FORKORTELSE":"St","BANENR_NAVN":"(Valby) - Frederikssund","HVDSTRK_NAVN":"Valby - Frederikssund","DELSTRK_NAVN":"Ballerup - Frederikssund","BTRTYPETEKST":"Trinbræt","BANEKLASSETEKST":"S-bane"}},{"type":"Feature","id":368200,"geometry":{"type":"Polygon","coordinates":[[[12.18576,55.77889],[12.18532,55.77884],[12.18474,55.78043],[12.18558,55.78052],[12.18558,55.78019],[12.1861,55.779],[12.18587,55.7789],[12.18576,55.77889]]]},"properties":{"STRKAFS":836031,"NAVN":"Egedal","HOVER_NAME":"Egedal","TIB":"830","BANENR":"83","FRA_KM":31.447000000000003,"TIL_KM":31.628,"FORKORTELSE":"Egd","BANENR_NAVN":"(Valby) - Frederikssund","HVDSTRK_NAVN":"Valby - Frederikssund","DELSTRK_NAVN":"Ballerup - Frederikssund","BTRTYPETEKST":"Trinbræt","BANEKLASSETEKST":"S-bane"}},{"type":"Feature","id":368201,"geometry":{"type":"Polygon","coordinates":[[[12.15786,55.79631],[12.1584,55.79631],[12.16005,55.79584],[12.1627,55.79487],[12.16409,55.79399],[12.16961,55.79157],[12.16934,55.7914],[12.16338,55.79408],[12.15853,55.7959],[12.15034,55.79832],[12.14697,55.79972],[12.14731,55.79988],[12.14894,55.79907],[12.1509,55.79838],[12.15733,55.79648],[12.15786,55.79631]]]},"properties":{"STRKAFS":836033,"NAVN":"Ølstykke","HOVER_NAME":"Ølstykke","TIB":"830","BANENR":"83","FRA_KM":33.256,"TIL_KM":34.93,"FORKORTELSE":"Øl","BANENR_NAVN":"(Valby) - Frederikssund","HVDSTRK_NAVN":"Valby - Frederikssund","DELSTRK_NAVN":"Ballerup - Frederikssund","BTRTYPETEKST":"Station","BANEKLASSETEKST":"S-bane"}},{"type":"Feature","id":368202,"geometry":{"type":"Polygon","coordinates":[[[12.08573,55.81855],[12.08601,55.81843],[12.08658,55.81851],[12.08713,55.81787],[12.09519,55.81392],[12.09917,55.81253],[12.10281,55.81164],[12.10773,55.8109],[12.1247,55.80977],[12.12841,55.80906],[12.13253,55.80794],[12.13551,55.80667],[12.14731,55.79988],[12.14697,55.79972],[12.14661,55.79987],[12.14244,55.80233],[12.13892,55.80416],[12.13548,55.80628],[12.13273,55.80746],[12.1289,55.80869],[12.1262,55.80929],[12.122,55.80981],[12.10921,55.81057],[12.10921,55.81046],[12.10803,55.81041],[12.10787,55.81071],[12.10433,55.81112],[12.1,55.81204],[12.09581,55.81342],[12.09257,55.81487],[12.07818,55.82218],[12.07528,55.8243],[12.07217,55.82796],[12.07252,55.82804],[12.07558,55.82448],[12.0778,55.82269],[12.079,55.82195],[12.08491,55.81898],[12.08573,55.81855]]]},"properties":{"STRKAFS":836036,"NAVN":"Ølstykke - Frederikssund","HOVER_NAME":"Ølstykke - Frederikssund","TIB":"830","BANENR":"83","FRA_KM":34.93,"TIL_KM":40.851,"FORKORTELSE":"Øl-Fs","BANENR_NAVN":"(Valby) - Frederikssund","HVDSTRK_NAVN":"Valby - Frederikssund","DELSTRK_NAVN":"Ballerup - Frederikssund","BTRTYPETEKST":"Fri Bane","BANEKLASSETEKST":"S-bane"}},{"type":"Feature","id":368203,"geometry":{"type":"Polygon","coordinates":[[[12.11811,55.81013],[12.11809,55.81],[12.11523,55.81018],[12.11528,55.81046],[12.11814,55.81028],[12.11812,55.81017],[12.11811,55.81013]]]},"properties":{"STRKAFS":836037,"NAVN":"Vinge","HOVER_NAME":"Vinge","TIB":"830","BANENR":"83","FRA_KM":37.175000000000004,"TIL_KM":37.355000000000004,"FORKORTELSE":"Vng","BANENR_NAVN":"(Valby) - Frederikssund","HVDSTRK_NAVN":"Valby - Frederikssund","DELSTRK_NAVN":"Ballerup - Frederikssund","BTRTYPETEKST":"Trinbræt","BANEKLASSETEKST":"S-bane"}},{"type":"Feature","id":368204,"geometry":{"type":"Polygon","coordinates":[[[12.20551,55.3779],[12.20535,55.37781],[12.1968,55.38251],[12.19714,55.38267],[12.20567,55.37799],[12.20551,55.3779]]]},"properties":{"STRKAFS":618009,"NAVN":"Grubberholm","HOVER_NAME":"Grubberholm","TIB":"618","BANENR":null,"FRA_KM":7.9,"TIL_KM":8.75,"FORKORTELSE":"Grh","BANENR_NAVN":null,"HVDSTRK_NAVN":"(Køge) - Faxe Ladeplads","DELSTRK_NAVN":"(Køge) - Faxe Ladeplads","BTRTYPETEKST":"Station","BANEKLASSETEKST":"Privatbane"}},{"type":"Feature","id":368205,"geometry":{"type":"Polygon","coordinates":[[[12.22824,55.35595],[12.22802,55.35593],[12.22747,55.35717],[12.22168,55.36721],[12.22007,55.36917],[12.21745,55.37113],[12.20535,55.37781],[12.20567,55.37799],[12.21726,55.3716],[12.21905,55.37046],[12.22045,55.36929],[12.22218,55.36716],[12.22789,55.35725],[12.22846,55.35597],[12.22824,55.35595]]]},"properties":{"STRKAFS":618010,"NAVN":"Grubberholm - Hårlev","HOVER_NAME":"Grubberholm - Hårlev","TIB":"618","BANENR":null,"FRA_KM":8.75,"TIL_KM":11.59,"FORKORTELSE":"Grh-Hrl","BANENR_NAVN":null,"HVDSTRK_NAVN":"(Køge) - Faxe Ladeplads","DELSTRK_NAVN":"(Køge) - Faxe Ladeplads","BTRTYPETEKST":"Fri Bane","BANEKLASSETEKST":"Privatbane"}},{"type":"Feature","id":368206,"geometry":{"type":"Polygon","coordinates":[[[12.21574,55.37225],[12.21561,55.37216],[12.21455,55.37275],[12.21487,55.37292],[12.21591,55.37235],[12.21574,55.37225]]]},"properties":{"STRKAFS":618011,"NAVN":"Himlingøje","HOVER_NAME":"Himlingøje","TIB":"618","BANENR":null,"FRA_KM":9.48,"TIL_KM":9.58,"FORKORTELSE":"Hmø","BANENR_NAVN":null,"HVDSTRK_NAVN":"(Køge) - Faxe Ladeplads","DELSTRK_NAVN":"(Køge) - Faxe Ladeplads","BTRTYPETEKST":"Trinbræt","BANEKLASSETEKST":"Privatbane"}},{"type":"Feature","id":368207,"geometry":{"type":"Polygon","coordinates":[[[12.22859,55.35437],[12.22857,55.35424],[12.22899,55.35465],[12.22937,55.35453],[12.22866,55.35368],[12.22516,55.34728],[12.22473,55.34734],[12.2279,55.3533],[12.22817,55.35456],[12.22802,55.35593],[12.22846,55.35597],[12.22861,55.35455],[12.22859,55.35437]]]},"properties":{"STRKAFS":618013,"NAVN":"Hårlev","HOVER_NAME":"Hårlev","TIB":"618,619","BANENR":null,"FRA_KM":11.59,"TIL_KM":12.58,"FORKORTELSE":"Hrl","BANENR_NAVN":null,"HVDSTRK_NAVN":"(Køge) - Faxe Ladeplads","DELSTRK_NAVN":"(Køge) - Faxe Ladeplads","BTRTYPETEKST":"Station","BANEKLASSETEKST":"Privatbane"}},{"type":"Feature","id":368208,"geometry":{"type":"Polygon","coordinates":[[[12.19993,55.30873],[12.19958,55.3089],[12.20217,55.3101],[12.20385,55.31118],[12.20512,55.31234],[12.20586,55.31331],[12.21406,55.32732],[12.22473,55.34734],[12.22516,55.34728],[12.21448,55.32725],[12.20627,55.31322],[12.20551,55.31222],[12.20408,55.31094],[12.20247,55.30992],[12.20042,55.30895],[12.19993,55.30873]]]},"properties":{"STRKAFS":618014,"NAVN":"Hårlev - Karise","HOVER_NAME":"Hårlev - Karise","TIB":"618","BANENR":null,"FRA_KM":12.58,"TIL_KM":17.21,"FORKORTELSE":"Hrl-Kri","BANENR_NAVN":null,"HVDSTRK_NAVN":"(Køge) - Faxe Ladeplads","DELSTRK_NAVN":"(Køge) - Faxe Ladeplads","BTRTYPETEKST":"Fri Bane","BANEKLASSETEKST":"Privatbane"}},{"type":"Feature","id":368209,"geometry":{"type":"Polygon","coordinates":[[[12.21947,55.33659],[12.21929,55.33625],[12.21886,55.33632],[12.21922,55.337],[12.21964,55.33693],[12.21947,55.33659]]]},"properties":{"STRKAFS":618015,"NAVN":"Lille Linde","HOVER_NAME":"Lille Linde","TIB":"618","BANENR":null,"FRA_KM":13.780000000000001,"TIL_KM":13.870000000000001,"FORKORTELSE":"Lli","BANENR_NAVN":null,"HVDSTRK_NAVN":"(Køge) - Faxe Ladeplads","DELSTRK_NAVN":"(Køge) - Faxe Ladeplads","BTRTYPETEKST":"Trinbræt","BANEKLASSETEKST":"Privatbane"}},{"type":"Feature","id":368210,"geometry":{"type":"Polygon","coordinates":[[[8.35131,56.34901],[8.35114,56.34863],[8.35084,56.34867],[8.3512,56.34962],[8.35099,56.3509],[8.35067,56.35169],[8.32168,56.40511],[8.32066,56.40624],[8.31924,56.40719],[8.31115,56.41057],[8.31141,56.41077],[8.31955,56.40737],[8.32104,56.40638],[8.32211,56.4052],[8.35111,56.35177],[8.35151,56.35064],[8.35153,56.34959],[8.35131,56.34901]]]},"properties":{"STRKAFS":666002,"NAVN":"Vemb - Bækmarksbro","HOVER_NAME":"Vemb - Bækmarksbro","TIB":"666,1031","BANENR":null,"FRA_KM":0.61,"TIL_KM":8.06,"FORKORTELSE":"Vem-Bkm","BANENR_NAVN":null,"HVDSTRK_NAVN":"(Vemb) - Lemvig","DELSTRK_NAVN":"(Vemb) - Lemvig","BTRTYPETEKST":"Fri Bane","BANEKLASSETEKST":"Privatbane"}},{"type":"Feature","id":368211,"geometry":{"type":"Polygon","coordinates":[[[8.32989,56.39051],[8.32967,56.39048],[8.32947,56.39084],[8.32991,56.39091],[8.3301,56.39055],[8.32989,56.39051]]]},"properties":{"STRKAFS":666005,"NAVN":"Amstrup","HOVER_NAME":"Amstrup","TIB":"666","BANENR":null,"FRA_KM":5.45,"TIL_KM":5.5,"FORKORTELSE":"Amt","BANENR_NAVN":null,"HVDSTRK_NAVN":"(Vemb) - Lemvig","DELSTRK_NAVN":"(Vemb) - Lemvig","BTRTYPETEKST":"Trinbræt","BANEKLASSETEKST":"Privatbane"}},{"type":"Feature","id":368212,"geometry":{"type":"Polygon","coordinates":[[[8.31128,56.41067],[8.31115,56.41057],[8.3083,56.41169],[8.30669,56.41257],[8.30496,56.41413],[8.304,56.41564],[8.30444,56.4157],[8.30537,56.41424],[8.30701,56.41281],[8.30854,56.41196],[8.31141,56.41077],[8.31128,56.41067]]]},"properties":{"STRKAFS":666009,"NAVN":"Bækmarksbro","HOVER_NAME":"Bækmarksbro","TIB":"666","BANENR":null,"FRA_KM":8.06,"TIL_KM":8.790000000000001,"FORKORTELSE":"Bkm","BANENR_NAVN":null,"HVDSTRK_NAVN":"(Vemb) - Lemvig","DELSTRK_NAVN":"(Vemb) - Lemvig","BTRTYPETEKST":"Station","BANEKLASSETEKST":"Privatbane"}},{"type":"Feature","id":368213,"geometry":{"type":"Polygon","coordinates":[[[8.30422,56.41567],[8.304,56.41564],[8.30379,56.41625],[8.30213,56.42365],[8.30159,56.42463],[8.30085,56.42542],[8.26468,56.45157],[8.26504,56.45173],[8.30124,56.42555],[8.30211,56.42458],[8.30263,56.42354],[8.30444,56.4157],[8.30422,56.41567]]]},"properties":{"STRKAFS":666010,"NAVN":"Bækmarksbro - Fåre","HOVER_NAME":"Bækmarksbro - Fåre","TIB":"666","BANENR":null,"FRA_KM":8.790000000000001,"TIL_KM":13.56,"FORKORTELSE":"Bkm-Fre","BANENR_NAVN":null,"HVDSTRK_NAVN":"(Vemb) - Lemvig","DELSTRK_NAVN":"(Vemb) - Lemvig","BTRTYPETEKST":"Fri Bane","BANEKLASSETEKST":"Privatbane"}},{"type":"Feature","id":368214,"geometry":{"type":"Polygon","coordinates":[[[8.28404,56.4377],[8.28386,56.43762],[8.28344,56.43792],[8.28381,56.43807],[8.28422,56.43777],[8.28404,56.4377]]]},"properties":{"STRKAFS":666011,"NAVN":"Sinkbæk","HOVER_NAME":"Sinkbæk","TIB":"666","BANENR":null,"FRA_KM":11.61,"TIL_KM":11.66,"FORKORTELSE":"Sit","BANENR_NAVN":null,"HVDSTRK_NAVN":"(Vemb) - Lemvig","DELSTRK_NAVN":"(Vemb) - Lemvig","BTRTYPETEKST":"Trinbræt","BANEKLASSETEKST":"Privatbane"}},{"type":"Feature","id":368215,"geometry":{"type":"Polygon","coordinates":[[[12.07084,55.83005],[12.07252,55.82804],[12.07217,55.82796],[12.06969,55.83056],[12.06708,55.83231],[12.06574,55.83387],[12.06656,55.83412],[12.06511,55.83585],[12.065,55.83608],[12.06515,55.83623],[12.06576,55.83633],[12.06609,55.83613],[12.06565,55.8359],[12.06581,55.83567],[12.06683,55.8347],[12.07016,55.83084],[12.07084,55.83005]]]},"properties":{"STRKAFS":837000,"NAVN":"Frederikssund","HOVER_NAME":"Frederikssund","TIB":"830","BANENR":"83","FRA_KM":40.851,"TIL_KM":41.836,"FORKORTELSE":"Fs","BANENR_NAVN":"(Valby) - Frederikssund","HVDSTRK_NAVN":"Valby - Frederikssund","DELSTRK_NAVN":"Frederikssund","BTRTYPETEKST":"Station","BANEKLASSETEKST":"S-bane"}},{"type":"Feature","id":368216,"geometry":{"type":"Polygon","coordinates":[[[12.54979,55.71177],[12.55226,55.71186],[12.55529,55.71273],[12.55631,55.71317],[12.55789,55.71415],[12.56125,55.71654],[12.56262,55.71695],[12.56275,55.71678],[12.56096,55.71608],[12.55857,55.71434],[12.55664,55.71318],[12.5542,55.71221],[12.55197,55.71159],[12.55053,55.71151],[12.54884,55.71169],[12.54766,55.71203],[12.54671,55.71253],[12.54601,55.71314],[12.54507,55.71492],[12.5406,55.72086],[12.54003,55.72179],[12.53923,55.72431],[12.53821,55.72666],[12.53872,55.72671],[12.54011,55.7229],[12.54093,55.72133],[12.54538,55.71535],[12.54632,55.71393],[12.54665,55.71295],[12.54707,55.71257],[12.54781,55.71225],[12.54947,55.71181],[12.54979,55.71177]]]},"properties":{"STRKAFS":842008,"NAVN":"Svanemøllen - Dyssegård","HOVER_NAME":"Svanemøllen - Dyssegård","TIB":"840","BANENR":"84","FRA_KM":6.937,"TIL_KM":9.85,"FORKORTELSE":"Sam-Dyt","BANENR_NAVN":"(Svanemøllen) - Farum","HVDSTRK_NAVN":"Svanemøllen - Farum","DELSTRK_NAVN":"Svanemøllen - Farum","BTRTYPETEKST":"Fri Bane","BANEKLASSETEKST":"S-bane"}},{"type":"Feature","id":368217,"geometry":{"type":"Polygon","coordinates":[[[12.53843,55.72668],[12.53821,55.72666],[12.53651,55.73119],[12.53564,55.73252],[12.53479,55.73362],[12.53345,55.73496],[12.5312,55.73647],[12.53146,55.73663],[12.53409,55.73492],[12.53501,55.73408],[12.53624,55.73253],[12.53706,55.73105],[12.53784,55.72872],[12.53872,55.72671],[12.5385,55.72669],[12.53843,55.72668]]]},"properties":{"STRKAFS":842011,"NAVN":"Dyssegård","HOVER_NAME":"Dyssegård","TIB":"840","BANENR":"84","FRA_KM":9.85,"TIL_KM":11.06,"FORKORTELSE":"Dyt","BANENR_NAVN":"(Svanemøllen) - Farum","HVDSTRK_NAVN":"Svanemøllen - Farum","DELSTRK_NAVN":"Svanemøllen - Farum","BTRTYPETEKST":"Station","BANEKLASSETEKST":"S-bane"}},{"type":"Feature","id":368218,"geometry":{"type":"Polygon","coordinates":[[[12.50834,55.74476],[12.52714,55.73848],[12.53146,55.73663],[12.5312,55.73647],[12.52809,55.73789],[12.52315,55.73942],[12.5121,55.74321],[12.5038,55.74572],[12.50398,55.746],[12.50781,55.74498],[12.50834,55.74476]]]},"properties":{"STRKAFS":842012,"NAVN":"Dyssegård - Buddinge","HOVER_NAME":"Dyssegård - Buddinge","TIB":"840","BANENR":"84","FRA_KM":11.06,"TIL_KM":13.079,"FORKORTELSE":"Dyt-Bud","BANENR_NAVN":"(Svanemøllen) - Farum","HVDSTRK_NAVN":"Svanemøllen - Farum","DELSTRK_NAVN":"Svanemøllen - Farum","BTRTYPETEKST":"Fri Bane","BANEKLASSETEKST":"S-bane"}},{"type":"Feature","id":368219,"geometry":{"type":"Polygon","coordinates":[[[12.48915,55.7478],[12.48976,55.74787],[12.49452,55.74731],[12.50398,55.746],[12.5038,55.74572],[12.50176,55.74609],[12.49011,55.74751],[12.49004,55.74739],[12.48945,55.74746],[12.48587,55.7481],[12.48342,55.74886],[12.4836,55.74901],[12.48608,55.74828],[12.48838,55.74789],[12.48915,55.7478]]]},"properties":{"STRKAFS":842013,"NAVN":"Buddinge","HOVER_NAME":"Buddinge","TIB":"840","BANENR":"84","FRA_KM":13.079,"TIL_KM":14.407,"FORKORTELSE":"Bud","BANENR_NAVN":"(Svanemøllen) - Farum","HVDSTRK_NAVN":"Svanemøllen - Farum","DELSTRK_NAVN":"Svanemøllen - Farum","BTRTYPETEKST":"Station","BANEKLASSETEKST":"S-bane"}},{"type":"Feature","id":368220,"geometry":{"type":"Polygon","coordinates":[[[12.44122,55.7657],[12.44284,55.76538],[12.44956,55.7627],[12.45209,55.76201],[12.46506,55.76061],[12.46779,55.75988],[12.46973,55.75901],[12.4736,55.75669],[12.47712,55.75396],[12.47833,55.75251],[12.47982,55.7511],[12.47973,55.75103],[12.48175,55.7499],[12.48166,55.74984],[12.4836,55.74901],[12.48342,55.74886],[12.48194,55.74947],[12.47981,55.75068],[12.47841,55.75195],[12.47625,55.75442],[12.46976,55.75864],[12.46834,55.75939],[12.46794,55.75912],[12.46764,55.75925],[12.468,55.75956],[12.46775,55.75965],[12.46407,55.76055],[12.45187,55.76176],[12.45007,55.76228],[12.44319,55.76495],[12.44173,55.76535],[12.43869,55.76568],[12.43716,55.7656],[12.43333,55.76498],[12.42984,55.76392],[12.42858,55.76327],[12.42324,55.76134],[12.4221,55.76106],[12.42015,55.76089],[12.41765,55.76098],[12.41534,55.76157],[12.41149,55.76335],[12.4118,55.76353],[12.41516,55.76192],[12.41686,55.7614],[12.41863,55.76116],[12.42035,55.76112],[12.42263,55.76143],[12.424,55.76184],[12.42866,55.76388],[12.4322,55.76503],[12.43757,55.76585],[12.44057,55.76576],[12.44122,55.7657]]]},"properties":{"STRKAFS":842016,"NAVN":"Buddinge - Hareskov","HOVER_NAME":"Buddinge - Hareskov","TIB":"840","BANENR":"84","FRA_KM":14.407,"TIL_KM":19.886,"FORKORTELSE":"Bud-Har","BANENR_NAVN":"(Svanemøllen) - Farum","HVDSTRK_NAVN":"Svanemøllen - Farum","DELSTRK_NAVN":"Svanemøllen - Farum","BTRTYPETEKST":"Fri Bane","BANEKLASSETEKST":"S-bane"}},{"type":"Feature","id":368221,"geometry":{"type":"Polygon","coordinates":[[[12.41163,55.76343],[12.41149,55.76335],[12.40404,55.76674],[12.40298,55.76752],[12.40109,55.76835],[12.40134,55.7685],[12.40344,55.76762],[12.4118,55.76353],[12.41167,55.76345],[12.41163,55.76343]]]},"properties":{"STRKAFS":842019,"NAVN":"Hareskov","HOVER_NAME":"Hareskov","TIB":"840","BANENR":"84","FRA_KM":19.886,"TIL_KM":20.746000000000002,"FORKORTELSE":"Har","BANENR_NAVN":"(Svanemøllen) - Farum","HVDSTRK_NAVN":"Svanemøllen - Farum","DELSTRK_NAVN":"Svanemøllen - Farum","BTRTYPETEKST":"Station","BANEKLASSETEKST":"S-bane"}},{"type":"Feature","id":368222,"geometry":{"type":"Polygon","coordinates":[[[12.2865,56.00019],[12.28606,56.00022],[12.28684,56.00255],[12.28764,56.00341],[12.2887,56.00399],[12.31159,56.01028],[12.32037,56.01393],[12.3226,56.01516],[12.32325,56.01587],[12.32497,56.0192],[12.32524,56.02034],[12.32515,56.02123],[12.32482,56.02209],[12.32428,56.02286],[12.31951,56.0279],[12.31993,56.028],[12.32457,56.0231],[12.32524,56.02217],[12.32569,56.02066],[12.32541,56.01915],[12.32353,56.01558],[12.32222,56.01453],[12.32017,56.01352],[12.31182,56.01006],[12.28897,56.00379],[12.28801,56.00326],[12.28736,56.00262],[12.28657,56.00039],[12.2865,56.00019]]]},"properties":{"STRKAFS":606010,"NAVN":"Kagerup - Mårum","HOVER_NAME":"Kagerup - Mårum","TIB":"606","BANENR":null,"FRA_KM":8.928,"TIL_KM":13.401,"FORKORTELSE":"Kgg-Mmg","BANENR_NAVN":null,"HVDSTRK_NAVN":"(Hillerød) - Gilleleje","DELSTRK_NAVN":"(Hillerød) - Gilleleje","BTRTYPETEKST":"Fri Bane","BANEKLASSETEKST":"Privatbane"}},{"type":"Feature","id":368223,"geometry":{"type":"Polygon","coordinates":[[[12.31972,56.02795],[12.31951,56.0279],[12.3159,56.03173],[12.31543,56.03252],[12.31538,56.03324],[12.31583,56.03324],[12.31587,56.03257],[12.31618,56.03198],[12.31993,56.028],[12.31972,56.02795]]]},"properties":{"STRKAFS":606013,"NAVN":"Mårum","HOVER_NAME":"Mårum","TIB":"606","BANENR":null,"FRA_KM":13.401,"TIL_KM":14.051,"FORKORTELSE":"Mmg","BANENR_NAVN":null,"HVDSTRK_NAVN":"(Hillerød) - Gilleleje","DELSTRK_NAVN":"(Hillerød) - Gilleleje","BTRTYPETEKST":"Station","BANEKLASSETEKST":"Privatbane"}},{"type":"Feature","id":368224,"geometry":{"type":"Polygon","coordinates":[[[12.3156,56.03324],[12.31538,56.03324],[12.3154,56.03337],[12.31585,56.03426],[12.32327,56.042],[12.32665,56.04737],[12.32702,56.04846],[12.32702,56.04946],[12.32671,56.05041],[12.32566,56.05245],[12.32486,56.05317],[12.3235,56.05377],[12.3005,56.0601],[12.29828,56.06095],[12.29633,56.0623],[12.2889,56.07027],[12.2893,56.07039],[12.29657,56.06257],[12.29745,56.06182],[12.29858,56.06114],[12.30071,56.06032],[12.32372,56.05399],[12.32519,56.05334],[12.32607,56.05255],[12.32715,56.05047],[12.32747,56.04948],[12.32747,56.04844],[12.32708,56.0473],[12.32368,56.0419],[12.31638,56.03429],[12.31583,56.03324],[12.3156,56.03324]]]},"properties":{"STRKAFS":606014,"NAVN":"Mårum - Græsted","HOVER_NAME":"Mårum - Græsted","TIB":"606","BANENR":null,"FRA_KM":14.051,"TIL_KM":19.53,"FORKORTELSE":"Mmg-Græ","BANENR_NAVN":null,"HVDSTRK_NAVN":"(Hillerød) - Gilleleje","DELSTRK_NAVN":"(Hillerød) - Gilleleje","BTRTYPETEKST":"Fri Bane","BANEKLASSETEKST":"Privatbane"}},{"type":"Feature","id":368225,"geometry":{"type":"Polygon","coordinates":[[[12.3229,56.05408],[12.3228,56.05397],[12.32147,56.05433],[12.32167,56.05455],[12.323,56.05419],[12.3229,56.05408]]]},"properties":{"STRKAFS":606017,"NAVN":"Saltrup","HOVER_NAME":"Saltrup","TIB":"606","BANENR":null,"FRA_KM":16.625,"TIL_KM":16.711000000000002,"FORKORTELSE":"Sag","BANENR_NAVN":null,"HVDSTRK_NAVN":"(Hillerød) - Gilleleje","DELSTRK_NAVN":"(Hillerød) - Gilleleje","BTRTYPETEKST":"Trinbræt","BANEKLASSETEKST":"Privatbane"}},{"type":"Feature","id":368226,"geometry":{"type":"Polygon","coordinates":[[[12.19129,55.30487],[12.19033,55.30443],[12.19002,55.30462],[12.19958,55.3089],[12.19987,55.30871],[12.19221,55.30528],[12.19129,55.30487]]]},"properties":{"STRKAFS":618017,"NAVN":"Karise","HOVER_NAME":"Karise","TIB":"618","BANENR":null,"FRA_KM":17.21,"TIL_KM":17.98,"FORKORTELSE":"Kri","BANENR_NAVN":null,"HVDSTRK_NAVN":"(Køge) - Faxe Ladeplads","DELSTRK_NAVN":"(Køge) - Faxe Ladeplads","BTRTYPETEKST":"Station","BANEKLASSETEKST":"Privatbane"}},{"type":"Feature","id":368227,"geometry":{"type":"Polygon","coordinates":[[[12.13605,55.246],[12.13594,55.24582],[12.13552,55.24589],[12.13697,55.24773],[12.1406,55.25087],[12.14129,55.25199],[12.14154,55.25301],[12.14146,55.25401],[12.1409,55.25556],[12.13874,55.25863],[12.13834,55.25985],[12.13802,55.26477],[12.13784,55.2794],[12.13805,55.2804],[12.13855,55.28114],[12.14017,55.28224],[12.1527,55.28791],[12.19002,55.30462],[12.19033,55.30443],[12.14062,55.28213],[12.13963,55.2816],[12.13894,55.28102],[12.13848,55.28034],[12.13828,55.2794],[12.13846,55.26478],[12.13878,55.25987],[12.13915,55.25871],[12.14132,55.25563],[12.14189,55.25404],[12.14198,55.253],[12.14171,55.25193],[12.141,55.25076],[12.13754,55.24779],[12.13612,55.24611],[12.13605,55.246]]]},"properties":{"STRKAFS":618018,"NAVN":"Karise - Faxe Syd","HOVER_NAME":"Karise - Faxe Syd","TIB":"618","BANENR":null,"FRA_KM":17.98,"TIL_KM":26.23,"FORKORTELSE":"Kri-Fxs","BANENR_NAVN":null,"HVDSTRK_NAVN":"(Køge) - Faxe Ladeplads","DELSTRK_NAVN":"(Køge) - Faxe Ladeplads","BTRTYPETEKST":"Fri Bane","BANEKLASSETEKST":"Privatbane"}},{"type":"Feature","id":368228,"geometry":{"type":"Polygon","coordinates":[[[12.14261,55.28303],[12.14225,55.28287],[12.14198,55.28307],[12.14287,55.28346],[12.14315,55.28327],[12.14291,55.28316],[12.14261,55.28303]]]},"properties":{"STRKAFS":618021,"NAVN":"Tokkerup","HOVER_NAME":"Tokkerup","TIB":"618","BANENR":null,"FRA_KM":21.79,"TIL_KM":21.87,"FORKORTELSE":"Tok","BANENR_NAVN":null,"HVDSTRK_NAVN":"(Køge) - Faxe Ladeplads","DELSTRK_NAVN":"(Køge) - Faxe Ladeplads","BTRTYPETEKST":"Trinbræt","BANEKLASSETEKST":"Privatbane"}},{"type":"Feature","id":368229,"geometry":{"type":"Polygon","coordinates":[[[12.13988,55.23941],[12.13947,55.23932],[12.13597,55.24301],[12.13528,55.24447],[12.13527,55.24517],[12.13552,55.24589],[12.13594,55.24582],[12.13571,55.24515],[12.13572,55.24449],[12.13639,55.2431],[12.13987,55.23942],[12.13988,55.23941]]]},"properties":{"STRKAFS":618027,"NAVN":"Faxe Syd","HOVER_NAME":"Faxe Syd","TIB":"618","BANENR":null,"FRA_KM":26.23,"TIL_KM":27,"FORKORTELSE":"Fxs","BANENR_NAVN":null,"HVDSTRK_NAVN":"(Køge) - Faxe Ladeplads","DELSTRK_NAVN":"(Køge) - Faxe Ladeplads","BTRTYPETEKST":"Station","BANEKLASSETEKST":"Privatbane"}},{"type":"Feature","id":368230,"geometry":{"type":"Polygon","coordinates":[[[12.15957,55.21979],[12.15937,55.21974],[12.15624,55.22288],[12.15109,55.22553],[12.15006,55.22629],[12.14394,55.23467],[12.14068,55.23783],[12.13947,55.23932],[12.13988,55.23941],[12.14106,55.23794],[12.14433,55.23478],[12.15044,55.22642],[12.15139,55.22571],[12.15666,55.22298],[12.15976,55.21984],[12.15957,55.21979]]]},"properties":{"STRKAFS":618028,"NAVN":"Faxe Syd - Faxe Ladeplads","HOVER_NAME":"Faxe Syd - Faxe Ladeplads","TIB":"618","BANENR":null,"FRA_KM":27,"TIL_KM":29.59,"FORKORTELSE":"Fxs-Fxl","BANENR_NAVN":null,"HVDSTRK_NAVN":"(Køge) - Faxe Ladeplads","DELSTRK_NAVN":"(Køge) - Faxe Ladeplads","BTRTYPETEKST":"Fri Bane","BANEKLASSETEKST":"Privatbane"}},{"type":"Feature","id":368231,"geometry":{"type":"Polygon","coordinates":[[[8.26486,56.45165],[8.26468,56.45157],[8.25783,56.45655],[8.2582,56.4567],[8.26504,56.45173],[8.26486,56.45165]]]},"properties":{"STRKAFS":666013,"NAVN":"Fåre","HOVER_NAME":"Fåre","TIB":"666","BANENR":null,"FRA_KM":13.56,"TIL_KM":14.25,"FORKORTELSE":"Fre","BANENR_NAVN":null,"HVDSTRK_NAVN":"(Vemb) - Lemvig","DELSTRK_NAVN":"(Vemb) - Lemvig","BTRTYPETEKST":"Station","BANEKLASSETEKST":"Privatbane"}},{"type":"Feature","id":368232,"geometry":{"type":"Polygon","coordinates":[[[8.25802,56.45663],[8.25783,56.45655],[8.24726,56.46428],[8.24254,56.47004],[8.23219,56.47902],[8.23031,56.48006],[8.2138,56.48727],[8.21408,56.48747],[8.2306,56.48025],[8.23231,56.47934],[8.24293,56.47016],[8.24764,56.46442],[8.2582,56.4567],[8.25802,56.45663]]]},"properties":{"STRKAFS":666016,"NAVN":"Fåre - Ramme","HOVER_NAME":"Fåre - Ramme","TIB":"666","BANENR":null,"FRA_KM":14.25,"TIL_KM":18.68,"FORKORTELSE":"Fre-Ram","BANENR_NAVN":null,"HVDSTRK_NAVN":"(Vemb) - Lemvig","DELSTRK_NAVN":"(Vemb) - Lemvig","BTRTYPETEKST":"Fri Bane","BANEKLASSETEKST":"Privatbane"}},{"type":"Feature","id":368233,"geometry":{"type":"Polygon","coordinates":[[[8.21394,56.48737],[8.2138,56.48727],[8.21155,56.48821],[8.20554,56.49097],[8.20588,56.49113],[8.21408,56.48747],[8.21394,56.48737]]]},"properties":{"STRKAFS":666019,"NAVN":"Ramme","HOVER_NAME":"Ramme","TIB":"666","BANENR":null,"FRA_KM":18.68,"TIL_KM":19.330000000000002,"FORKORTELSE":"Ram","BANENR_NAVN":null,"HVDSTRK_NAVN":"(Vemb) - Lemvig","DELSTRK_NAVN":"(Vemb) - Lemvig","BTRTYPETEKST":"Station","BANEKLASSETEKST":"Privatbane"}},{"type":"Feature","id":368234,"geometry":{"type":"Polygon","coordinates":[[[8.20571,56.49105],[8.20554,56.49097],[8.20525,56.49117],[8.20444,56.49199],[8.2041,56.49271],[8.20403,56.49343],[8.20617,56.4992],[8.20694,56.50017],[8.2093,56.50182],[8.21015,56.50294],[8.21038,56.5039],[8.21008,56.50621],[8.21016,56.50699],[8.21338,56.51357],[8.21431,56.51448],[8.21685,56.51606],[8.21797,56.51744],[8.2184,56.51735],[8.21724,56.51593],[8.21467,56.51433],[8.21381,56.51349],[8.21061,56.50695],[8.21053,56.50622],[8.21084,56.5039],[8.21059,56.50287],[8.20969,56.50169],[8.20732,56.50003],[8.20661,56.49913],[8.20449,56.49342],[8.20455,56.49274],[8.2048,56.49218],[8.20588,56.49113],[8.20571,56.49105]]]},"properties":{"STRKAFS":666020,"NAVN":"Ramme - Bonnet","HOVER_NAME":"Ramme - Bonnet","TIB":"666","BANENR":null,"FRA_KM":19.330000000000002,"TIL_KM":22.48,"FORKORTELSE":"Ram-Bnt","BANENR_NAVN":null,"HVDSTRK_NAVN":"(Vemb) - Lemvig","DELSTRK_NAVN":"(Vemb) - Lemvig","BTRTYPETEKST":"Fri Bane","BANEKLASSETEKST":"Privatbane"}},{"type":"Feature","id":368235,"geometry":{"type":"Polygon","coordinates":[[[8.21858,56.51763],[8.2184,56.51735],[8.21797,56.51744],[8.21927,56.51932],[8.22036,56.52017],[8.22189,56.52081],[8.22572,56.52164],[8.22583,56.52139],[8.22315,56.52084],[8.22089,56.52005],[8.21985,56.5193],[8.21876,56.51789],[8.21858,56.51763]]]},"properties":{"STRKAFS":666023,"NAVN":"Bonnet","HOVER_NAME":"Bonnet","TIB":"666","BANENR":null,"FRA_KM":22.48,"TIL_KM":23.18,"FORKORTELSE":"Bnt","BANENR_NAVN":null,"HVDSTRK_NAVN":"(Vemb) - Lemvig","DELSTRK_NAVN":"(Vemb) - Lemvig","BTRTYPETEKST":"Station","BANEKLASSETEKST":"Privatbane"}},{"type":"Feature","id":368236,"geometry":{"type":"Polygon","coordinates":[[[12.36124,55.78955],[12.36097,55.78934],[12.36044,55.78944],[12.36071,55.78822],[12.36123,55.7874],[12.3621,55.78649],[12.36303,55.78593],[12.36514,55.78493],[12.36763,55.78401],[12.38141,55.77944],[12.38446,55.77775],[12.38595,55.77652],[12.39002,55.77398],[12.40134,55.7685],[12.40109,55.76835],[12.39988,55.76889],[12.3896,55.77391],[12.38208,55.77887],[12.37931,55.78],[12.37369,55.78167],[12.3684,55.78351],[12.36804,55.7835],[12.36505,55.78465],[12.36348,55.78533],[12.36173,55.78635],[12.3605,55.78772],[12.36006,55.7888],[12.36015,55.79011],[12.36063,55.79117],[12.3617,55.79231],[12.36362,55.79329],[12.36824,55.79467],[12.37252,55.79616],[12.3747,55.79772],[12.37734,55.80124],[12.37803,55.802],[12.37837,55.80191],[12.37712,55.79992],[12.37401,55.79663],[12.37178,55.79548],[12.36319,55.79281],[12.36242,55.79239],[12.36141,55.79157],[12.36049,55.78981],[12.36124,55.78955]]]},"properties":{"STRKAFS":842022,"NAVN":"Hareskov - Farum","HOVER_NAME":"Hareskov - Farum","TIB":"840","BANENR":"84","FRA_KM":20.746000000000002,"TIL_KM":26.188000000000002,"FORKORTELSE":"Har-Fm","BANENR_NAVN":"(Svanemøllen) - Farum","HVDSTRK_NAVN":"Svanemøllen - Farum","DELSTRK_NAVN":"Svanemøllen - Farum","BTRTYPETEKST":"Fri Bane","BANEKLASSETEKST":"S-bane"}},{"type":"Feature","id":368237,"geometry":{"type":"Polygon","coordinates":[[[12.56016,55.71555],[12.55989,55.71533],[12.55965,55.71543],[12.56125,55.71654],[12.56149,55.71661],[12.56168,55.71643],[12.56041,55.71574],[12.56016,55.71555]]]},"properties":{"STRKAFS":842087,"NAVN":"Ryparken","HOVER_NAME":"Ryparken","TIB":"840","BANENR":"84","FRA_KM":7.016,"TIL_KM":7.188000000000001,"FORKORTELSE":"Ryt","BANENR_NAVN":"(Svanemøllen) - Farum","HVDSTRK_NAVN":"Svanemøllen - Farum","DELSTRK_NAVN":"Svanemøllen - Farum","BTRTYPETEKST":"Trinbræt","BANEKLASSETEKST":"S-bane"}},{"type":"Feature","id":368238,"geometry":{"type":"Polygon","coordinates":[[[12.54159,55.71992],[12.54131,55.71986],[12.54006,55.72174],[12.54065,55.72183],[12.54191,55.71999],[12.54165,55.71993],[12.54159,55.71992]]]},"properties":{"STRKAFS":842089,"NAVN":"Emdrup","HOVER_NAME":"Emdrup","TIB":"840","BANENR":"84","FRA_KM":9.07,"TIL_KM":9.291,"FORKORTELSE":"Emt","BANENR_NAVN":"(Svanemøllen) - Farum","HVDSTRK_NAVN":"Svanemøllen - Farum","DELSTRK_NAVN":"Svanemøllen - Farum","BTRTYPETEKST":"Trinbræt","BANEKLASSETEKST":"S-bane"}},{"type":"Feature","id":368239,"geometry":{"type":"Polygon","coordinates":[[[12.52413,55.73951],[12.5264,55.73873],[12.52619,55.73851],[12.52381,55.73921],[12.52403,55.73942],[12.52413,55.73951]]]},"properties":{"STRKAFS":842123,"NAVN":"Vangede","HOVER_NAME":"Vangede","TIB":"840","BANENR":"84","FRA_KM":11.453000000000001,"TIL_KM":11.622,"FORKORTELSE":"Ang","BANENR_NAVN":"(Svanemøllen) - Farum","HVDSTRK_NAVN":"Svanemøllen - Farum","DELSTRK_NAVN":"Svanemøllen - Farum","BTRTYPETEKST":"Trinbræt","BANEKLASSETEKST":"S-bane"}},{"type":"Feature","id":368240,"geometry":{"type":"Polygon","coordinates":[[[12.50834,55.74476],[12.5103,55.7441],[12.51007,55.74383],[12.50746,55.74454],[12.50787,55.74496],[12.50834,55.74476]]]},"properties":{"STRKAFS":842125,"NAVN":"Kildebakke","HOVER_NAME":"Kildebakke","TIB":"840","BANENR":"84","FRA_KM":12.629000000000001,"TIL_KM":12.81,"FORKORTELSE":"Ket","BANENR_NAVN":"(Svanemøllen) - Farum","HVDSTRK_NAVN":"Svanemøllen - Farum","DELSTRK_NAVN":"Svanemøllen - Farum","BTRTYPETEKST":"Trinbræt","BANEKLASSETEKST":"S-bane"}},{"type":"Feature","id":368241,"geometry":{"type":"Polygon","coordinates":[[[12.47312,55.75662],[12.47288,55.7565],[12.47121,55.7577],[12.47159,55.75791],[12.47345,55.75677],[12.47328,55.75669],[12.47312,55.75662]]]},"properties":{"STRKAFS":842165,"NAVN":"Stengården","HOVER_NAME":"Stengården","TIB":"840","BANENR":"84","FRA_KM":15.497,"TIL_KM":15.668000000000001,"FORKORTELSE":"Sgt","BANENR_NAVN":"(Svanemøllen) - Farum","HVDSTRK_NAVN":"Svanemøllen - Farum","DELSTRK_NAVN":"Svanemøllen - Farum","BTRTYPETEKST":"Trinbræt","BANEKLASSETEKST":"S-bane"}},{"type":"Feature","id":368242,"geometry":{"type":"Polygon","coordinates":[[[12.45707,55.76129],[12.45704,55.76119],[12.45439,55.76143],[12.4545,55.76175],[12.4571,55.76137],[12.45707,55.76129]]]},"properties":{"STRKAFS":842169,"NAVN":"Bagsværd","HOVER_NAME":"Bagsværd","TIB":"840","BANENR":"84","FRA_KM":16.684,"TIL_KM":16.852,"FORKORTELSE":"Bav","BANENR_NAVN":"(Svanemøllen) - Farum","HVDSTRK_NAVN":"Svanemøllen - Farum","DELSTRK_NAVN":"Svanemøllen - Farum","BTRTYPETEKST":"Trinbræt","BANEKLASSETEKST":"S-bane"}},{"type":"Feature","id":368243,"geometry":{"type":"Polygon","coordinates":[[[12.43575,55.76535],[12.43309,55.76492],[12.43295,55.76513],[12.43564,55.76559],[12.43571,55.76545],[12.43575,55.76535]]]},"properties":{"STRKAFS":842183,"NAVN":"Skovbrynet","HOVER_NAME":"Skovbrynet","TIB":"840","BANENR":"84","FRA_KM":18.158,"TIL_KM":18.334,"FORKORTELSE":"Skt","BANENR_NAVN":"(Svanemøllen) - Farum","HVDSTRK_NAVN":"Svanemøllen - Farum","DELSTRK_NAVN":"Svanemøllen - Farum","BTRTYPETEKST":"Trinbræt","BANEKLASSETEKST":"S-bane"}},{"type":"Feature","id":368244,"geometry":{"type":"Polygon","coordinates":[[[12.37316,55.78197],[12.37307,55.78188],[12.37051,55.78277],[12.37074,55.783],[12.37327,55.78208],[12.37316,55.78197]]]},"properties":{"STRKAFS":842233,"NAVN":"Værløse","HOVER_NAME":"Værløse","TIB":"840","BANENR":"84","FRA_KM":23.085,"TIL_KM":23.273,"FORKORTELSE":"Vær","BANENR_NAVN":"(Svanemøllen) - Farum","HVDSTRK_NAVN":"Svanemøllen - Farum","DELSTRK_NAVN":"Svanemøllen - Farum","BTRTYPETEKST":"Trinbræt","BANEKLASSETEKST":"S-bane"}},{"type":"Feature","id":368245,"geometry":{"type":"Polygon","coordinates":[[[12.37633,55.81003],[12.3787,55.80777],[12.37841,55.80766],[12.37938,55.80658],[12.37969,55.80582],[12.37987,55.80506],[12.37971,55.80414],[12.37916,55.80301],[12.37837,55.80191],[12.37803,55.802],[12.37918,55.80364],[12.37938,55.80415],[12.3793,55.80529],[12.37889,55.80661],[12.3781,55.80765],[12.3769,55.80883],[12.37566,55.8098],[12.37533,55.80979],[12.37463,55.81072],[12.37289,55.81237],[12.37372,55.81263],[12.37578,55.81056],[12.37633,55.81003]]]},"properties":{"STRKAFS":843000,"NAVN":"Farum","HOVER_NAME":"Farum","TIB":"840","BANENR":"84","FRA_KM":26.188000000000002,"TIL_KM":27.444000000000003,"FORKORTELSE":"Fm","BANENR_NAVN":"(Svanemøllen) - Farum","HVDSTRK_NAVN":"Svanemøllen - Farum","DELSTRK_NAVN":"Farum","BTRTYPETEKST":"Station","BANEKLASSETEKST":"S-bane"}},{"type":"Feature","id":368246,"geometry":{"type":"Polygon","coordinates":[[[12.29596,56.06296],[12.29576,56.0629],[12.29506,56.06365],[12.29546,56.06377],[12.29616,56.06302],[12.29596,56.06296]]]},"properties":{"STRKAFS":606019,"NAVN":"Græsted Syd","HOVER_NAME":"Græsted Syd","TIB":"606","BANENR":null,"FRA_KM":18.603,"TIL_KM":18.697,"FORKORTELSE":"Grs","BANENR_NAVN":null,"HVDSTRK_NAVN":"(Hillerød) - Gilleleje","DELSTRK_NAVN":"(Hillerød) - Gilleleje","BTRTYPETEKST":"Trinbræt","BANEKLASSETEKST":"Privatbane"}},{"type":"Feature","id":368247,"geometry":{"type":"Polygon","coordinates":[[[12.2891,56.07033],[12.2889,56.07027],[12.28473,56.07494],[12.28516,56.07502],[12.2893,56.07039],[12.2891,56.07033]]]},"properties":{"STRKAFS":606021,"NAVN":"Græsted","HOVER_NAME":"Græsted","TIB":"606","BANENR":null,"FRA_KM":19.53,"TIL_KM":20.107,"FORKORTELSE":"Græ","BANENR_NAVN":null,"HVDSTRK_NAVN":"(Hillerød) - Gilleleje","DELSTRK_NAVN":"(Hillerød) - Gilleleje","BTRTYPETEKST":"Station","BANEKLASSETEKST":"Privatbane"}},{"type":"Feature","id":368248,"geometry":{"type":"Polygon","coordinates":[[[12.28494,56.07498],[12.28473,56.07494],[12.28447,56.07549],[12.28426,56.07675],[12.28452,56.07791],[12.2851,56.07887],[12.29813,56.0929],[12.29884,56.09384],[12.30179,56.10301],[12.30195,56.10421],[12.30175,56.10559],[12.29678,56.12015],[12.29669,56.12061],[12.29714,56.12062],[12.3022,56.10563],[12.3024,56.10421],[12.30223,56.10297],[12.29964,56.09458],[12.29927,56.09376],[12.29853,56.09279],[12.28551,56.07878],[12.28496,56.07786],[12.28473,56.07695],[12.28477,56.07604],[12.28516,56.07502],[12.28494,56.07498]]]},"properties":{"STRKAFS":606022,"NAVN":"Græsted - Gilleleje","HOVER_NAME":"Græsted - Gilleleje","TIB":"606","BANENR":null,"FRA_KM":20.107,"TIL_KM":25.453000000000003,"FORKORTELSE":"Græ-Gll","BANENR_NAVN":null,"HVDSTRK_NAVN":"(Hillerød) - Gilleleje","DELSTRK_NAVN":"(Hillerød) - Gilleleje","BTRTYPETEKST":"Fri Bane","BANEKLASSETEKST":"Privatbane"}},{"type":"Feature","id":368249,"geometry":{"type":"Polygon","coordinates":[[[12.30135,56.1001],[12.3009,56.10014],[12.30117,56.10101],[12.30162,56.10096],[12.30148,56.10053],[12.30135,56.1001]]]},"properties":{"STRKAFS":606023,"NAVN":"Pårup","HOVER_NAME":"Pårup","TIB":"606","BANENR":null,"FRA_KM":23.135,"TIL_KM":23.234,"FORKORTELSE":"Ppg","BANENR_NAVN":null,"HVDSTRK_NAVN":"(Hillerød) - Gilleleje","DELSTRK_NAVN":"(Hillerød) - Gilleleje","BTRTYPETEKST":"Trinbræt","BANEKLASSETEKST":"Privatbane"}},{"type":"Feature","id":368250,"geometry":{"type":"Polygon","coordinates":[[[12.29838,56.11616],[12.29816,56.11613],[12.29786,56.11701],[12.2983,56.11705],[12.2986,56.11618],[12.29838,56.11616]]]},"properties":{"STRKAFS":606025,"NAVN":"Fjellenstrup","HOVER_NAME":"Fjellenstrup","TIB":"606","BANENR":null,"FRA_KM":24.988,"TIL_KM":25.047,"FORKORTELSE":"Fjg","BANENR_NAVN":null,"HVDSTRK_NAVN":"(Hillerød) - Gilleleje","DELSTRK_NAVN":"(Hillerød) - Gilleleje","BTRTYPETEKST":"Trinbræt","BANEKLASSETEKST":"Privatbane"}},{"type":"Feature","id":368251,"geometry":{"type":"Polygon","coordinates":[[[12.30588,56.12386],[12.30581,56.12374],[12.30447,56.12389],[12.30322,56.12378],[12.29892,56.12248],[12.29758,56.12169],[12.29722,56.12114],[12.29714,56.12062],[12.29669,56.12061],[12.29686,56.12137],[12.29751,56.1221],[12.30017,56.12326],[12.30307,56.12405],[12.30464,56.12414],[12.30595,56.12398],[12.30588,56.12386]]]},"properties":{"STRKAFS":606027,"NAVN":"Gilleleje","HOVER_NAME":"Gilleleje","TIB":"605,606","BANENR":null,"FRA_KM":25.453000000000003,"TIL_KM":26.197000000000003,"FORKORTELSE":"Gll","BANENR_NAVN":null,"HVDSTRK_NAVN":"(Hillerød) - Gilleleje","DELSTRK_NAVN":"(Hillerød) - Gilleleje","BTRTYPETEKST":"Station","BANEKLASSETEKST":"Privatbane"}},{"type":"Feature","id":368252,"geometry":{"type":"Polygon","coordinates":[[[12.28439,56.00001],[12.28417,55.99996],[12.28219,56.00256],[12.28061,56.00399],[12.27831,56.00533],[12.27587,56.00625],[12.2496,56.01272],[12.21315,56.02107],[12.21332,56.0213],[12.24977,56.01295],[12.27608,56.00648],[12.2786,56.00553],[12.28097,56.00414],[12.2826,56.00266],[12.2846,56.00005],[12.28439,56.00001]]]},"properties":{"STRKAFS":608010,"NAVN":"Kagerup - Helsinge","HOVER_NAME":"Kagerup - Helsinge","TIB":"608","BANENR":null,"FRA_KM":8.92,"TIL_KM":14.07,"FORKORTELSE":"Kgg-Hlg","BANENR_NAVN":null,"HVDSTRK_NAVN":"(Kagerup) - Tisvildeleje","DELSTRK_NAVN":"(Kagerup) - Tisvildeleje","BTRTYPETEKST":"Fri Bane","BANEKLASSETEKST":"Privatbane"}},{"type":"Feature","id":368253,"geometry":{"type":"Polygon","coordinates":[[[12.26396,56.00934],[12.26387,56.00923],[12.26255,56.00955],[12.26273,56.00978],[12.26405,56.00946],[12.26396,56.00934]]]},"properties":{"STRKAFS":608011,"NAVN":"Duemose","HOVER_NAME":"Duemose","TIB":"608","BANENR":null,"FRA_KM":10.65,"TIL_KM":10.74,"FORKORTELSE":"Dug","BANENR_NAVN":null,"HVDSTRK_NAVN":"(Kagerup) - Tisvildeleje","DELSTRK_NAVN":"(Kagerup) - Tisvildeleje","BTRTYPETEKST":"Trinbræt","BANEKLASSETEKST":"Privatbane"}},{"type":"Feature","id":368254,"geometry":{"type":"Polygon","coordinates":[[[12.16202,55.21645],[12.15937,55.21974],[12.15976,55.21984],[12.16118,55.21829],[12.16244,55.21651],[12.16204,55.21643],[12.16202,55.21645]]]},"properties":{"STRKAFS":618030,"NAVN":"Faxe Ladeplads","HOVER_NAME":"Faxe Ladeplads","TIB":"618","BANENR":null,"FRA_KM":29.59,"TIL_KM":30.01,"FORKORTELSE":"Fxl","BANENR_NAVN":null,"HVDSTRK_NAVN":"(Køge) - Faxe Ladeplads","DELSTRK_NAVN":"(Køge) - Faxe Ladeplads","BTRTYPETEKST":"Station","BANEKLASSETEKST":"Privatbane"}},{"type":"Feature","id":368255,"geometry":{"type":"Polygon","coordinates":[[[12.23895,55.35586],[12.31319,55.34998],[12.31662,55.34954],[12.31979,55.34878],[12.31958,55.34856],[12.31648,55.3493],[12.31313,55.34974],[12.23483,55.35594],[12.23349,55.35595],[12.23209,55.35575],[12.23073,55.35532],[12.22937,55.35453],[12.22899,55.35465],[12.23047,55.35553],[12.23281,55.35614],[12.23449,55.35621],[12.2381,55.35593],[12.23895,55.35586]]]},"properties":{"STRKAFS":619002,"NAVN":"Hårlev - Klippinge","HOVER_NAME":"Hårlev - Klippinge","TIB":"619","BANENR":null,"FRA_KM":0.24,"TIL_KM":6.1000000000000005,"FORKORTELSE":"Hrl-Klp","BANENR_NAVN":null,"HVDSTRK_NAVN":"(Hårlev)  -  Rødvig","DELSTRK_NAVN":"(Hårlev)  -  Rødvig","BTRTYPETEKST":"Fri Bane","BANEKLASSETEKST":"Privatbane"}},{"type":"Feature","id":368256,"geometry":{"type":"Polygon","coordinates":[[[12.28005,55.35247],[12.28003,55.35235],[12.27862,55.35246],[12.27869,55.35271],[12.28008,55.35259],[12.28005,55.35247]]]},"properties":{"STRKAFS":619003,"NAVN":"Varpelev","HOVER_NAME":"Varpelev","TIB":"619","BANENR":null,"FRA_KM":3.46,"TIL_KM":3.5500000000000003,"FORKORTELSE":"Vap","BANENR_NAVN":null,"HVDSTRK_NAVN":"(Hårlev)  -  Rødvig","DELSTRK_NAVN":"(Hårlev)  -  Rødvig","BTRTYPETEKST":"Trinbræt","BANEKLASSETEKST":"Privatbane"}},{"type":"Feature","id":368257,"geometry":{"type":"Polygon","coordinates":[[[12.32798,55.34481],[12.32781,55.34473],[12.32674,55.34522],[12.32262,55.34744],[12.31958,55.34856],[12.31979,55.34878],[12.32237,55.34787],[12.32814,55.3449],[12.32798,55.34481]]]},"properties":{"STRKAFS":619007,"NAVN":"Klippinge","HOVER_NAME":"Klippinge","TIB":"619","BANENR":null,"FRA_KM":6.1000000000000005,"TIL_KM":6.79,"FORKORTELSE":"Klp","BANENR_NAVN":null,"HVDSTRK_NAVN":"(Hårlev)  -  Rødvig","DELSTRK_NAVN":"(Hårlev)  -  Rødvig","BTRTYPETEKST":"Station","BANEKLASSETEKST":"Privatbane"}},{"type":"Feature","id":368258,"geometry":{"type":"Polygon","coordinates":[[[12.38442,55.31261],[12.38425,55.31253],[12.35281,55.33039],[12.34146,55.33742],[12.32781,55.34473],[12.32814,55.3449],[12.34177,55.3376],[12.35313,55.33057],[12.3846,55.31269],[12.38442,55.31261]]]},"properties":{"STRKAFS":619008,"NAVN":"Klippinge - Store Heddinge","HOVER_NAME":"Klippinge - Store Heddinge","TIB":"619","BANENR":null,"FRA_KM":6.79,"TIL_KM":11.86,"FORKORTELSE":"Klp-Sth","BANENR_NAVN":null,"HVDSTRK_NAVN":"(Hårlev)  -  Rødvig","DELSTRK_NAVN":"(Hårlev)  -  Rødvig","BTRTYPETEKST":"Fri Bane","BANEKLASSETEKST":"Privatbane"}},{"type":"Feature","id":368259,"geometry":{"type":"Polygon","coordinates":[[[12.38578,55.30658],[12.38534,55.3066],[12.38544,55.31106],[12.38508,55.31178],[12.38425,55.31253],[12.3846,55.31269],[12.38559,55.31174],[12.386,55.31073],[12.38578,55.30658],[12.38578,55.30658]]]},"properties":{"STRKAFS":619011,"NAVN":"Store Heddinge","HOVER_NAME":"Store Heddinge","TIB":"619","BANENR":null,"FRA_KM":11.86,"TIL_KM":12.55,"FORKORTELSE":"Sth","BANENR_NAVN":null,"HVDSTRK_NAVN":"(Hårlev)  -  Rødvig","DELSTRK_NAVN":"(Hårlev)  -  Rødvig","BTRTYPETEKST":"Station","BANEKLASSETEKST":"Privatbane"}},{"type":"Feature","id":368260,"geometry":{"type":"Polygon","coordinates":[[[8.23786,56.52127],[8.23577,56.521],[8.23355,56.52095],[8.22862,56.52151],[8.22583,56.52139],[8.22572,56.52164],[8.22819,56.52178],[8.23291,56.52124],[8.23571,56.52125],[8.25095,56.52342],[8.25305,56.52387],[8.25901,56.52607],[8.27958,56.53681],[8.28101,56.53773],[8.2843,56.54076],[8.28443,56.54085],[8.28479,56.5407],[8.28139,56.53759],[8.2804,56.53691],[8.25834,56.52545],[8.25407,56.52392],[8.25186,56.52331],[8.23859,56.52137],[8.23786,56.52127]]]},"properties":{"STRKAFS":666024,"NAVN":"Bonnet - Lemvig","HOVER_NAME":"Bonnet - Lemvig","TIB":"666","BANENR":null,"FRA_KM":23.18,"TIL_KM":27.63,"FORKORTELSE":"Bnt-Lmv","BANENR_NAVN":null,"HVDSTRK_NAVN":"(Vemb) - Lemvig","DELSTRK_NAVN":"(Vemb) - Lemvig","BTRTYPETEKST":"Fri Bane","BANEKLASSETEKST":"Privatbane"}},{"type":"Feature","id":368261,"geometry":{"type":"Polygon","coordinates":[[[8.266,56.52937],[8.26554,56.52913],[8.26523,56.52931],[8.26569,56.52955],[8.26585,56.52946],[8.266,56.52937]]]},"properties":{"STRKAFS":666025,"NAVN":"Armose","HOVER_NAME":"Armose","TIB":"666","BANENR":null,"FRA_KM":25.87,"TIL_KM":25.91,"FORKORTELSE":"Arm","BANENR_NAVN":null,"HVDSTRK_NAVN":"(Vemb) - Lemvig","DELSTRK_NAVN":"(Vemb) - Lemvig","BTRTYPETEKST":"Trinbræt","BANEKLASSETEKST":"Privatbane"}},{"type":"Feature","id":368262,"geometry":{"type":"Polygon","coordinates":[[[8.29306,56.54421],[8.2903,56.5437],[8.28903,56.54331],[8.28788,56.54274],[8.28479,56.5407],[8.28443,56.54085],[8.28754,56.5429],[8.28876,56.54351],[8.29005,56.54391],[8.28753,56.54406],[8.28124,56.54516],[8.28138,56.5454],[8.28848,56.54421],[8.29152,56.54427],[8.29475,56.545],[8.3001,56.54733],[8.30044,56.54725],[8.30033,56.54693],[8.29571,56.545],[8.29307,56.54421],[8.29306,56.54421]]]},"properties":{"STRKAFS":666027,"NAVN":"Lemvig","HOVER_NAME":"Lemvig","TIB":"665,666","BANENR":null,"FRA_KM":27.63,"TIL_KM":28.900000000000002,"FORKORTELSE":"Lmv","BANENR_NAVN":null,"HVDSTRK_NAVN":"(Vemb) - Lemvig","DELSTRK_NAVN":"(Vemb) - Lemvig","BTRTYPETEKST":"Station","BANEKLASSETEKST":"Privatbane"}},{"type":"Feature","id":368263,"geometry":{"type":"Polygon","coordinates":[[[9.83655,56.55372],[9.83641,56.55368],[9.83353,56.55673],[9.83077,56.55882],[9.82793,56.56035],[9.82284,56.56226],[9.82109,56.5634],[9.82047,56.56406],[9.8197,56.5655],[9.81974,56.56651],[9.8205,56.56765],[9.82169,56.56833],[9.82361,56.56893],[9.83274,56.56991],[9.838,56.57064],[9.84175,56.57052],[9.84858,56.56934],[9.85209,56.56942],[9.85591,56.56992],[9.86754,56.57277],[9.86955,56.5736],[9.87149,56.57477],[9.87314,56.5764],[9.87447,56.57801],[9.87635,56.57929],[9.88041,56.5807],[9.88609,56.58213],[9.88855,56.58331],[9.88994,56.58443],[9.89201,56.58743],[9.89358,56.5887],[9.89494,56.58943],[9.89691,56.59015],[9.89851,56.5905],[9.90774,56.5916],[9.90942,56.59203],[9.9118,56.59297],[9.91403,56.59436],[9.91486,56.59535],[9.91577,56.59702],[9.91676,56.59825],[9.91753,56.59886],[9.91888,56.59951],[9.92,56.59983],[9.92184,56.60007],[9.9263,56.59992],[9.93184,56.60065],[9.94229,56.60109],[9.94372,56.60132],[9.94516,56.60176],[9.94901,56.60364],[9.95013,56.60466],[9.95084,56.60587],[9.95306,56.61037],[9.95326,56.61124],[9.95287,56.61273],[9.95068,56.61551],[9.95041,56.61662],[9.95057,56.61779],[9.95098,56.61858],[9.95189,56.61968],[9.95697,56.62384],[9.95768,56.62459],[9.95857,56.62626],[9.95874,56.62748],[9.95861,56.62841],[9.95815,56.62958],[9.95258,56.63694],[9.95217,56.63771],[9.95197,56.63959],[9.95165,56.64044],[9.94948,56.64305],[9.94917,56.64392],[9.94917,56.64466],[9.94969,56.64594],[9.95131,56.64744],[9.95278,56.64812],[9.95488,56.64863],[9.95836,56.64907],[9.96001,56.64954],[9.96129,56.65019],[9.96621,56.65336],[9.96862,56.65432],[9.97036,56.65459],[9.97241,56.65458],[9.97623,56.65398],[9.98045,56.65363],[9.98034,56.65347],[9.97857,56.65334],[9.97624,56.65349],[9.97405,56.65422],[9.97173,56.65452],[9.96867,56.65421],[9.96648,56.65334],[9.96024,56.64949],[9.95797,56.64887],[9.95512,56.64855],[9.95326,56.64816],[9.95152,56.64737],[9.95087,56.64692],[9.94991,56.64593],[9.94954,56.64524],[9.94938,56.64453],[9.94942,56.64371],[9.94966,56.64314],[9.9519,56.64042],[9.95218,56.63965],[9.95243,56.63778],[9.95277,56.63707],[9.95837,56.62958],[9.95871,56.62888],[9.95896,56.62759],[9.95867,56.62591],[9.95772,56.62439],[9.95654,56.62324],[9.95194,56.61948],[9.95124,56.61861],[9.95089,56.61784],[9.95074,56.61654],[9.95103,56.61554],[9.95165,56.61449],[9.95307,56.61279],[9.95344,56.61201],[9.95349,56.61129],[9.95327,56.61033],[9.95056,56.60489],[9.94939,56.60374],[9.94567,56.6018],[9.94238,56.60096],[9.93212,56.60055],[9.9273,56.59989],[9.92157,56.59998],[9.91908,56.59947],[9.91783,56.59884],[9.91699,56.59822],[9.91447,56.5946],[9.91337,56.59361],[9.91238,56.59304],[9.90953,56.59194],[9.90761,56.59145],[9.89817,56.59031],[9.89499,56.5893],[9.89356,56.58849],[9.89233,56.58747],[9.89004,56.58401],[9.88862,56.58292],[9.88669,56.58201],[9.87914,56.58017],[9.8775,56.5796],[9.87603,56.57871],[9.87112,56.57434],[9.86938,56.57336],[9.86697,56.57247],[9.85695,56.57003],[9.85443,56.56956],[9.85143,56.56924],[9.8492,56.56919],[9.84682,56.56944],[9.84114,56.57045],[9.83811,56.57052],[9.82362,56.56882],[9.82152,56.56809],[9.82042,56.56719],[9.81989,56.56619],[9.81993,56.56545],[9.82053,56.56431],[9.82148,56.56328],[9.82311,56.56231],[9.82818,56.56034],[9.83076,56.55891],[9.83346,56.55693],[9.83627,56.55403],[9.83655,56.55372]]]},"properties":{"STRKAFS":667000,"NAVN":"Mariager - Fårup","HOVER_NAME":"Mariager - Fårup","TIB":null,"BANENR":null,"FRA_KM":0,"TIL_KM":18.87,"FORKORTELSE":"Mrg-Fp","BANENR_NAVN":null,"HVDSTRK_NAVN":"Mariager - (Fårup)","DELSTRK_NAVN":"Mariager - (Fårup)","BTRTYPETEKST":"Fri Bane","BANEKLASSETEKST":"Privatbane"}},{"type":"Feature","id":368264,"geometry":{"type":"Polygon","coordinates":[[[9.9779,57.45488],[9.97629,57.45339],[9.97502,57.45339],[9.9749,57.45358],[9.9736,57.45335],[9.97334,57.45368],[9.97456,57.45437],[9.97254,57.45455],[9.97269,57.45477],[9.9748,57.45456],[9.97596,57.45467],[9.9781,57.45519],[9.9783,57.45503],[9.9779,57.45488]]]},"properties":{"STRKAFS":668001,"NAVN":"Hjørring","HOVER_NAME":"Hjørring","TIB":"668,1025","BANENR":null,"FRA_KM":0.382,"TIL_KM":0.737,"FORKORTELSE":"Hj","BANENR_NAVN":null,"HVDSTRK_NAVN":"Hjørring - Hirtshals","DELSTRK_NAVN":"Hjørring - Hirtshals","BTRTYPETEKST":"Station","BANEKLASSETEKST":"Privatbane"}},{"type":"Feature","id":368265,"geometry":{"type":"Polygon","coordinates":[[[9.97262,57.45465],[9.97254,57.45455],[9.97206,57.45466],[9.9682,57.45584],[9.96686,57.45645],[9.96547,57.45732],[9.96449,57.45823],[9.96117,57.46198],[9.96054,57.46284],[9.95993,57.4641],[9.95971,57.46498],[9.95969,57.46644],[9.96009,57.46786],[9.96061,57.4688],[9.96197,57.47038],[9.96562,57.47335],[9.96644,57.47431],[9.96704,57.47536],[9.96857,57.48127],[9.96872,57.48261],[9.96838,57.48413],[9.96728,57.48565],[9.96603,57.48663],[9.95942,57.49077],[9.95978,57.49093],[9.96744,57.486],[9.96872,57.48442],[9.96909,57.48345],[9.96918,57.48261],[9.96904,57.48124],[9.96749,57.4753],[9.96687,57.47422],[9.96603,57.47323],[9.96237,57.47025],[9.96105,57.46872],[9.96055,57.4678],[9.96015,57.46642],[9.96018,57.465],[9.96039,57.46414],[9.96098,57.46291],[9.9616,57.46208],[9.96491,57.45834],[9.96585,57.45747],[9.96719,57.45662],[9.96847,57.45605],[9.97269,57.45477],[9.97262,57.45465]]]},"properties":{"STRKAFS":668002,"NAVN":"Hjørring - Langholm","HOVER_NAME":"Hjørring - Langholm","TIB":"668","BANENR":null,"FRA_KM":0.737,"TIL_KM":5.365,"FORKORTELSE":"Hj-Lgh","BANENR_NAVN":null,"HVDSTRK_NAVN":"Hjørring - Hirtshals","DELSTRK_NAVN":"Hjørring - Hirtshals","BTRTYPETEKST":"Fri Bane","BANEKLASSETEKST":"Privatbane"}},{"type":"Feature","id":368266,"geometry":{"type":"Polygon","coordinates":[[[9.97653,57.4548],[9.97665,57.45463],[9.97589,57.45449],[9.97556,57.45445],[9.97546,57.45466],[9.97596,57.45467],[9.97653,57.4548]]]},"properties":{"STRKAFS":668005,"NAVN":"Kvægtorvet","HOVER_NAME":"Kvægtorvet","TIB":"668","BANENR":null,"FRA_KM":0.48900000000000005,"TIL_KM":0.557,"FORKORTELSE":"Kt","BANENR_NAVN":null,"HVDSTRK_NAVN":"Hjørring - Hirtshals","DELSTRK_NAVN":"Hjørring - Hirtshals","BTRTYPETEKST":"Trinbræt","BANEKLASSETEKST":"Privatbane"}},{"type":"Feature","id":368267,"geometry":{"type":"Polygon","coordinates":[[[9.9596,57.49085],[9.95942,57.49077],[9.95375,57.49431],[9.95411,57.49448],[9.95978,57.49093],[9.9596,57.49085]]]},"properties":{"STRKAFS":668007,"NAVN":"Langholm","HOVER_NAME":"Langholm","TIB":"668","BANENR":null,"FRA_KM":5.365,"TIL_KM":5.885000000000001,"FORKORTELSE":"Lgh","BANENR_NAVN":null,"HVDSTRK_NAVN":"Hjørring - Hirtshals","DELSTRK_NAVN":"Hjørring - Hirtshals","BTRTYPETEKST":"Teknisk Station","BANEKLASSETEKST":"Privatbane"}},{"type":"Feature","id":368268,"geometry":{"type":"Polygon","coordinates":[[[12.54948,55.66356],[12.54451,55.66273],[12.54884,55.66356],[12.55739,55.66439],[12.55894,55.66478],[12.56176,55.66609],[12.5595,55.66493],[12.55789,55.66444],[12.55018,55.66365],[12.54948,55.66356]]]},"properties":{"STRKAFS":852001,"NAVN":"København H - Bavnehøj","HOVER_NAME":"København H - Bavnehøj","TIB":"850","BANENR":"85","FRA_KM":0.781,"TIL_KM":1.9280000000000002,"FORKORTELSE":"Kh-Ban","BANENR_NAVN":"(København H)/(Skelbæk) - Køge","HVDSTRK_NAVN":"København H/Skelbæk - Køge","DELSTRK_NAVN":"København H/Skelbæk - Hundige","BTRTYPETEKST":"Fri Bane","BANEKLASSETEKST":"S-bane"}},{"type":"Feature","id":368269,"geometry":{"type":"Polygon","coordinates":[[[12.5446,55.66275],[12.54444,55.66281],[12.54794,55.66349],[12.54523,55.6629],[12.5446,55.66275]]]},"properties":{"STRKAFS":852002,"NAVN":"Skelbæk - Bavnehøj","HOVER_NAME":"Skelbæk - Bavnehøj","TIB":"850","BANENR":"85","FRA_KM":1.6960000000000002,"TIL_KM":1.9280000000000002,"FORKORTELSE":"Slb-Ban","BANENR_NAVN":"(København H)/(Skelbæk) - Køge","HVDSTRK_NAVN":"København H/Skelbæk - Køge","DELSTRK_NAVN":"København H/Skelbæk - Hundige","BTRTYPETEKST":"Fri Bane","BANEKLASSETEKST":"S-bane"}},{"type":"Feature","id":368270,"geometry":{"type":"Polygon","coordinates":[[[12.53899,55.65628],[12.53846,55.65635],[12.54102,55.66091],[12.54242,55.66202],[12.54444,55.66281],[12.54457,55.66267],[12.54335,55.66219],[12.54196,55.66136],[12.54119,55.66069],[12.5394,55.6575],[12.5391,55.65659],[12.53899,55.65628]]]},"properties":{"STRKAFS":852003,"NAVN":"Bavnehøj","HOVER_NAME":"Bavnehøj","TIB":"850","BANENR":"85","FRA_KM":1.9280000000000002,"TIL_KM":2.7590000000000003,"FORKORTELSE":"Ban","BANENR_NAVN":"(København H)/(Skelbæk) - Køge","HVDSTRK_NAVN":"København H/Skelbæk - Køge","DELSTRK_NAVN":"København H/Skelbæk - Hundige","BTRTYPETEKST":"Teknisk Station","BANEKLASSETEKST":"S-bane"}},{"type":"Feature","id":368271,"geometry":{"type":"Polygon","coordinates":[[[12.53882,55.65629],[12.53899,55.65628],[12.53843,55.65536],[12.53751,55.6546],[12.53644,55.65399],[12.52824,55.65163],[12.52411,55.65123],[12.52215,55.65123],[12.51643,55.6523],[12.51552,55.65226],[12.51321,55.65166],[12.51258,55.65133],[12.5119,55.65064],[12.51171,55.65065],[12.51114,55.65001],[12.51127,55.64997],[12.50593,55.64513],[12.50527,55.64408],[12.50498,55.64415],[12.50394,55.64304],[12.50336,55.64319],[12.50572,55.64581],[12.51016,55.65],[12.5124,55.65159],[12.51375,55.65216],[12.51466,55.65242],[12.51673,55.65239],[12.51707,55.65251],[12.52049,55.65156],[12.5229,55.65135],[12.52858,55.65196],[12.53614,55.65405],[12.53773,55.65517],[12.53826,55.65567],[12.53846,55.65635],[12.53865,55.65632],[12.53882,55.65629]]]},"properties":{"STRKAFS":852004,"NAVN":"Bavnehøj - Åmarken","HOVER_NAME":"Bavnehøj - Åmarken","TIB":"850","BANENR":"85","FRA_KM":2.7590000000000003,"TIL_KM":5.763,"FORKORTELSE":"Ban-Åm","BANENR_NAVN":"(København H)/(Skelbæk) - Køge","HVDSTRK_NAVN":"København H/Skelbæk - Køge","DELSTRK_NAVN":"København H/Skelbæk - Hundige","BTRTYPETEKST":"Fri Bane","BANEKLASSETEKST":"S-bane"}},{"type":"Feature","id":368272,"geometry":{"type":"Polygon","coordinates":[[[12.50446,55.64292],[12.50411,55.64246],[12.50354,55.64258],[12.49498,55.63532],[12.49426,55.63437],[12.49366,55.6345],[12.49394,55.63501],[12.49501,55.63596],[12.49946,55.63977],[12.50243,55.64199],[12.50336,55.64319],[12.50394,55.64304],[12.50446,55.64292]]]},"properties":{"STRKAFS":852005,"NAVN":"Åmarken","HOVER_NAME":"Åmarken","TIB":"850","BANENR":"85","FRA_KM":5.763,"TIL_KM":6.91,"FORKORTELSE":"Åm","BANENR_NAVN":"(København H)/(Skelbæk) - Køge","HVDSTRK_NAVN":"København H/Skelbæk - Køge","DELSTRK_NAVN":"København H/Skelbæk - Hundige","BTRTYPETEKST":"Station","BANEKLASSETEKST":"S-bane"}},{"type":"Feature","id":368273,"geometry":{"type":"Polygon","coordinates":[[[12.4828,55.62891],[12.47638,55.62753],[12.47316,55.62704],[12.46453,55.6267],[12.46188,55.62643],[12.45442,55.62527],[12.45447,55.62518],[12.45322,55.62504],[12.45073,55.62436],[12.45093,55.62417],[12.44989,55.6239],[12.44971,55.62407],[12.44001,55.62139],[12.43592,55.62065],[12.4336,55.62041],[12.42965,55.62031],[12.41519,55.62116],[12.41325,55.62137],[12.40411,55.62312],[12.39995,55.6236],[12.39999,55.62382],[12.40281,55.62354],[12.41442,55.6215],[12.41971,55.6212],[12.42238,55.62123],[12.42986,55.62054],[12.43306,55.62058],[12.43507,55.62078],[12.43713,55.62108],[12.45334,55.62542],[12.45654,55.62604],[12.46124,55.62667],[12.46536,55.627],[12.47382,55.62738],[12.47713,55.62791],[12.48921,55.63107],[12.49074,55.63175],[12.49181,55.63242],[12.49272,55.63324],[12.49366,55.6345],[12.49426,55.63437],[12.49358,55.63343],[12.49152,55.63192],[12.48993,55.63104],[12.48799,55.63034],[12.48277,55.62901],[12.4828,55.62891]]]},"properties":{"STRKAFS":852008,"NAVN":"Åmarken - Vallensbæk","HOVER_NAME":"Åmarken - Vallensbæk","TIB":"850","BANENR":"85","FRA_KM":6.91,"TIL_KM":13.297,"FORKORTELSE":"Åm-Vlb","BANENR_NAVN":"(København H)/(Skelbæk) - Køge","HVDSTRK_NAVN":"København H/Skelbæk - Køge","DELSTRK_NAVN":"København H/Skelbæk - Hundige","BTRTYPETEKST":"Fri Bane","BANEKLASSETEKST":"S-bane"}},{"type":"Feature","id":368274,"geometry":{"type":"Polygon","coordinates":[[[12.39996,55.62367],[12.39885,55.62319],[12.39798,55.62368],[12.37952,55.62286],[12.37943,55.62313],[12.39482,55.62389],[12.39831,55.62388],[12.39999,55.62382],[12.39997,55.62371],[12.39996,55.62367]]]},"properties":{"STRKAFS":852013,"NAVN":"Vallensbæk","HOVER_NAME":"Vallensbæk","TIB":"850","BANENR":"85","FRA_KM":13.297,"TIL_KM":14.593,"FORKORTELSE":"Vlb","BANENR_NAVN":"(København H)/(Skelbæk) - Køge","HVDSTRK_NAVN":"København H/Skelbæk - Køge","DELSTRK_NAVN":"København H/Skelbæk - Hundige","BTRTYPETEKST":"Station","BANEKLASSETEKST":"S-bane"}},{"type":"Feature","id":368275,"geometry":{"type":"Polygon","coordinates":[[[12.21316,56.02109],[12.20761,56.02221],[12.20522,56.02303],[12.20378,56.02398],[12.2029,56.0254],[12.20333,56.02547],[12.20418,56.0241],[12.20547,56.02331],[12.20682,56.02285],[12.21332,56.0213],[12.21323,56.02119],[12.21316,56.02109]]]},"properties":{"STRKAFS":608015,"NAVN":"Helsinge","HOVER_NAME":"Helsinge","TIB":"608","BANENR":null,"FRA_KM":14.07,"TIL_KM":14.9,"FORKORTELSE":"Hlg","BANENR_NAVN":null,"HVDSTRK_NAVN":"(Kagerup) - Tisvildeleje","DELSTRK_NAVN":"(Kagerup) - Tisvildeleje","BTRTYPETEKST":"Station","BANEKLASSETEKST":"Privatbane"}},{"type":"Feature","id":368276,"geometry":{"type":"Polygon","coordinates":[[[12.38534,55.3066],[12.38578,55.30658],[12.38505,55.29533],[12.38008,55.27079],[12.38015,55.2694],[12.38044,55.26837],[12.381,55.26721],[12.38261,55.26482],[12.3828,55.2637],[12.38246,55.2629],[12.38167,55.26213],[12.37831,55.26045],[12.37802,55.26064],[12.38156,55.26246],[12.38206,55.263],[12.38236,55.26373],[12.38219,55.26475],[12.38059,55.26713],[12.38001,55.26832],[12.37971,55.26938],[12.37964,55.2708],[12.38461,55.29535],[12.38533,55.30659],[12.38534,55.3066]]]},"properties":{"STRKAFS":619014,"NAVN":"Store Heddinge - Rødvig","HOVER_NAME":"Store Heddinge - Rødvig","TIB":"619","BANENR":null,"FRA_KM":12.55,"TIL_KM":17.830000000000002,"FORKORTELSE":"Sth-Rdg","BANENR_NAVN":null,"HVDSTRK_NAVN":"(Hårlev)  -  Rødvig","DELSTRK_NAVN":"(Hårlev)  -  Rødvig","BTRTYPETEKST":"Fri Bane","BANEKLASSETEKST":"Privatbane"}},{"type":"Feature","id":368277,"geometry":{"type":"Polygon","coordinates":[[[12.37623,55.25814],[12.37554,55.25817],[12.37595,55.2593],[12.37727,55.26028],[12.37802,55.26064],[12.37831,55.26045],[12.37658,55.25938],[12.37624,55.25879],[12.37622,55.25817],[12.37623,55.25814]]]},"properties":{"STRKAFS":619017,"NAVN":"Rødvig","HOVER_NAME":"Rødvig","TIB":"619","BANENR":null,"FRA_KM":17.830000000000002,"TIL_KM":18.150000000000002,"FORKORTELSE":"Rdg","BANENR_NAVN":null,"HVDSTRK_NAVN":"(Hårlev)  -  Rødvig","DELSTRK_NAVN":"(Hårlev)  -  Rødvig","BTRTYPETEKST":"Station","BANEKLASSETEKST":"Privatbane"}},{"type":"Feature","id":368278,"geometry":{"type":"Polygon","coordinates":[[[11.84855,54.75649],[11.84846,54.7563],[11.84662,54.75677],[11.84204,54.75858],[11.83916,54.75926],[11.82921,54.76033],[11.78102,54.76886],[11.77735,54.76979],[11.77018,54.77223],[11.77042,54.77244],[11.77787,54.76991],[11.78226,54.7689],[11.82933,54.76057],[11.83954,54.75945],[11.8419,54.75884],[11.8468,54.75711],[11.84865,54.75668],[11.84855,54.75649]]]},"properties":{"STRKAFS":632002,"NAVN":"Nykøbing Falster Vest - Grænge","HOVER_NAME":"Nykøbing Falster Vest - Grænge","TIB":"632,1002","BANENR":null,"FRA_KM":1.83,"TIL_KM":7.2,"FORKORTELSE":"Nfv-Grg","BANENR_NAVN":null,"HVDSTRK_NAVN":"(Nykøbing Falster Vest) - Nakskov","DELSTRK_NAVN":"(Nykøbing Falster Vest) - Nakskov","BTRTYPETEKST":"Fri Bane","BANEKLASSETEKST":"Privatbane"}},{"type":"Feature","id":368279,"geometry":{"type":"Polygon","coordinates":[[[11.83575,54.75975],[11.83573,54.75962],[11.83403,54.75974],[11.83409,54.75999],[11.83577,54.75987],[11.83575,54.75975]]]},"properties":{"STRKAFS":632003,"NAVN":"Øster Toreby","HOVER_NAME":"Øster Toreby","TIB":"632","BANENR":null,"FRA_KM":2.8000000000000003,"TIL_KM":2.9,"FORKORTELSE":"Øto","BANENR_NAVN":null,"HVDSTRK_NAVN":"(Nykøbing Falster Vest) - Nakskov","DELSTRK_NAVN":"(Nykøbing Falster Vest) - Nakskov","BTRTYPETEKST":"Trinbræt","BANEKLASSETEKST":"Privatbane"}},{"type":"Feature","id":368280,"geometry":{"type":"Polygon","coordinates":[[[11.7703,54.77233],[11.77018,54.77223],[11.76522,54.77386],[11.75492,54.77747],[11.75516,54.77768],[11.77042,54.77244],[11.7703,54.77233]]]},"properties":{"STRKAFS":632007,"NAVN":"Grænge","HOVER_NAME":"Grænge","TIB":"632","BANENR":null,"FRA_KM":7.2,"TIL_KM":8.34,"FORKORTELSE":"Grg","BANENR_NAVN":null,"HVDSTRK_NAVN":"(Nykøbing Falster Vest) - Nakskov","DELSTRK_NAVN":"(Nykøbing Falster Vest) - Nakskov","BTRTYPETEKST":"Station","BANEKLASSETEKST":"Privatbane"}},{"type":"Feature","id":368281,"geometry":{"type":"Polygon","coordinates":[[[9.95393,57.49439],[9.95375,57.49431],[9.94876,57.49753],[9.94767,57.49883],[9.94725,57.50007],[9.94729,57.5012],[9.95116,57.5266],[9.95091,57.528],[9.94963,57.52981],[9.9493,57.53053],[9.94977,57.53055],[9.95018,57.52974],[9.95126,57.52828],[9.95152,57.52763],[9.95162,57.5266],[9.94776,57.50118],[9.94772,57.50009],[9.94811,57.49891],[9.94915,57.49767],[9.95411,57.49448],[9.95393,57.49439]]]},"properties":{"STRKAFS":668008,"NAVN":"Langholm - Tornby","HOVER_NAME":"Langholm - Tornby","TIB":"668","BANENR":null,"FRA_KM":5.885000000000001,"TIL_KM":10.062000000000001,"FORKORTELSE":"Lgh-Tnb","BANENR_NAVN":null,"HVDSTRK_NAVN":"Hjørring - Hirtshals","DELSTRK_NAVN":"Hjørring - Hirtshals","BTRTYPETEKST":"Fri Bane","BANEKLASSETEKST":"Privatbane"}},{"type":"Feature","id":368282,"geometry":{"type":"Polygon","coordinates":[[[9.94954,57.53054],[9.9493,57.53053],[9.94917,57.5314],[9.9497,57.53718],[9.95017,57.53716],[9.94995,57.5336],[9.94965,57.5316],[9.94977,57.53055],[9.94954,57.53054]]]},"properties":{"STRKAFS":668011,"NAVN":"Tornby","HOVER_NAME":"Tornby","TIB":"668","BANENR":null,"FRA_KM":10.062000000000001,"TIL_KM":10.8,"FORKORTELSE":"Tnb","BANENR_NAVN":null,"HVDSTRK_NAVN":"Hjørring - Hirtshals","DELSTRK_NAVN":"Hjørring - Hirtshals","BTRTYPETEKST":"Station","BANEKLASSETEKST":"Privatbane"}},{"type":"Feature","id":368283,"geometry":{"type":"Polygon","coordinates":[[[9.95017,57.53716],[9.9497,57.53718],[9.95008,57.5387],[9.9509,57.54011],[9.95171,57.54103],[9.97019,57.55661],[9.97109,57.55753],[9.97162,57.55833],[9.97376,57.56222],[9.97849,57.57527],[9.97847,57.57714],[9.97653,57.58394],[9.97699,57.58397],[9.97894,57.57717],[9.97896,57.57525],[9.97422,57.56216],[9.97207,57.55826],[9.97152,57.55742],[9.97058,57.55647],[9.95241,57.5412],[9.95087,57.53929],[9.95042,57.53832],[9.95017,57.53716],[9.95017,57.53716]]]},"properties":{"STRKAFS":668012,"NAVN":"Tornby - Hirtshals","HOVER_NAME":"Tornby - Hirtshals","TIB":"668","BANENR":null,"FRA_KM":10.8,"TIL_KM":16.425,"FORKORTELSE":"Tnb-Hhs","BANENR_NAVN":null,"HVDSTRK_NAVN":"Hjørring - Hirtshals","DELSTRK_NAVN":"Hjørring - Hirtshals","BTRTYPETEKST":"Fri Bane","BANEKLASSETEKST":"Privatbane"}},{"type":"Feature","id":368284,"geometry":{"type":"Polygon","coordinates":[[[9.96325,57.4599],[9.96304,57.45985],[9.96252,57.46044],[9.96296,57.46053],[9.96347,57.45995],[9.96325,57.4599]]]},"properties":{"STRKAFS":668015,"NAVN":"Teglgårdsvej","HOVER_NAME":"Teglgårdsvej","TIB":"668","BANENR":null,"FRA_KM":1.58,"TIL_KM":1.6500000000000001,"FORKORTELSE":"Tgv","BANENR_NAVN":null,"HVDSTRK_NAVN":"Hjørring - Hirtshals","DELSTRK_NAVN":"Hjørring - Hirtshals","BTRTYPETEKST":"Trinbræt","BANEKLASSETEKST":"Privatbane"}},{"type":"Feature","id":368285,"geometry":{"type":"Polygon","coordinates":[[[12.35397,55.60944],[12.3504,55.60629],[12.34828,55.60496],[12.34609,55.60399],[12.34587,55.60417],[12.34734,55.60478],[12.34978,55.60615],[12.35092,55.60704],[12.35304,55.6091],[12.34416,55.60422],[12.34381,55.60426],[12.35273,55.60924],[12.35668,55.61247],[12.35774,55.61363],[12.36226,55.61765],[12.36546,55.61971],[12.36843,55.62103],[12.37196,55.6221],[12.37578,55.62282],[12.37943,55.62313],[12.37952,55.62286],[12.37389,55.62225],[12.37091,55.62156],[12.36814,55.62064],[12.36567,55.61947],[12.3634,55.61806],[12.36223,55.61715],[12.35932,55.61443],[12.35844,55.61342],[12.35447,55.60993],[12.35397,55.60944]]]},"properties":{"STRKAFS":852016,"NAVN":"Vallensbæk - Hundige","HOVER_NAME":"Vallensbæk - Hundige","TIB":"850","BANENR":"85","FRA_KM":14.593,"TIL_KM":17.772000000000002,"FORKORTELSE":"Vlb-Und","BANENR_NAVN":"(København H)/(Skelbæk) - Køge","HVDSTRK_NAVN":"København H/Skelbæk - Køge","DELSTRK_NAVN":"København H/Skelbæk - Hundige","BTRTYPETEKST":"Fri Bane","BANEKLASSETEKST":"S-bane"}},{"type":"Feature","id":368286,"geometry":{"type":"Polygon","coordinates":[[[12.53813,55.65507],[12.53715,55.65438],[12.53686,55.65452],[12.53799,55.65541],[12.5383,55.6559],[12.53875,55.6558],[12.53843,55.65536],[12.53813,55.65507]]]},"properties":{"STRKAFS":852043,"NAVN":"Sydhavn","HOVER_NAME":"Sydhavn","TIB":"850","BANENR":"85","FRA_KM":2.8120000000000003,"TIL_KM":2.994,"FORKORTELSE":"Syv","BANENR_NAVN":"(København H)/(Skelbæk) - Køge","HVDSTRK_NAVN":"København H/Skelbæk - Køge","DELSTRK_NAVN":"København H/Skelbæk - Hundige","BTRTYPETEKST":"Trinbræt","BANEKLASSETEKST":"S-bane"}},{"type":"Feature","id":368287,"geometry":{"type":"Polygon","coordinates":[[[12.52411,55.65123],[12.52398,55.6514],[12.52679,55.65172],[12.52686,55.65145],[12.52513,55.65131],[12.52411,55.65123]]]},"properties":{"STRKAFS":852045,"NAVN":"Sjælør","HOVER_NAME":"Sjælør","TIB":"850","BANENR":"85","FRA_KM":3.717,"TIL_KM":3.898,"FORKORTELSE":"Sjæ","BANENR_NAVN":"(København H)/(Skelbæk) - Køge","HVDSTRK_NAVN":"København H/Skelbæk - Køge","DELSTRK_NAVN":"København H/Skelbæk - Hundige","BTRTYPETEKST":"Trinbræt","BANEKLASSETEKST":"S-bane"}},{"type":"Feature","id":368288,"geometry":{"type":"Polygon","coordinates":[[[12.51758,55.65241],[12.51746,55.65217],[12.51588,55.6523],[12.51474,55.65204],[12.51454,55.65239],[12.51673,55.65239],[12.51707,55.65251],[12.51758,55.65241]]]},"properties":{"STRKAFS":852049,"NAVN":"København Syd","HOVER_NAME":"København Syd","TIB":"850","BANENR":"85","FRA_KM":4.328,"TIL_KM":4.511,"FORKORTELSE":"Nel","BANENR_NAVN":"(København H)/(Skelbæk) - Køge","HVDSTRK_NAVN":"København H/Skelbæk - Køge","DELSTRK_NAVN":"København H/Skelbæk - Hundige","BTRTYPETEKST":"Trinbræt","BANEKLASSETEKST":"S-bane"}},{"type":"Feature","id":368289,"geometry":{"type":"Polygon","coordinates":[[[12.4828,55.62891],[12.4826,55.62887],[12.48228,55.62929],[12.48478,55.62987],[12.48499,55.6296],[12.48277,55.62901],[12.4828,55.62891]]]},"properties":{"STRKAFS":852091,"NAVN":"Friheden","HOVER_NAME":"Friheden","TIB":"850","BANENR":"85","FRA_KM":7.711,"TIL_KM":7.881,"FORKORTELSE":"Frh","BANENR_NAVN":"(København H)/(Skelbæk) - Køge","HVDSTRK_NAVN":"København H/Skelbæk - Køge","DELSTRK_NAVN":"København H/Skelbæk - Hundige","BTRTYPETEKST":"Trinbræt","BANEKLASSETEKST":"S-bane"}},{"type":"Feature","id":368290,"geometry":{"type":"Polygon","coordinates":[[[12.45447,55.62518],[12.45412,55.6251],[12.45395,55.62536],[12.45428,55.62543],[12.45415,55.62559],[12.45674,55.62607],[12.45692,55.62568],[12.45442,55.62527],[12.45447,55.62518]]]},"properties":{"STRKAFS":852097,"NAVN":"Avedøre","HOVER_NAME":"Avedøre","TIB":"850","BANENR":"85","FRA_KM":9.546000000000001,"TIL_KM":9.738000000000001,"FORKORTELSE":"Avø","BANENR_NAVN":"(København H)/(Skelbæk) - Køge","HVDSTRK_NAVN":"København H/Skelbæk - Køge","DELSTRK_NAVN":"København H/Skelbæk - Hundige","BTRTYPETEKST":"Trinbræt","BANEKLASSETEKST":"S-bane"}},{"type":"Feature","id":368291,"geometry":{"type":"Polygon","coordinates":[[[12.42222,55.62122],[12.42215,55.62066],[12.41947,55.62088],[12.41949,55.62121],[12.42192,55.62121],[12.42222,55.62122]]]},"properties":{"STRKAFS":852119,"NAVN":"Brøndby Strand","HOVER_NAME":"Brøndby Strand","TIB":"850","BANENR":"85","FRA_KM":11.857000000000001,"TIL_KM":12.028,"FORKORTELSE":"Bsa","BANENR_NAVN":"(København H)/(Skelbæk) - Køge","HVDSTRK_NAVN":"København H/Skelbæk - Køge","DELSTRK_NAVN":"København H/Skelbæk - Hundige","BTRTYPETEKST":"Trinbræt","BANEKLASSETEKST":"S-bane"}},{"type":"Feature","id":368292,"geometry":{"type":"Polygon","coordinates":[[[12.3577,55.61283],[12.35746,55.61264],[12.35695,55.61281],[12.35833,55.61413],[12.35887,55.61394],[12.35821,55.61321],[12.3577,55.61283]]]},"properties":{"STRKAFS":852165,"NAVN":"Ishøj","HOVER_NAME":"Ishøj","TIB":"850","BANENR":"85","FRA_KM":16.339000000000002,"TIL_KM":16.51,"FORKORTELSE":"Ih","BANENR_NAVN":"(København H)/(Skelbæk) - Køge","HVDSTRK_NAVN":"København H/Skelbæk - Køge","DELSTRK_NAVN":"København H/Skelbæk - Hundige","BTRTYPETEKST":"Trinbræt","BANEKLASSETEKST":"S-bane"}},{"type":"Feature","id":368293,"geometry":{"type":"Polygon","coordinates":[[[12.34563,55.6045],[12.34431,55.60384],[12.34455,55.60365],[12.34587,55.60417],[12.34609,55.60399],[12.34199,55.60246],[12.33804,55.60045],[12.32787,55.593],[12.32736,55.59319],[12.33638,55.60015],[12.34035,55.60239],[12.33982,55.60269],[12.34043,55.60303],[12.34119,55.60289],[12.34381,55.60426],[12.34416,55.60422],[12.35208,55.60847],[12.35221,55.6084],[12.34961,55.60697],[12.34793,55.60576],[12.34658,55.60504],[12.34563,55.6045]]]},"properties":{"STRKAFS":853000,"NAVN":"Hundige","HOVER_NAME":"Hundige","TIB":"850","BANENR":"85","FRA_KM":17.772000000000002,"TIL_KM":19.384,"FORKORTELSE":"Und","BANENR_NAVN":"(København H)/(Skelbæk) - Køge","HVDSTRK_NAVN":"København H/Skelbæk - Køge","DELSTRK_NAVN":"Hundige","BTRTYPETEKST":"Station","BANEKLASSETEKST":"S-bane"}},{"type":"Feature","id":368294,"geometry":{"type":"Polygon","coordinates":[[[12.20312,56.02543],[12.2029,56.0254],[12.20182,56.02678],[12.20054,56.02763],[12.19453,56.02964],[12.19273,56.0305],[12.19108,56.03156],[12.18796,56.03406],[12.17433,56.04754],[12.17173,56.05001],[12.17028,56.05106],[12.15422,56.06018],[12.15179,56.06082],[12.14127,56.06208],[12.14136,56.06233],[12.15191,56.06106],[12.15438,56.06042],[12.1703,56.05141],[12.17245,56.04984],[12.1801,56.04249],[12.18389,56.03847],[12.18943,56.03328],[12.1919,56.03138],[12.19385,56.03027],[12.19623,56.02932],[12.19974,56.02829],[12.20114,56.02765],[12.20247,56.02667],[12.20333,56.02547],[12.20312,56.02543]]]},"properties":{"STRKAFS":608016,"NAVN":"Helsinge - Vejby","HOVER_NAME":"Helsinge - Vejby","TIB":"608","BANENR":null,"FRA_KM":14.9,"TIL_KM":20.76,"FORKORTELSE":"Hlg-Vej","BANENR_NAVN":null,"HVDSTRK_NAVN":"(Kagerup) - Tisvildeleje","DELSTRK_NAVN":"(Kagerup) - Tisvildeleje","BTRTYPETEKST":"Fri Bane","BANEKLASSETEKST":"Privatbane"}},{"type":"Feature","id":368295,"geometry":{"type":"Polygon","coordinates":[[[12.16337,56.05521],[12.1632,56.05512],[12.16218,56.05571],[12.1625,56.05589],[12.16353,56.0553],[12.16337,56.05521]]]},"properties":{"STRKAFS":608019,"NAVN":"Ørby","HOVER_NAME":"Ørby","TIB":"608","BANENR":null,"FRA_KM":19.11,"TIL_KM":19.2,"FORKORTELSE":"Øbg","BANENR_NAVN":null,"HVDSTRK_NAVN":"(Kagerup) - Tisvildeleje","DELSTRK_NAVN":"(Kagerup) - Tisvildeleje","BTRTYPETEKST":"Trinbræt","BANEKLASSETEKST":"Privatbane"}},{"type":"Feature","id":368296,"geometry":{"type":"Polygon","coordinates":[[[12.14136,56.06233],[12.14127,56.06208],[12.13723,56.06239],[12.13392,56.06231],[12.13112,56.06189],[12.13097,56.06213],[12.13568,56.06269],[12.13781,56.06267],[12.14133,56.06233],[12.14136,56.06233]]]},"properties":{"STRKAFS":608021,"NAVN":"Vejby","HOVER_NAME":"Vejby","TIB":"608","BANENR":null,"FRA_KM":20.76,"TIL_KM":21.41,"FORKORTELSE":"Vej","BANENR_NAVN":null,"HVDSTRK_NAVN":"(Kagerup) - Tisvildeleje","DELSTRK_NAVN":"(Kagerup) - Tisvildeleje","BTRTYPETEKST":"Station","BANEKLASSETEKST":"Privatbane"}},{"type":"Feature","id":368297,"geometry":{"type":"Polygon","coordinates":[[[12.11858,56.05947],[12.1148,56.05929],[12.09032,56.06003],[12.08468,56.05973],[12.08463,56.05998],[12.0909,56.06028],[12.11633,56.05955],[12.12003,56.05993],[12.13097,56.06213],[12.13112,56.06189],[12.11859,56.05947],[12.11858,56.05947]]]},"properties":{"STRKAFS":608022,"NAVN":"Vejby - Tisvildeleje","HOVER_NAME":"Vejby - Tisvildeleje","TIB":"608","BANENR":null,"FRA_KM":21.41,"TIL_KM":24.35,"FORKORTELSE":"Vej-Tvl","BANENR_NAVN":null,"HVDSTRK_NAVN":"(Kagerup) - Tisvildeleje","DELSTRK_NAVN":"(Kagerup) - Tisvildeleje","BTRTYPETEKST":"Fri Bane","BANEKLASSETEKST":"Privatbane"}},{"type":"Feature","id":368298,"geometry":{"type":"Polygon","coordinates":[[[11.75504,54.77758],[11.75492,54.77747],[11.7346,54.78444],[11.73174,54.78524],[11.69194,54.79247],[11.68751,54.79304],[11.64913,54.79594],[11.64914,54.79619],[11.68757,54.79328],[11.69207,54.79271],[11.7319,54.78547],[11.73482,54.78466],[11.75516,54.77768],[11.75504,54.77758]]]},"properties":{"STRKAFS":632010,"NAVN":"Grænge - Sakskøbing","HOVER_NAME":"Grænge - Sakskøbing","TIB":"632","BANENR":null,"FRA_KM":8.34,"TIL_KM":15.55,"FORKORTELSE":"Grg-Sx","BANENR_NAVN":null,"HVDSTRK_NAVN":"(Nykøbing Falster Vest) - Nakskov","DELSTRK_NAVN":"(Nykøbing Falster Vest) - Nakskov","BTRTYPETEKST":"Fri Bane","BANEKLASSETEKST":"Privatbane"}},{"type":"Feature","id":368299,"geometry":{"type":"Polygon","coordinates":[[[11.64663,54.79638],[11.64914,54.79619],[11.64912,54.79594],[11.64077,54.79651],[11.62192,54.79629],[11.62188,54.79654],[11.6403,54.79677],[11.64641,54.7964],[11.64663,54.79638]]]},"properties":{"STRKAFS":632017,"NAVN":"Sakskøbing","HOVER_NAME":"Sakskøbing","TIB":"632","BANENR":null,"FRA_KM":15.55,"TIL_KM":17.31,"FORKORTELSE":"Sx","BANENR_NAVN":null,"HVDSTRK_NAVN":"(Nykøbing Falster Vest) - Nakskov","DELSTRK_NAVN":"(Nykøbing Falster Vest) - Nakskov","BTRTYPETEKST":"Station","BANEKLASSETEKST":"Privatbane"}},{"type":"Feature","id":368300,"geometry":{"type":"Polygon","coordinates":[[[11.51201,54.77842],[11.51181,54.77865],[11.57874,54.79449],[11.58212,54.79518],[11.58736,54.79575],[11.60328,54.79623],[11.62188,54.79654],[11.62192,54.79629],[11.60756,54.7961],[11.58816,54.79554],[11.58223,54.79493],[11.51441,54.77899],[11.51201,54.77842]]]},"properties":{"STRKAFS":632018,"NAVN":"Sakskøbing - Maribo","HOVER_NAME":"Sakskøbing - Maribo","TIB":"632","BANENR":null,"FRA_KM":17.31,"TIL_KM":24.75,"FORKORTELSE":"Sx-Mrb","BANENR_NAVN":null,"HVDSTRK_NAVN":"(Nykøbing Falster Vest) - Nakskov","DELSTRK_NAVN":"(Nykøbing Falster Vest) - Nakskov","BTRTYPETEKST":"Fri Bane","BANEKLASSETEKST":"Privatbane"}},{"type":"Feature","id":368301,"geometry":{"type":"Polygon","coordinates":[[[11.50602,54.777],[11.50409,54.7767],[11.50165,54.77665],[11.4955,54.77709],[11.49547,54.77734],[11.50061,54.77709],[11.50416,54.77711],[11.5071,54.77753],[11.51181,54.77865],[11.512,54.77842],[11.50727,54.7773],[11.50602,54.777]]]},"properties":{"STRKAFS":632025,"NAVN":"Maribo","HOVER_NAME":"Maribo","TIB":"632","BANENR":null,"FRA_KM":24.75,"TIL_KM":25.84,"FORKORTELSE":"Mrb","BANENR_NAVN":null,"HVDSTRK_NAVN":"(Nykøbing Falster Vest) - Nakskov","DELSTRK_NAVN":"(Nykøbing Falster Vest) - Nakskov","BTRTYPETEKST":"Station","BANEKLASSETEKST":"Privatbane"}}]}